2026-05-01 21:56:25,944 - INFO - TensorBoard logs will be saved to: logs/1_5_DECOUPLE_HEADS_target_F1_IoU/tensorboard_20260501_215625
/mnt/proj3/eu-26-25/hrsid_pipeline/train.py:317: FutureWarning: `torch.cuda.amp.GradScaler(args...)` is deprecated. Please use `torch.amp.GradScaler('cuda', args...)` instead.
  scaler = torch.cuda.amp.GradScaler()
2026-05-01 21:56:28,197 - INFO - 
================================================================================
PHASE SETUP: Detection + Regression (HRSID) (HRSID)
================================================================================
2026-05-01 21:56:28,198 - INFO - Backbone: Fully Unfrozen
2026-05-01 21:56:28,198 - INFO - Detector: Unfrozen
2026-05-01 21:56:28,198 - INFO - Attribute Heads: Regression UNFROZEN, Classification FROZEN
2026-05-01 21:56:37,535 - INFO - Epoch 1 [0/729] - Loss: 1.5118
2026-05-01 21:56:41,161 - INFO - Epoch 1 [10/729] - Loss: 1.5781
2026-05-01 21:56:44,768 - INFO - Epoch 1 [20/729] - Loss: 1.5646
2026-05-01 21:56:48,378 - INFO - Epoch 1 [30/729] - Loss: 1.5717
2026-05-01 21:56:52,124 - INFO - Epoch 1 [40/729] - Loss: 1.4475
2026-05-01 21:56:55,543 - INFO - Epoch 1 [50/729] - Loss: 1.3551
2026-05-01 21:56:58,958 - INFO - Epoch 1 [60/729] - Loss: 1.3052
2026-05-01 21:57:02,380 - INFO - Epoch 1 [70/729] - Loss: 1.2467
2026-05-01 21:57:05,785 - INFO - Epoch 1 [80/729] - Loss: 1.2191
2026-05-01 21:57:09,187 - INFO - Epoch 1 [90/729] - Loss: 1.1885
2026-05-01 21:57:12,622 - INFO - Epoch 1 [100/729] - Loss: 1.1734
2026-05-01 21:57:16,038 - INFO - Epoch 1 [110/729] - Loss: 1.1505
2026-05-01 21:57:19,441 - INFO - Epoch 1 [120/729] - Loss: 1.1243
2026-05-01 21:57:22,861 - INFO - Epoch 1 [130/729] - Loss: 1.1104
2026-05-01 21:57:26,287 - INFO - Epoch 1 [140/729] - Loss: 1.0926
2026-05-01 21:57:29,714 - INFO - Epoch 1 [150/729] - Loss: 1.0736
2026-05-01 21:57:33,143 - INFO - Epoch 1 [160/729] - Loss: 1.0629
2026-05-01 21:57:36,544 - INFO - Epoch 1 [170/729] - Loss: 1.0434
2026-05-01 21:57:39,951 - INFO - Epoch 1 [180/729] - Loss: 1.0358
2026-05-01 21:57:43,357 - INFO - Epoch 1 [190/729] - Loss: 1.0237
2026-05-01 21:57:46,776 - INFO - Epoch 1 [200/729] - Loss: 1.0107
2026-05-01 21:57:50,200 - INFO - Epoch 1 [210/729] - Loss: 0.9982
2026-05-01 21:57:53,624 - INFO - Epoch 1 [220/729] - Loss: 0.9899
2026-05-01 21:57:57,114 - INFO - Epoch 1 [230/729] - Loss: 0.9835
2026-05-01 21:58:00,621 - INFO - Epoch 1 [240/729] - Loss: 0.9731
2026-05-01 21:58:04,110 - INFO - Epoch 1 [250/729] - Loss: 0.9666
2026-05-01 21:58:07,554 - INFO - Epoch 1 [260/729] - Loss: 0.9644
2026-05-01 21:58:10,969 - INFO - Epoch 1 [270/729] - Loss: 0.9577
2026-05-01 21:58:14,372 - INFO - Epoch 1 [280/729] - Loss: 0.9494
2026-05-01 21:58:17,805 - INFO - Epoch 1 [290/729] - Loss: 0.9400
2026-05-01 21:58:21,209 - INFO - Epoch 1 [300/729] - Loss: 0.9261
2026-05-01 21:58:24,639 - INFO - Epoch 1 [310/729] - Loss: 0.9177
2026-05-01 21:58:28,069 - INFO - Epoch 1 [320/729] - Loss: 0.9131
2026-05-01 21:58:31,521 - INFO - Epoch 1 [330/729] - Loss: 0.9056
2026-05-01 21:58:34,969 - INFO - Epoch 1 [340/729] - Loss: 0.8966
2026-05-01 21:58:38,417 - INFO - Epoch 1 [350/729] - Loss: 0.8862
2026-05-01 21:58:41,835 - INFO - Epoch 1 [360/729] - Loss: 0.8813
2026-05-01 21:58:45,259 - INFO - Epoch 1 [370/729] - Loss: 0.8734
2026-05-01 21:58:48,677 - INFO - Epoch 1 [380/729] - Loss: 0.8639
2026-05-01 21:58:52,080 - INFO - Epoch 1 [390/729] - Loss: 0.8591
2026-05-01 21:58:55,484 - INFO - Epoch 1 [400/729] - Loss: 0.8583
2026-05-01 21:58:58,884 - INFO - Epoch 1 [410/729] - Loss: 0.8551
2026-05-01 21:59:02,320 - INFO - Epoch 1 [420/729] - Loss: 0.8509
2026-05-01 21:59:05,719 - INFO - Epoch 1 [430/729] - Loss: 0.8475
2026-05-01 21:59:09,117 - INFO - Epoch 1 [440/729] - Loss: 0.8441
2026-05-01 21:59:12,535 - INFO - Epoch 1 [450/729] - Loss: 0.8423
2026-05-01 21:59:15,960 - INFO - Epoch 1 [460/729] - Loss: 0.8380
2026-05-01 21:59:19,404 - INFO - Epoch 1 [470/729] - Loss: 0.8339
2026-05-01 21:59:22,827 - INFO - Epoch 1 [480/729] - Loss: 0.8268
2026-05-01 21:59:26,274 - INFO - Epoch 1 [490/729] - Loss: 0.8218
2026-05-01 21:59:29,690 - INFO - Epoch 1 [500/729] - Loss: 0.8149
2026-05-01 21:59:33,108 - INFO - Epoch 1 [510/729] - Loss: 0.8117
2026-05-01 21:59:36,523 - INFO - Epoch 1 [520/729] - Loss: 0.8090
2026-05-01 21:59:39,927 - INFO - Epoch 1 [530/729] - Loss: 0.8053
2026-05-01 21:59:43,342 - INFO - Epoch 1 [540/729] - Loss: 0.8028
2026-05-01 21:59:46,756 - INFO - Epoch 1 [550/729] - Loss: 0.7999
2026-05-01 21:59:50,184 - INFO - Epoch 1 [560/729] - Loss: 0.7995
2026-05-01 21:59:53,593 - INFO - Epoch 1 [570/729] - Loss: 0.7948
2026-05-01 21:59:57,019 - INFO - Epoch 1 [580/729] - Loss: 0.7906
2026-05-01 22:00:00,441 - INFO - Epoch 1 [590/729] - Loss: 0.7842
2026-05-01 22:00:03,880 - INFO - Epoch 1 [600/729] - Loss: 0.7810
2026-05-01 22:00:07,307 - INFO - Epoch 1 [610/729] - Loss: 0.7763
2026-05-01 22:00:10,753 - INFO - Epoch 1 [620/729] - Loss: 0.7746
2026-05-01 22:00:14,194 - INFO - Epoch 1 [630/729] - Loss: 0.7714
2026-05-01 22:00:17,633 - INFO - Epoch 1 [640/729] - Loss: 0.7676
2026-05-01 22:00:21,064 - INFO - Epoch 1 [650/729] - Loss: 0.7641
2026-05-01 22:00:24,501 - INFO - Epoch 1 [660/729] - Loss: 0.7612
2026-05-01 22:00:27,935 - INFO - Epoch 1 [670/729] - Loss: 0.7582
2026-05-01 22:00:31,367 - INFO - Epoch 1 [680/729] - Loss: 0.7559
2026-05-01 22:00:34,790 - INFO - Epoch 1 [690/729] - Loss: 0.7535
2026-05-01 22:00:38,219 - INFO - Epoch 1 [700/729] - Loss: 0.7513
2026-05-01 22:00:41,647 - INFO - Epoch 1 [710/729] - Loss: 0.7486
2026-05-01 22:00:45,073 - INFO - Epoch 1 [720/729] - Loss: 0.7457
2026-05-01 22:01:32,490 - INFO - VAL Epoch 1 | Loss: 0.5524 | IoU: 0.7349 | Prec: 0.4099 | F1: 0.4324 | MAPE_L: 25.37% | MAPE_W: 39.85%
2026-05-01 22:01:32,837 - INFO -     [!] New Best Model Saved!
2026-05-01 22:01:33,622 - INFO - Epoch 2 [0/729] - Loss: 0.4633
2026-05-01 22:01:37,057 - INFO - Epoch 2 [10/729] - Loss: 0.5185
2026-05-01 22:01:40,516 - INFO - Epoch 2 [20/729] - Loss: 0.5810
2026-05-01 22:01:43,962 - INFO - Epoch 2 [30/729] - Loss: 0.5867
2026-05-01 22:01:47,401 - INFO - Epoch 2 [40/729] - Loss: 0.5704
2026-05-01 22:01:50,840 - INFO - Epoch 2 [50/729] - Loss: 0.5456
2026-05-01 22:01:54,274 - INFO - Epoch 2 [60/729] - Loss: 0.5258
2026-05-01 22:01:57,716 - INFO - Epoch 2 [70/729] - Loss: 0.5172
2026-05-01 22:02:01,167 - INFO - Epoch 2 [80/729] - Loss: 0.5283
2026-05-01 22:02:04,608 - INFO - Epoch 2 [90/729] - Loss: 0.5475
2026-05-01 22:02:08,056 - INFO - Epoch 2 [100/729] - Loss: 0.5487
2026-05-01 22:02:11,492 - INFO - Epoch 2 [110/729] - Loss: 0.5518
2026-05-01 22:02:14,932 - INFO - Epoch 2 [120/729] - Loss: 0.5434
2026-05-01 22:02:18,372 - INFO - Epoch 2 [130/729] - Loss: 0.5387
2026-05-01 22:02:21,814 - INFO - Epoch 2 [140/729] - Loss: 0.5352
2026-05-01 22:02:25,252 - INFO - Epoch 2 [150/729] - Loss: 0.5301
2026-05-01 22:02:28,694 - INFO - Epoch 2 [160/729] - Loss: 0.5294
2026-05-01 22:02:32,125 - INFO - Epoch 2 [170/729] - Loss: 0.5214
2026-05-01 22:02:35,553 - INFO - Epoch 2 [180/729] - Loss: 0.5148
2026-05-01 22:02:39,006 - INFO - Epoch 2 [190/729] - Loss: 0.5148
2026-05-01 22:02:42,442 - INFO - Epoch 2 [200/729] - Loss: 0.5113
2026-05-01 22:02:45,877 - INFO - Epoch 2 [210/729] - Loss: 0.5082
2026-05-01 22:02:49,323 - INFO - Epoch 2 [220/729] - Loss: 0.5079
2026-05-01 22:02:52,760 - INFO - Epoch 2 [230/729] - Loss: 0.5055
2026-05-01 22:02:56,205 - INFO - Epoch 2 [240/729] - Loss: 0.5052
2026-05-01 22:02:59,640 - INFO - Epoch 2 [250/729] - Loss: 0.5061
2026-05-01 22:03:03,078 - INFO - Epoch 2 [260/729] - Loss: 0.5023
2026-05-01 22:03:06,512 - INFO - Epoch 2 [270/729] - Loss: 0.4977
2026-05-01 22:03:09,947 - INFO - Epoch 2 [280/729] - Loss: 0.4954
2026-05-01 22:03:13,413 - INFO - Epoch 2 [290/729] - Loss: 0.4939
2026-05-01 22:03:16,855 - INFO - Epoch 2 [300/729] - Loss: 0.4906
2026-05-01 22:03:20,290 - INFO - Epoch 2 [310/729] - Loss: 0.4877
2026-05-01 22:03:23,724 - INFO - Epoch 2 [320/729] - Loss: 0.4895
2026-05-01 22:03:27,161 - INFO - Epoch 2 [330/729] - Loss: 0.4906
2026-05-01 22:03:30,608 - INFO - Epoch 2 [340/729] - Loss: 0.4892
2026-05-01 22:03:34,068 - INFO - Epoch 2 [350/729] - Loss: 0.4905
2026-05-01 22:03:37,522 - INFO - Epoch 2 [360/729] - Loss: 0.4930
2026-05-01 22:03:40,959 - INFO - Epoch 2 [370/729] - Loss: 0.4912
2026-05-01 22:03:44,403 - INFO - Epoch 2 [380/729] - Loss: 0.4904
2026-05-01 22:03:47,839 - INFO - Epoch 2 [390/729] - Loss: 0.4883
2026-05-01 22:03:51,282 - INFO - Epoch 2 [400/729] - Loss: 0.4895
2026-05-01 22:03:54,717 - INFO - Epoch 2 [410/729] - Loss: 0.4871
2026-05-01 22:03:58,159 - INFO - Epoch 2 [420/729] - Loss: 0.4856
2026-05-01 22:04:01,594 - INFO - Epoch 2 [430/729] - Loss: 0.4851
2026-05-01 22:04:05,032 - INFO - Epoch 2 [440/729] - Loss: 0.4836
2026-05-01 22:04:08,475 - INFO - Epoch 2 [450/729] - Loss: 0.4808
2026-05-01 22:04:11,910 - INFO - Epoch 2 [460/729] - Loss: 0.4793
2026-05-01 22:04:15,343 - INFO - Epoch 2 [470/729] - Loss: 0.4773
2026-05-01 22:04:18,783 - INFO - Epoch 2 [480/729] - Loss: 0.4777
2026-05-01 22:04:22,215 - INFO - Epoch 2 [490/729] - Loss: 0.4762
2026-05-01 22:04:25,650 - INFO - Epoch 2 [500/729] - Loss: 0.4767
2026-05-01 22:04:29,084 - INFO - Epoch 2 [510/729] - Loss: 0.4753
2026-05-01 22:04:32,524 - INFO - Epoch 2 [520/729] - Loss: 0.4768
2026-05-01 22:04:35,971 - INFO - Epoch 2 [530/729] - Loss: 0.4766
2026-05-01 22:04:39,401 - INFO - Epoch 2 [540/729] - Loss: 0.4757
2026-05-01 22:04:42,857 - INFO - Epoch 2 [550/729] - Loss: 0.4768
2026-05-01 22:04:46,292 - INFO - Epoch 2 [560/729] - Loss: 0.4757
2026-05-01 22:04:49,724 - INFO - Epoch 2 [570/729] - Loss: 0.4751
2026-05-01 22:04:53,155 - INFO - Epoch 2 [580/729] - Loss: 0.4739
2026-05-01 22:04:56,586 - INFO - Epoch 2 [590/729] - Loss: 0.4721
2026-05-01 22:05:00,024 - INFO - Epoch 2 [600/729] - Loss: 0.4719
2026-05-01 22:05:03,480 - INFO - Epoch 2 [610/729] - Loss: 0.4716
2026-05-01 22:05:06,902 - INFO - Epoch 2 [620/729] - Loss: 0.4697
2026-05-01 22:05:10,340 - INFO - Epoch 2 [630/729] - Loss: 0.4692
2026-05-01 22:05:13,774 - INFO - Epoch 2 [640/729] - Loss: 0.4671
2026-05-01 22:05:17,210 - INFO - Epoch 2 [650/729] - Loss: 0.4668
2026-05-01 22:05:20,648 - INFO - Epoch 2 [660/729] - Loss: 0.4685
2026-05-01 22:05:24,080 - INFO - Epoch 2 [670/729] - Loss: 0.4673
2026-05-01 22:05:27,520 - INFO - Epoch 2 [680/729] - Loss: 0.4668
2026-05-01 22:05:30,957 - INFO - Epoch 2 [690/729] - Loss: 0.4671
2026-05-01 22:05:34,386 - INFO - Epoch 2 [700/729] - Loss: 0.4656
2026-05-01 22:05:37,825 - INFO - Epoch 2 [710/729] - Loss: 0.4644
2026-05-01 22:05:41,262 - INFO - Epoch 2 [720/729] - Loss: 0.4632
2026-05-01 22:06:27,984 - INFO - VAL Epoch 2 | Loss: 0.4566 | IoU: 0.8079 | Prec: 0.6178 | F1: 0.6144 | MAPE_L: 15.79% | MAPE_W: 33.27%
2026-05-01 22:06:28,374 - INFO -     [!] New Best Model Saved!
2026-05-01 22:06:29,097 - INFO - Epoch 3 [0/729] - Loss: 0.7293
2026-05-01 22:06:32,549 - INFO - Epoch 3 [10/729] - Loss: 0.4857
2026-05-01 22:06:35,996 - INFO - Epoch 3 [20/729] - Loss: 0.4437
2026-05-01 22:06:39,448 - INFO - Epoch 3 [30/729] - Loss: 0.4447
2026-05-01 22:06:42,897 - INFO - Epoch 3 [40/729] - Loss: 0.4305
2026-05-01 22:06:46,345 - INFO - Epoch 3 [50/729] - Loss: 0.4306
2026-05-01 22:06:49,792 - INFO - Epoch 3 [60/729] - Loss: 0.4329
2026-05-01 22:06:53,254 - INFO - Epoch 3 [70/729] - Loss: 0.4355
2026-05-01 22:06:56,709 - INFO - Epoch 3 [80/729] - Loss: 0.4616
2026-05-01 22:07:00,188 - INFO - Epoch 3 [90/729] - Loss: 0.4562
2026-05-01 22:07:03,650 - INFO - Epoch 3 [100/729] - Loss: 0.4611
2026-05-01 22:07:07,093 - INFO - Epoch 3 [110/729] - Loss: 0.4508
2026-05-01 22:07:10,539 - INFO - Epoch 3 [120/729] - Loss: 0.4462
2026-05-01 22:07:13,992 - INFO - Epoch 3 [130/729] - Loss: 0.4398
2026-05-01 22:07:17,440 - INFO - Epoch 3 [140/729] - Loss: 0.4324
2026-05-01 22:07:20,896 - INFO - Epoch 3 [150/729] - Loss: 0.4311
2026-05-01 22:07:24,354 - INFO - Epoch 3 [160/729] - Loss: 0.4276
2026-05-01 22:07:27,799 - INFO - Epoch 3 [170/729] - Loss: 0.4256
2026-05-01 22:07:31,275 - INFO - Epoch 3 [180/729] - Loss: 0.4250
2026-05-01 22:07:34,728 - INFO - Epoch 3 [190/729] - Loss: 0.4251
2026-05-01 22:07:38,195 - INFO - Epoch 3 [200/729] - Loss: 0.4245
2026-05-01 22:07:41,642 - INFO - Epoch 3 [210/729] - Loss: 0.4237
2026-05-01 22:07:45,096 - INFO - Epoch 3 [220/729] - Loss: 0.4277
2026-05-01 22:07:48,561 - INFO - Epoch 3 [230/729] - Loss: 0.4294
2026-05-01 22:07:52,009 - INFO - Epoch 3 [240/729] - Loss: 0.4283
2026-05-01 22:07:55,457 - INFO - Epoch 3 [250/729] - Loss: 0.4268
2026-05-01 22:07:58,922 - INFO - Epoch 3 [260/729] - Loss: 0.4263
2026-05-01 22:08:02,372 - INFO - Epoch 3 [270/729] - Loss: 0.4259
2026-05-01 22:08:05,822 - INFO - Epoch 3 [280/729] - Loss: 0.4262
2026-05-01 22:08:09,276 - INFO - Epoch 3 [290/729] - Loss: 0.4240
2026-05-01 22:08:12,731 - INFO - Epoch 3 [300/729] - Loss: 0.4225
2026-05-01 22:08:16,179 - INFO - Epoch 3 [310/729] - Loss: 0.4216
2026-05-01 22:08:19,631 - INFO - Epoch 3 [320/729] - Loss: 0.4210
2026-05-01 22:08:23,076 - INFO - Epoch 3 [330/729] - Loss: 0.4196
2026-05-01 22:08:26,528 - INFO - Epoch 3 [340/729] - Loss: 0.4187
2026-05-01 22:08:29,993 - INFO - Epoch 3 [350/729] - Loss: 0.4167
2026-05-01 22:08:33,458 - INFO - Epoch 3 [360/729] - Loss: 0.4160
2026-05-01 22:08:36,911 - INFO - Epoch 3 [370/729] - Loss: 0.4172
2026-05-01 22:08:40,359 - INFO - Epoch 3 [380/729] - Loss: 0.4165
2026-05-01 22:08:43,809 - INFO - Epoch 3 [390/729] - Loss: 0.4149
2026-05-01 22:08:47,254 - INFO - Epoch 3 [400/729] - Loss: 0.4128
2026-05-01 22:08:50,697 - INFO - Epoch 3 [410/729] - Loss: 0.4112
2026-05-01 22:08:54,154 - INFO - Epoch 3 [420/729] - Loss: 0.4133
2026-05-01 22:08:57,605 - INFO - Epoch 3 [430/729] - Loss: 0.4127
2026-05-01 22:09:01,051 - INFO - Epoch 3 [440/729] - Loss: 0.4140
2026-05-01 22:09:04,503 - INFO - Epoch 3 [450/729] - Loss: 0.4143
2026-05-01 22:09:07,952 - INFO - Epoch 3 [460/729] - Loss: 0.4134
2026-05-01 22:09:11,401 - INFO - Epoch 3 [470/729] - Loss: 0.4134
2026-05-01 22:09:14,851 - INFO - Epoch 3 [480/729] - Loss: 0.4124
2026-05-01 22:09:18,296 - INFO - Epoch 3 [490/729] - Loss: 0.4108
2026-05-01 22:09:21,745 - INFO - Epoch 3 [500/729] - Loss: 0.4113
2026-05-01 22:09:25,192 - INFO - Epoch 3 [510/729] - Loss: 0.4115
2026-05-01 22:09:28,647 - INFO - Epoch 3 [520/729] - Loss: 0.4108
2026-05-01 22:09:32,105 - INFO - Epoch 3 [530/729] - Loss: 0.4115
2026-05-01 22:09:35,581 - INFO - Epoch 3 [540/729] - Loss: 0.4123
2026-05-01 22:09:39,042 - INFO - Epoch 3 [550/729] - Loss: 0.4119
2026-05-01 22:09:42,494 - INFO - Epoch 3 [560/729] - Loss: 0.4117
2026-05-01 22:09:45,944 - INFO - Epoch 3 [570/729] - Loss: 0.4105
2026-05-01 22:09:49,396 - INFO - Epoch 3 [580/729] - Loss: 0.4092
2026-05-01 22:09:52,850 - INFO - Epoch 3 [590/729] - Loss: 0.4092
2026-05-01 22:09:56,305 - INFO - Epoch 3 [600/729] - Loss: 0.4085
2026-05-01 22:09:59,762 - INFO - Epoch 3 [610/729] - Loss: 0.4070
2026-05-01 22:10:03,227 - INFO - Epoch 3 [620/729] - Loss: 0.4062
2026-05-01 22:10:06,679 - INFO - Epoch 3 [630/729] - Loss: 0.4054
2026-05-01 22:10:10,136 - INFO - Epoch 3 [640/729] - Loss: 0.4044
2026-05-01 22:10:13,585 - INFO - Epoch 3 [650/729] - Loss: 0.4035
2026-05-01 22:10:17,035 - INFO - Epoch 3 [660/729] - Loss: 0.4041
2026-05-01 22:10:20,490 - INFO - Epoch 3 [670/729] - Loss: 0.4047
2026-05-01 22:10:23,968 - INFO - Epoch 3 [680/729] - Loss: 0.4053
2026-05-01 22:10:27,424 - INFO - Epoch 3 [690/729] - Loss: 0.4051
2026-05-01 22:10:30,884 - INFO - Epoch 3 [700/729] - Loss: 0.4053
2026-05-01 22:10:34,338 - INFO - Epoch 3 [710/729] - Loss: 0.4048
2026-05-01 22:10:37,791 - INFO - Epoch 3 [720/729] - Loss: 0.4041
2026-05-01 22:11:24,346 - INFO - VAL Epoch 3 | Loss: 0.4041 | IoU: 0.8355 | Prec: 0.7182 | F1: 0.6765 | MAPE_L: 14.29% | MAPE_W: 33.58%
2026-05-01 22:11:24,714 - INFO -     [!] New Best Model Saved!
2026-05-01 22:11:25,455 - INFO - Epoch 4 [0/729] - Loss: 0.2919
2026-05-01 22:11:28,910 - INFO - Epoch 4 [10/729] - Loss: 0.3837
2026-05-01 22:11:32,367 - INFO - Epoch 4 [20/729] - Loss: 0.3890
2026-05-01 22:11:35,874 - INFO - Epoch 4 [30/729] - Loss: 0.4078
2026-05-01 22:11:39,328 - INFO - Epoch 4 [40/729] - Loss: 0.4010
2026-05-01 22:11:42,777 - INFO - Epoch 4 [50/729] - Loss: 0.3958
2026-05-01 22:11:46,230 - INFO - Epoch 4 [60/729] - Loss: 0.3900
2026-05-01 22:11:49,709 - INFO - Epoch 4 [70/729] - Loss: 0.3973
2026-05-01 22:11:53,165 - INFO - Epoch 4 [80/729] - Loss: 0.4044
2026-05-01 22:11:56,622 - INFO - Epoch 4 [90/729] - Loss: 0.3975
2026-05-01 22:12:00,083 - INFO - Epoch 4 [100/729] - Loss: 0.4062
2026-05-01 22:12:03,543 - INFO - Epoch 4 [110/729] - Loss: 0.4067
2026-05-01 22:12:07,004 - INFO - Epoch 4 [120/729] - Loss: 0.4077
2026-05-01 22:12:10,455 - INFO - Epoch 4 [130/729] - Loss: 0.3983
2026-05-01 22:12:13,902 - INFO - Epoch 4 [140/729] - Loss: 0.3920
2026-05-01 22:12:17,370 - INFO - Epoch 4 [150/729] - Loss: 0.3934
2026-05-01 22:12:20,827 - INFO - Epoch 4 [160/729] - Loss: 0.3914
2026-05-01 22:12:24,281 - INFO - Epoch 4 [170/729] - Loss: 0.3927
2026-05-01 22:12:27,742 - INFO - Epoch 4 [180/729] - Loss: 0.3922
2026-05-01 22:12:31,216 - INFO - Epoch 4 [190/729] - Loss: 0.3911
2026-05-01 22:12:34,674 - INFO - Epoch 4 [200/729] - Loss: 0.3954
2026-05-01 22:12:38,131 - INFO - Epoch 4 [210/729] - Loss: 0.3984
2026-05-01 22:12:41,604 - INFO - Epoch 4 [220/729] - Loss: 0.3988
2026-05-01 22:12:45,059 - INFO - Epoch 4 [230/729] - Loss: 0.3970
2026-05-01 22:12:48,513 - INFO - Epoch 4 [240/729] - Loss: 0.3936
2026-05-01 22:12:51,974 - INFO - Epoch 4 [250/729] - Loss: 0.3945
2026-05-01 22:12:55,433 - INFO - Epoch 4 [260/729] - Loss: 0.3928
2026-05-01 22:12:58,886 - INFO - Epoch 4 [270/729] - Loss: 0.3934
2026-05-01 22:13:02,344 - INFO - Epoch 4 [280/729] - Loss: 0.3937
2026-05-01 22:13:05,808 - INFO - Epoch 4 [290/729] - Loss: 0.3916
2026-05-01 22:13:09,255 - INFO - Epoch 4 [300/729] - Loss: 0.3902
2026-05-01 22:13:12,709 - INFO - Epoch 4 [310/729] - Loss: 0.3910
2026-05-01 22:13:16,165 - INFO - Epoch 4 [320/729] - Loss: 0.3895
2026-05-01 22:13:19,613 - INFO - Epoch 4 [330/729] - Loss: 0.3899
2026-05-01 22:13:23,071 - INFO - Epoch 4 [340/729] - Loss: 0.3916
2026-05-01 22:13:26,528 - INFO - Epoch 4 [350/729] - Loss: 0.3904
2026-05-01 22:13:29,990 - INFO - Epoch 4 [360/729] - Loss: 0.3905
2026-05-01 22:13:33,444 - INFO - Epoch 4 [370/729] - Loss: 0.3895
2026-05-01 22:13:36,902 - INFO - Epoch 4 [380/729] - Loss: 0.3894
2026-05-01 22:13:40,355 - INFO - Epoch 4 [390/729] - Loss: 0.3865
2026-05-01 22:13:43,801 - INFO - Epoch 4 [400/729] - Loss: 0.3860
2026-05-01 22:13:47,244 - INFO - Epoch 4 [410/729] - Loss: 0.3841
2026-05-01 22:13:50,706 - INFO - Epoch 4 [420/729] - Loss: 0.3850
2026-05-01 22:13:54,157 - INFO - Epoch 4 [430/729] - Loss: 0.3858
2026-05-01 22:13:57,607 - INFO - Epoch 4 [440/729] - Loss: 0.3851
2026-05-01 22:14:01,065 - INFO - Epoch 4 [450/729] - Loss: 0.3853
2026-05-01 22:14:04,510 - INFO - Epoch 4 [460/729] - Loss: 0.3861
2026-05-01 22:14:07,960 - INFO - Epoch 4 [470/729] - Loss: 0.3864
2026-05-01 22:14:11,409 - INFO - Epoch 4 [480/729] - Loss: 0.3840
2026-05-01 22:14:14,861 - INFO - Epoch 4 [490/729] - Loss: 0.3840
2026-05-01 22:14:18,307 - INFO - Epoch 4 [500/729] - Loss: 0.3834
2026-05-01 22:14:21,758 - INFO - Epoch 4 [510/729] - Loss: 0.3831
2026-05-01 22:14:25,216 - INFO - Epoch 4 [520/729] - Loss: 0.3826
2026-05-01 22:14:28,658 - INFO - Epoch 4 [530/729] - Loss: 0.3816
2026-05-01 22:14:32,103 - INFO - Epoch 4 [540/729] - Loss: 0.3804
2026-05-01 22:14:35,553 - INFO - Epoch 4 [550/729] - Loss: 0.3800
2026-05-01 22:14:39,004 - INFO - Epoch 4 [560/729] - Loss: 0.3802
2026-05-01 22:14:42,449 - INFO - Epoch 4 [570/729] - Loss: 0.3810
2026-05-01 22:14:45,908 - INFO - Epoch 4 [580/729] - Loss: 0.3823
2026-05-01 22:14:49,360 - INFO - Epoch 4 [590/729] - Loss: 0.3835
2026-05-01 22:14:52,810 - INFO - Epoch 4 [600/729] - Loss: 0.3841
2026-05-01 22:14:56,256 - INFO - Epoch 4 [610/729] - Loss: 0.3828
2026-05-01 22:14:59,727 - INFO - Epoch 4 [620/729] - Loss: 0.3829
2026-05-01 22:15:03,182 - INFO - Epoch 4 [630/729] - Loss: 0.3830
2026-05-01 22:15:06,634 - INFO - Epoch 4 [640/729] - Loss: 0.3828
2026-05-01 22:15:10,087 - INFO - Epoch 4 [650/729] - Loss: 0.3835
2026-05-01 22:15:13,534 - INFO - Epoch 4 [660/729] - Loss: 0.3826
2026-05-01 22:15:16,976 - INFO - Epoch 4 [670/729] - Loss: 0.3812
2026-05-01 22:15:20,435 - INFO - Epoch 4 [680/729] - Loss: 0.3809
2026-05-01 22:15:23,886 - INFO - Epoch 4 [690/729] - Loss: 0.3811
2026-05-01 22:15:27,345 - INFO - Epoch 4 [700/729] - Loss: 0.3802
2026-05-01 22:15:30,816 - INFO - Epoch 4 [710/729] - Loss: 0.3804
2026-05-01 22:15:34,271 - INFO - Epoch 4 [720/729] - Loss: 0.3798
2026-05-01 22:16:20,948 - INFO - VAL Epoch 4 | Loss: 0.4157 | IoU: 0.8356 | Prec: 0.7629 | F1: 0.7025 | MAPE_L: 15.34% | MAPE_W: 34.65%
2026-05-01 22:16:21,319 - INFO -     [!] New Best Model Saved!
2026-05-01 22:16:22,051 - INFO - Epoch 5 [0/729] - Loss: 0.2594
2026-05-01 22:16:25,506 - INFO - Epoch 5 [10/729] - Loss: 0.4055
2026-05-01 22:16:28,955 - INFO - Epoch 5 [20/729] - Loss: 0.3931
2026-05-01 22:16:32,401 - INFO - Epoch 5 [30/729] - Loss: 0.3766
2026-05-01 22:16:35,860 - INFO - Epoch 5 [40/729] - Loss: 0.3728
2026-05-01 22:16:39,308 - INFO - Epoch 5 [50/729] - Loss: 0.3671
2026-05-01 22:16:42,751 - INFO - Epoch 5 [60/729] - Loss: 0.3645
2026-05-01 22:16:46,210 - INFO - Epoch 5 [70/729] - Loss: 0.3663
2026-05-01 22:16:49,665 - INFO - Epoch 5 [80/729] - Loss: 0.3662
2026-05-01 22:16:53,121 - INFO - Epoch 5 [90/729] - Loss: 0.3776
2026-05-01 22:16:56,572 - INFO - Epoch 5 [100/729] - Loss: 0.3807
2026-05-01 22:17:00,025 - INFO - Epoch 5 [110/729] - Loss: 0.3801
2026-05-01 22:17:03,488 - INFO - Epoch 5 [120/729] - Loss: 0.3810
2026-05-01 22:17:06,948 - INFO - Epoch 5 [130/729] - Loss: 0.3841
2026-05-01 22:17:10,409 - INFO - Epoch 5 [140/729] - Loss: 0.3848
2026-05-01 22:17:13,856 - INFO - Epoch 5 [150/729] - Loss: 0.3833
2026-05-01 22:17:17,306 - INFO - Epoch 5 [160/729] - Loss: 0.3771
2026-05-01 22:17:20,767 - INFO - Epoch 5 [170/729] - Loss: 0.3827
2026-05-01 22:17:24,242 - INFO - Epoch 5 [180/729] - Loss: 0.3845
2026-05-01 22:17:27,706 - INFO - Epoch 5 [190/729] - Loss: 0.3892
2026-05-01 22:17:31,161 - INFO - Epoch 5 [200/729] - Loss: 0.3882
2026-05-01 22:17:34,624 - INFO - Epoch 5 [210/729] - Loss: 0.3891
2026-05-01 22:17:38,068 - INFO - Epoch 5 [220/729] - Loss: 0.3870
2026-05-01 22:17:41,520 - INFO - Epoch 5 [230/729] - Loss: 0.3813
2026-05-01 22:17:44,969 - INFO - Epoch 5 [240/729] - Loss: 0.3778
2026-05-01 22:17:48,413 - INFO - Epoch 5 [250/729] - Loss: 0.3775
2026-05-01 22:17:51,869 - INFO - Epoch 5 [260/729] - Loss: 0.3740
2026-05-01 22:17:55,338 - INFO - Epoch 5 [270/729] - Loss: 0.3725
2026-05-01 22:17:58,792 - INFO - Epoch 5 [280/729] - Loss: 0.3740
2026-05-01 22:18:02,252 - INFO - Epoch 5 [290/729] - Loss: 0.3716
2026-05-01 22:18:05,705 - INFO - Epoch 5 [300/729] - Loss: 0.3718
2026-05-01 22:18:09,162 - INFO - Epoch 5 [310/729] - Loss: 0.3753
2026-05-01 22:18:12,613 - INFO - Epoch 5 [320/729] - Loss: 0.3744
2026-05-01 22:18:16,059 - INFO - Epoch 5 [330/729] - Loss: 0.3730
2026-05-01 22:18:19,513 - INFO - Epoch 5 [340/729] - Loss: 0.3733
2026-05-01 22:18:22,960 - INFO - Epoch 5 [350/729] - Loss: 0.3729
2026-05-01 22:18:26,414 - INFO - Epoch 5 [360/729] - Loss: 0.3713
2026-05-01 22:18:29,897 - INFO - Epoch 5 [370/729] - Loss: 0.3706
2026-05-01 22:18:33,346 - INFO - Epoch 5 [380/729] - Loss: 0.3699
2026-05-01 22:18:36,811 - INFO - Epoch 5 [390/729] - Loss: 0.3702
2026-05-01 22:18:40,267 - INFO - Epoch 5 [400/729] - Loss: 0.3694
2026-05-01 22:18:43,719 - INFO - Epoch 5 [410/729] - Loss: 0.3685
2026-05-01 22:18:47,188 - INFO - Epoch 5 [420/729] - Loss: 0.3689
2026-05-01 22:18:50,641 - INFO - Epoch 5 [430/729] - Loss: 0.3684
2026-05-01 22:18:54,108 - INFO - Epoch 5 [440/729] - Loss: 0.3697
2026-05-01 22:18:57,558 - INFO - Epoch 5 [450/729] - Loss: 0.3678
2026-05-01 22:19:01,005 - INFO - Epoch 5 [460/729] - Loss: 0.3678
2026-05-01 22:19:04,459 - INFO - Epoch 5 [470/729] - Loss: 0.3691
2026-05-01 22:19:07,912 - INFO - Epoch 5 [480/729] - Loss: 0.3679
2026-05-01 22:19:11,360 - INFO - Epoch 5 [490/729] - Loss: 0.3696
2026-05-01 22:19:14,810 - INFO - Epoch 5 [500/729] - Loss: 0.3708
2026-05-01 22:19:18,265 - INFO - Epoch 5 [510/729] - Loss: 0.3702
2026-05-01 22:19:21,716 - INFO - Epoch 5 [520/729] - Loss: 0.3695
2026-05-01 22:19:25,170 - INFO - Epoch 5 [530/729] - Loss: 0.3697
2026-05-01 22:19:28,621 - INFO - Epoch 5 [540/729] - Loss: 0.3692
2026-05-01 22:19:32,072 - INFO - Epoch 5 [550/729] - Loss: 0.3679
2026-05-01 22:19:35,526 - INFO - Epoch 5 [560/729] - Loss: 0.3684
2026-05-01 22:19:38,995 - INFO - Epoch 5 [570/729] - Loss: 0.3678
2026-05-01 22:19:42,453 - INFO - Epoch 5 [580/729] - Loss: 0.3687
2026-05-01 22:19:45,914 - INFO - Epoch 5 [590/729] - Loss: 0.3688
2026-05-01 22:19:49,369 - INFO - Epoch 5 [600/729] - Loss: 0.3692
2026-05-01 22:19:52,820 - INFO - Epoch 5 [610/729] - Loss: 0.3688
2026-05-01 22:19:56,269 - INFO - Epoch 5 [620/729] - Loss: 0.3696
2026-05-01 22:19:59,715 - INFO - Epoch 5 [630/729] - Loss: 0.3686
2026-05-01 22:20:03,177 - INFO - Epoch 5 [640/729] - Loss: 0.3702
2026-05-01 22:20:06,655 - INFO - Epoch 5 [650/729] - Loss: 0.3719
2026-05-01 22:20:10,112 - INFO - Epoch 5 [660/729] - Loss: 0.3726
2026-05-01 22:20:13,556 - INFO - Epoch 5 [670/729] - Loss: 0.3720
2026-05-01 22:20:17,011 - INFO - Epoch 5 [680/729] - Loss: 0.3717
2026-05-01 22:20:20,454 - INFO - Epoch 5 [690/729] - Loss: 0.3708
2026-05-01 22:20:23,894 - INFO - Epoch 5 [700/729] - Loss: 0.3698
2026-05-01 22:20:27,346 - INFO - Epoch 5 [710/729] - Loss: 0.3701
2026-05-01 22:20:30,794 - INFO - Epoch 5 [720/729] - Loss: 0.3701
2026-05-01 22:21:17,184 - INFO - VAL Epoch 5 | Loss: 0.3702 | IoU: 0.8597 | Prec: 0.7818 | F1: 0.7300 | MAPE_L: 11.48% | MAPE_W: 32.44%
2026-05-01 22:21:17,560 - INFO -     [!] New Best Model Saved!
2026-05-01 22:21:18,295 - INFO - Epoch 6 [0/729] - Loss: 0.7154
2026-05-01 22:21:21,741 - INFO - Epoch 6 [10/729] - Loss: 0.3825
2026-05-01 22:21:25,173 - INFO - Epoch 6 [20/729] - Loss: 0.3439
2026-05-01 22:21:28,623 - INFO - Epoch 6 [30/729] - Loss: 0.3444
2026-05-01 22:21:32,066 - INFO - Epoch 6 [40/729] - Loss: 0.3332
2026-05-01 22:21:35,507 - INFO - Epoch 6 [50/729] - Loss: 0.3354
2026-05-01 22:21:38,951 - INFO - Epoch 6 [60/729] - Loss: 0.3356
2026-05-01 22:21:42,407 - INFO - Epoch 6 [70/729] - Loss: 0.3418
2026-05-01 22:21:45,844 - INFO - Epoch 6 [80/729] - Loss: 0.3376
2026-05-01 22:21:49,294 - INFO - Epoch 6 [90/729] - Loss: 0.3427
2026-05-01 22:21:52,746 - INFO - Epoch 6 [100/729] - Loss: 0.3458
2026-05-01 22:21:56,185 - INFO - Epoch 6 [110/729] - Loss: 0.3419
2026-05-01 22:21:59,628 - INFO - Epoch 6 [120/729] - Loss: 0.3444
2026-05-01 22:22:03,072 - INFO - Epoch 6 [130/729] - Loss: 0.3438
2026-05-01 22:22:06,530 - INFO - Epoch 6 [140/729] - Loss: 0.3473
2026-05-01 22:22:09,977 - INFO - Epoch 6 [150/729] - Loss: 0.3478
2026-05-01 22:22:13,419 - INFO - Epoch 6 [160/729] - Loss: 0.3446
2026-05-01 22:22:16,882 - INFO - Epoch 6 [170/729] - Loss: 0.3418
2026-05-01 22:22:20,350 - INFO - Epoch 6 [180/729] - Loss: 0.3459
2026-05-01 22:22:23,808 - INFO - Epoch 6 [190/729] - Loss: 0.3445
2026-05-01 22:22:27,254 - INFO - Epoch 6 [200/729] - Loss: 0.3449
2026-05-01 22:22:30,714 - INFO - Epoch 6 [210/729] - Loss: 0.3489
2026-05-01 22:22:34,159 - INFO - Epoch 6 [220/729] - Loss: 0.3509
2026-05-01 22:22:37,630 - INFO - Epoch 6 [230/729] - Loss: 0.3505
2026-05-01 22:22:41,098 - INFO - Epoch 6 [240/729] - Loss: 0.3529
2026-05-01 22:22:44,546 - INFO - Epoch 6 [250/729] - Loss: 0.3568
2026-05-01 22:22:47,990 - INFO - Epoch 6 [260/729] - Loss: 0.3548
2026-05-01 22:22:51,436 - INFO - Epoch 6 [270/729] - Loss: 0.3528
2026-05-01 22:22:54,889 - INFO - Epoch 6 [280/729] - Loss: 0.3533
2026-05-01 22:22:58,343 - INFO - Epoch 6 [290/729] - Loss: 0.3532
2026-05-01 22:23:01,794 - INFO - Epoch 6 [300/729] - Loss: 0.3531
2026-05-01 22:23:05,244 - INFO - Epoch 6 [310/729] - Loss: 0.3551
2026-05-01 22:23:08,699 - INFO - Epoch 6 [320/729] - Loss: 0.3560
2026-05-01 22:23:12,152 - INFO - Epoch 6 [330/729] - Loss: 0.3556
2026-05-01 22:23:15,596 - INFO - Epoch 6 [340/729] - Loss: 0.3544
2026-05-01 22:23:19,043 - INFO - Epoch 6 [350/729] - Loss: 0.3542
2026-05-01 22:23:22,492 - INFO - Epoch 6 [360/729] - Loss: 0.3525
2026-05-01 22:23:25,939 - INFO - Epoch 6 [370/729] - Loss: 0.3517
2026-05-01 22:23:29,397 - INFO - Epoch 6 [380/729] - Loss: 0.3530
2026-05-01 22:23:32,854 - INFO - Epoch 6 [390/729] - Loss: 0.3522
2026-05-01 22:23:36,334 - INFO - Epoch 6 [400/729] - Loss: 0.3573
2026-05-01 22:23:39,781 - INFO - Epoch 6 [410/729] - Loss: 0.3567
2026-05-01 22:23:43,235 - INFO - Epoch 6 [420/729] - Loss: 0.3556
2026-05-01 22:23:46,684 - INFO - Epoch 6 [430/729] - Loss: 0.3555
2026-05-01 22:23:50,133 - INFO - Epoch 6 [440/729] - Loss: 0.3562
2026-05-01 22:23:53,583 - INFO - Epoch 6 [450/729] - Loss: 0.3567
2026-05-01 22:23:57,024 - INFO - Epoch 6 [460/729] - Loss: 0.3581
2026-05-01 22:24:00,472 - INFO - Epoch 6 [470/729] - Loss: 0.3576
2026-05-01 22:24:03,935 - INFO - Epoch 6 [480/729] - Loss: 0.3573
2026-05-01 22:24:07,374 - INFO - Epoch 6 [490/729] - Loss: 0.3555
2026-05-01 22:24:10,825 - INFO - Epoch 6 [500/729] - Loss: 0.3543
2026-05-01 22:24:14,271 - INFO - Epoch 6 [510/729] - Loss: 0.3547
2026-05-01 22:24:17,721 - INFO - Epoch 6 [520/729] - Loss: 0.3542
2026-05-01 22:24:21,168 - INFO - Epoch 6 [530/729] - Loss: 0.3540
2026-05-01 22:24:24,623 - INFO - Epoch 6 [540/729] - Loss: 0.3542
2026-05-01 22:24:28,074 - INFO - Epoch 6 [550/729] - Loss: 0.3537
2026-05-01 22:24:31,549 - INFO - Epoch 6 [560/729] - Loss: 0.3549
2026-05-01 22:24:34,993 - INFO - Epoch 6 [570/729] - Loss: 0.3535
2026-05-01 22:24:38,447 - INFO - Epoch 6 [580/729] - Loss: 0.3525
2026-05-01 22:24:41,885 - INFO - Epoch 6 [590/729] - Loss: 0.3516
2026-05-01 22:24:45,339 - INFO - Epoch 6 [600/729] - Loss: 0.3534
2026-05-01 22:24:48,782 - INFO - Epoch 6 [610/729] - Loss: 0.3514
2026-05-01 22:24:52,231 - INFO - Epoch 6 [620/729] - Loss: 0.3518
2026-05-01 22:24:55,674 - INFO - Epoch 6 [630/729] - Loss: 0.3524
2026-05-01 22:24:59,125 - INFO - Epoch 6 [640/729] - Loss: 0.3529
2026-05-01 22:25:02,588 - INFO - Epoch 6 [650/729] - Loss: 0.3530
2026-05-01 22:25:06,042 - INFO - Epoch 6 [660/729] - Loss: 0.3527
2026-05-01 22:25:09,492 - INFO - Epoch 6 [670/729] - Loss: 0.3531
2026-05-01 22:25:12,954 - INFO - Epoch 6 [680/729] - Loss: 0.3534
2026-05-01 22:25:16,402 - INFO - Epoch 6 [690/729] - Loss: 0.3529
2026-05-01 22:25:19,847 - INFO - Epoch 6 [700/729] - Loss: 0.3524
2026-05-01 22:25:23,298 - INFO - Epoch 6 [710/729] - Loss: 0.3520
2026-05-01 22:25:26,742 - INFO - Epoch 6 [720/729] - Loss: 0.3516
2026-05-01 22:26:13,257 - INFO - VAL Epoch 6 | Loss: 0.3625 | IoU: 0.8622 | Prec: 0.7422 | F1: 0.7390 | MAPE_L: 10.83% | MAPE_W: 30.49%
2026-05-01 22:26:13,624 - INFO -     [!] New Best Model Saved!
2026-05-01 22:26:14,374 - INFO - Epoch 7 [0/729] - Loss: 0.2401
2026-05-01 22:26:17,820 - INFO - Epoch 7 [10/729] - Loss: 0.3218
2026-05-01 22:26:21,292 - INFO - Epoch 7 [20/729] - Loss: 0.3563
2026-05-01 22:26:24,751 - INFO - Epoch 7 [30/729] - Loss: 0.3551
2026-05-01 22:26:28,220 - INFO - Epoch 7 [40/729] - Loss: 0.3535
2026-05-01 22:26:31,680 - INFO - Epoch 7 [50/729] - Loss: 0.3579
2026-05-01 22:26:35,141 - INFO - Epoch 7 [60/729] - Loss: 0.3698
2026-05-01 22:26:38,604 - INFO - Epoch 7 [70/729] - Loss: 0.3628
2026-05-01 22:26:42,050 - INFO - Epoch 7 [80/729] - Loss: 0.3520
2026-05-01 22:26:45,492 - INFO - Epoch 7 [90/729] - Loss: 0.3419
2026-05-01 22:26:48,940 - INFO - Epoch 7 [100/729] - Loss: 0.3387
2026-05-01 22:26:52,392 - INFO - Epoch 7 [110/729] - Loss: 0.3424
2026-05-01 22:26:55,844 - INFO - Epoch 7 [120/729] - Loss: 0.3394
2026-05-01 22:26:59,303 - INFO - Epoch 7 [130/729] - Loss: 0.3372
2026-05-01 22:27:02,795 - INFO - Epoch 7 [140/729] - Loss: 0.3391
2026-05-01 22:27:06,249 - INFO - Epoch 7 [150/729] - Loss: 0.3388
2026-05-01 22:27:09,742 - INFO - Epoch 7 [160/729] - Loss: 0.3406
2026-05-01 22:27:13,192 - INFO - Epoch 7 [170/729] - Loss: 0.3381
2026-05-01 22:27:16,640 - INFO - Epoch 7 [180/729] - Loss: 0.3381
2026-05-01 22:27:20,101 - INFO - Epoch 7 [190/729] - Loss: 0.3418
2026-05-01 22:27:23,563 - INFO - Epoch 7 [200/729] - Loss: 0.3430
2026-05-01 22:27:27,020 - INFO - Epoch 7 [210/729] - Loss: 0.3429
2026-05-01 22:27:30,473 - INFO - Epoch 7 [220/729] - Loss: 0.3419
2026-05-01 22:27:33,927 - INFO - Epoch 7 [230/729] - Loss: 0.3414
2026-05-01 22:27:37,377 - INFO - Epoch 7 [240/729] - Loss: 0.3433
2026-05-01 22:27:40,824 - INFO - Epoch 7 [250/729] - Loss: 0.3434
2026-05-01 22:27:44,271 - INFO - Epoch 7 [260/729] - Loss: 0.3424
2026-05-01 22:27:47,727 - INFO - Epoch 7 [270/729] - Loss: 0.3433
2026-05-01 22:27:51,175 - INFO - Epoch 7 [280/729] - Loss: 0.3446
2026-05-01 22:27:54,653 - INFO - Epoch 7 [290/729] - Loss: 0.3444
2026-05-01 22:27:58,102 - INFO - Epoch 7 [300/729] - Loss: 0.3438
2026-05-01 22:28:01,547 - INFO - Epoch 7 [310/729] - Loss: 0.3425
2026-05-01 22:28:05,006 - INFO - Epoch 7 [320/729] - Loss: 0.3415
2026-05-01 22:28:08,462 - INFO - Epoch 7 [330/729] - Loss: 0.3402
2026-05-01 22:28:11,912 - INFO - Epoch 7 [340/729] - Loss: 0.3418
2026-05-01 22:28:15,368 - INFO - Epoch 7 [350/729] - Loss: 0.3412
2026-05-01 22:28:18,818 - INFO - Epoch 7 [360/729] - Loss: 0.3445
2026-05-01 22:28:22,265 - INFO - Epoch 7 [370/729] - Loss: 0.3429
2026-05-01 22:28:25,724 - INFO - Epoch 7 [380/729] - Loss: 0.3454
2026-05-01 22:28:29,173 - INFO - Epoch 7 [390/729] - Loss: 0.3448
2026-05-01 22:28:32,627 - INFO - Epoch 7 [400/729] - Loss: 0.3456
2026-05-01 22:28:36,069 - INFO - Epoch 7 [410/729] - Loss: 0.3433
2026-05-01 22:28:39,520 - INFO - Epoch 7 [420/729] - Loss: 0.3426
2026-05-01 22:28:42,961 - INFO - Epoch 7 [430/729] - Loss: 0.3411
2026-05-01 22:28:46,434 - INFO - Epoch 7 [440/729] - Loss: 0.3419
2026-05-01 22:28:49,901 - INFO - Epoch 7 [450/729] - Loss: 0.3424
2026-05-01 22:28:53,359 - INFO - Epoch 7 [460/729] - Loss: 0.3420
2026-05-01 22:28:56,808 - INFO - Epoch 7 [470/729] - Loss: 0.3427
2026-05-01 22:29:00,263 - INFO - Epoch 7 [480/729] - Loss: 0.3425
2026-05-01 22:29:03,715 - INFO - Epoch 7 [490/729] - Loss: 0.3415
2026-05-01 22:29:07,174 - INFO - Epoch 7 [500/729] - Loss: 0.3443
2026-05-01 22:29:10,626 - INFO - Epoch 7 [510/729] - Loss: 0.3443
2026-05-01 22:29:14,080 - INFO - Epoch 7 [520/729] - Loss: 0.3447
2026-05-01 22:29:17,543 - INFO - Epoch 7 [530/729] - Loss: 0.3441
2026-05-01 22:29:20,985 - INFO - Epoch 7 [540/729] - Loss: 0.3443
2026-05-01 22:29:24,435 - INFO - Epoch 7 [550/729] - Loss: 0.3437
2026-05-01 22:29:27,888 - INFO - Epoch 7 [560/729] - Loss: 0.3424
2026-05-01 22:29:31,341 - INFO - Epoch 7 [570/729] - Loss: 0.3420
2026-05-01 22:29:34,793 - INFO - Epoch 7 [580/729] - Loss: 0.3418
2026-05-01 22:29:38,247 - INFO - Epoch 7 [590/729] - Loss: 0.3427
2026-05-01 22:29:41,689 - INFO - Epoch 7 [600/729] - Loss: 0.3424
2026-05-01 22:29:45,142 - INFO - Epoch 7 [610/729] - Loss: 0.3437
2026-05-01 22:29:48,593 - INFO - Epoch 7 [620/729] - Loss: 0.3432
2026-05-01 22:29:52,052 - INFO - Epoch 7 [630/729] - Loss: 0.3447
2026-05-01 22:29:55,519 - INFO - Epoch 7 [640/729] - Loss: 0.3456
2026-05-01 22:29:58,967 - INFO - Epoch 7 [650/729] - Loss: 0.3447
2026-05-01 22:30:02,418 - INFO - Epoch 7 [660/729] - Loss: 0.3445
2026-05-01 22:30:05,867 - INFO - Epoch 7 [670/729] - Loss: 0.3452
2026-05-01 22:30:09,324 - INFO - Epoch 7 [680/729] - Loss: 0.3452
2026-05-01 22:30:12,772 - INFO - Epoch 7 [690/729] - Loss: 0.3451
2026-05-01 22:30:16,229 - INFO - Epoch 7 [700/729] - Loss: 0.3456
2026-05-01 22:30:19,684 - INFO - Epoch 7 [710/729] - Loss: 0.3458
2026-05-01 22:30:23,131 - INFO - Epoch 7 [720/729] - Loss: 0.3456
2026-05-01 22:31:09,497 - INFO - VAL Epoch 7 | Loss: 0.3622 | IoU: 0.8641 | Prec: 0.7603 | F1: 0.7529 | MAPE_L: 11.67% | MAPE_W: 30.86%
2026-05-01 22:31:09,870 - INFO -     [!] New Best Model Saved!
2026-05-01 22:31:10,633 - INFO - Epoch 8 [0/729] - Loss: 0.5666
2026-05-01 22:31:18,157 - INFO - Epoch 8 [10/729] - Loss: 0.3623
2026-05-01 22:31:21,600 - INFO - Epoch 8 [20/729] - Loss: 0.3208
2026-05-01 22:31:25,047 - INFO - Epoch 8 [30/729] - Loss: 0.3099
2026-05-01 22:31:28,501 - INFO - Epoch 8 [40/729] - Loss: 0.3186
2026-05-01 22:31:31,946 - INFO - Epoch 8 [50/729] - Loss: 0.3196
2026-05-01 22:31:35,392 - INFO - Epoch 8 [60/729] - Loss: 0.3182
2026-05-01 22:31:38,840 - INFO - Epoch 8 [70/729] - Loss: 0.3173
2026-05-01 22:31:42,310 - INFO - Epoch 8 [80/729] - Loss: 0.3471
2026-05-01 22:31:45,762 - INFO - Epoch 8 [90/729] - Loss: 0.3407
2026-05-01 22:31:49,221 - INFO - Epoch 8 [100/729] - Loss: 0.3464
2026-05-01 22:31:52,680 - INFO - Epoch 8 [110/729] - Loss: 0.3437
2026-05-01 22:31:56,130 - INFO - Epoch 8 [120/729] - Loss: 0.3447
2026-05-01 22:31:59,599 - INFO - Epoch 8 [130/729] - Loss: 0.3463
2026-05-01 22:32:03,053 - INFO - Epoch 8 [140/729] - Loss: 0.3467
2026-05-01 22:32:06,508 - INFO - Epoch 8 [150/729] - Loss: 0.3465
2026-05-01 22:32:09,967 - INFO - Epoch 8 [160/729] - Loss: 0.3509
2026-05-01 22:32:13,423 - INFO - Epoch 8 [170/729] - Loss: 0.3508
2026-05-01 22:32:16,875 - INFO - Epoch 8 [180/729] - Loss: 0.3492
2026-05-01 22:32:20,323 - INFO - Epoch 8 [190/729] - Loss: 0.3512
2026-05-01 22:32:23,779 - INFO - Epoch 8 [200/729] - Loss: 0.3496
2026-05-01 22:32:27,228 - INFO - Epoch 8 [210/729] - Loss: 0.3471
2026-05-01 22:32:30,676 - INFO - Epoch 8 [220/729] - Loss: 0.3469
2026-05-01 22:32:34,147 - INFO - Epoch 8 [230/729] - Loss: 0.3500
2026-05-01 22:32:37,601 - INFO - Epoch 8 [240/729] - Loss: 0.3516
2026-05-01 22:32:41,052 - INFO - Epoch 8 [250/729] - Loss: 0.3510
2026-05-01 22:32:44,519 - INFO - Epoch 8 [260/729] - Loss: 0.3511
2026-05-01 22:32:47,968 - INFO - Epoch 8 [270/729] - Loss: 0.3477
2026-05-01 22:32:51,414 - INFO - Epoch 8 [280/729] - Loss: 0.3447
2026-05-01 22:32:54,865 - INFO - Epoch 8 [290/729] - Loss: 0.3445
2026-05-01 22:32:58,311 - INFO - Epoch 8 [300/729] - Loss: 0.3429
2026-05-01 22:33:01,767 - INFO - Epoch 8 [310/729] - Loss: 0.3398
2026-05-01 22:33:05,221 - INFO - Epoch 8 [320/729] - Loss: 0.3387
2026-05-01 22:33:08,669 - INFO - Epoch 8 [330/729] - Loss: 0.3378
2026-05-01 22:33:12,115 - INFO - Epoch 8 [340/729] - Loss: 0.3358
2026-05-01 22:33:15,579 - INFO - Epoch 8 [350/729] - Loss: 0.3370
2026-05-01 22:33:19,038 - INFO - Epoch 8 [360/729] - Loss: 0.3357
2026-05-01 22:33:22,498 - INFO - Epoch 8 [370/729] - Loss: 0.3346
2026-05-01 22:33:25,946 - INFO - Epoch 8 [380/729] - Loss: 0.3344
2026-05-01 22:33:29,418 - INFO - Epoch 8 [390/729] - Loss: 0.3356
2026-05-01 22:33:32,870 - INFO - Epoch 8 [400/729] - Loss: 0.3343
2026-05-01 22:33:36,323 - INFO - Epoch 8 [410/729] - Loss: 0.3348
2026-05-01 22:33:39,777 - INFO - Epoch 8 [420/729] - Loss: 0.3337
2026-05-01 22:33:43,229 - INFO - Epoch 8 [430/729] - Loss: 0.3342
2026-05-01 22:33:46,681 - INFO - Epoch 8 [440/729] - Loss: 0.3344
2026-05-01 22:33:50,139 - INFO - Epoch 8 [450/729] - Loss: 0.3351
2026-05-01 22:33:53,592 - INFO - Epoch 8 [460/729] - Loss: 0.3350
2026-05-01 22:33:57,045 - INFO - Epoch 8 [470/729] - Loss: 0.3348
2026-05-01 22:34:00,497 - INFO - Epoch 8 [480/729] - Loss: 0.3345
2026-05-01 22:34:03,944 - INFO - Epoch 8 [490/729] - Loss: 0.3328
2026-05-01 22:34:07,400 - INFO - Epoch 8 [500/729] - Loss: 0.3338
2026-05-01 22:34:10,841 - INFO - Epoch 8 [510/729] - Loss: 0.3323
2026-05-01 22:34:14,315 - INFO - Epoch 8 [520/729] - Loss: 0.3319
2026-05-01 22:34:17,769 - INFO - Epoch 8 [530/729] - Loss: 0.3325
2026-05-01 22:34:21,219 - INFO - Epoch 8 [540/729] - Loss: 0.3330
2026-05-01 22:34:24,696 - INFO - Epoch 8 [550/729] - Loss: 0.3331
2026-05-01 22:34:28,139 - INFO - Epoch 8 [560/729] - Loss: 0.3330
2026-05-01 22:34:31,587 - INFO - Epoch 8 [570/729] - Loss: 0.3324
2026-05-01 22:34:35,039 - INFO - Epoch 8 [580/729] - Loss: 0.3325
2026-05-01 22:34:38,479 - INFO - Epoch 8 [590/729] - Loss: 0.3314
2026-05-01 22:34:41,941 - INFO - Epoch 8 [600/729] - Loss: 0.3316
2026-05-01 22:34:45,394 - INFO - Epoch 8 [610/729] - Loss: 0.3318
2026-05-01 22:34:48,845 - INFO - Epoch 8 [620/729] - Loss: 0.3313
2026-05-01 22:34:52,296 - INFO - Epoch 8 [630/729] - Loss: 0.3308
2026-05-01 22:34:55,743 - INFO - Epoch 8 [640/729] - Loss: 0.3304
2026-05-01 22:34:59,191 - INFO - Epoch 8 [650/729] - Loss: 0.3303
2026-05-01 22:35:02,636 - INFO - Epoch 8 [660/729] - Loss: 0.3297
2026-05-01 22:35:06,118 - INFO - Epoch 8 [670/729] - Loss: 0.3300
2026-05-01 22:35:09,573 - INFO - Epoch 8 [680/729] - Loss: 0.3307
2026-05-01 22:35:13,025 - INFO - Epoch 8 [690/729] - Loss: 0.3302
2026-05-01 22:35:16,491 - INFO - Epoch 8 [700/729] - Loss: 0.3300
2026-05-01 22:35:19,955 - INFO - Epoch 8 [710/729] - Loss: 0.3295
2026-05-01 22:35:23,406 - INFO - Epoch 8 [720/729] - Loss: 0.3302
2026-05-01 22:36:14,810 - INFO - VAL Epoch 8 | Loss: 0.3380 | IoU: 0.8735 | Prec: 0.7166 | F1: 0.7484 | MAPE_L: 9.72% | MAPE_W: 29.66%
2026-05-01 22:36:15,296 - INFO -     [!] New Best Model Saved!
2026-05-01 22:36:16,035 - INFO - Epoch 9 [0/729] - Loss: 0.2577
2026-05-01 22:36:24,489 - INFO - Epoch 9 [10/729] - Loss: 0.3988
2026-05-01 22:36:27,940 - INFO - Epoch 9 [20/729] - Loss: 0.3608
2026-05-01 22:36:31,409 - INFO - Epoch 9 [30/729] - Loss: 0.3240
2026-05-01 22:36:34,879 - INFO - Epoch 9 [40/729] - Loss: 0.3172
2026-05-01 22:36:38,328 - INFO - Epoch 9 [50/729] - Loss: 0.3233
2026-05-01 22:36:41,798 - INFO - Epoch 9 [60/729] - Loss: 0.3309
2026-05-01 22:36:45,264 - INFO - Epoch 9 [70/729] - Loss: 0.3273
2026-05-01 22:36:48,707 - INFO - Epoch 9 [80/729] - Loss: 0.3173
2026-05-01 22:36:52,151 - INFO - Epoch 9 [90/729] - Loss: 0.3104
2026-05-01 22:36:55,628 - INFO - Epoch 9 [100/729] - Loss: 0.3188
2026-05-01 22:36:59,076 - INFO - Epoch 9 [110/729] - Loss: 0.3183
2026-05-01 22:37:02,529 - INFO - Epoch 9 [120/729] - Loss: 0.3242
2026-05-01 22:37:05,975 - INFO - Epoch 9 [130/729] - Loss: 0.3189
2026-05-01 22:37:09,424 - INFO - Epoch 9 [140/729] - Loss: 0.3183
2026-05-01 22:37:12,871 - INFO - Epoch 9 [150/729] - Loss: 0.3160
2026-05-01 22:37:16,325 - INFO - Epoch 9 [160/729] - Loss: 0.3173
2026-05-01 22:37:19,769 - INFO - Epoch 9 [170/729] - Loss: 0.3156
2026-05-01 22:37:23,233 - INFO - Epoch 9 [180/729] - Loss: 0.3195
2026-05-01 22:37:26,677 - INFO - Epoch 9 [190/729] - Loss: 0.3223
2026-05-01 22:37:30,130 - INFO - Epoch 9 [200/729] - Loss: 0.3213
2026-05-01 22:37:33,577 - INFO - Epoch 9 [210/729] - Loss: 0.3199
2026-05-01 22:37:37,021 - INFO - Epoch 9 [220/729] - Loss: 0.3169
2026-05-01 22:37:40,478 - INFO - Epoch 9 [230/729] - Loss: 0.3181
2026-05-01 22:37:43,925 - INFO - Epoch 9 [240/729] - Loss: 0.3179
2026-05-01 22:37:47,382 - INFO - Epoch 9 [250/729] - Loss: 0.3175
2026-05-01 22:37:50,831 - INFO - Epoch 9 [260/729] - Loss: 0.3151
2026-05-01 22:37:54,296 - INFO - Epoch 9 [270/729] - Loss: 0.3150
2026-05-01 22:37:57,747 - INFO - Epoch 9 [280/729] - Loss: 0.3155
2026-05-01 22:38:01,197 - INFO - Epoch 9 [290/729] - Loss: 0.3149
2026-05-01 22:38:04,658 - INFO - Epoch 9 [300/729] - Loss: 0.3134
2026-05-01 22:38:08,109 - INFO - Epoch 9 [310/729] - Loss: 0.3142
2026-05-01 22:38:11,567 - INFO - Epoch 9 [320/729] - Loss: 0.3149
2026-05-01 22:38:15,018 - INFO - Epoch 9 [330/729] - Loss: 0.3155
2026-05-01 22:38:18,465 - INFO - Epoch 9 [340/729] - Loss: 0.3143
2026-05-01 22:38:21,908 - INFO - Epoch 9 [350/729] - Loss: 0.3134
2026-05-01 22:38:25,380 - INFO - Epoch 9 [360/729] - Loss: 0.3150
2026-05-01 22:38:28,821 - INFO - Epoch 9 [370/729] - Loss: 0.3142
2026-05-01 22:38:32,270 - INFO - Epoch 9 [380/729] - Loss: 0.3142
2026-05-01 22:38:35,722 - INFO - Epoch 9 [390/729] - Loss: 0.3142
2026-05-01 22:38:39,191 - INFO - Epoch 9 [400/729] - Loss: 0.3158
2026-05-01 22:38:42,627 - INFO - Epoch 9 [410/729] - Loss: 0.3136
2026-05-01 22:38:46,108 - INFO - Epoch 9 [420/729] - Loss: 0.3144
2026-05-01 22:38:49,560 - INFO - Epoch 9 [430/729] - Loss: 0.3167
2026-05-01 22:38:53,009 - INFO - Epoch 9 [440/729] - Loss: 0.3163
2026-05-01 22:38:56,467 - INFO - Epoch 9 [450/729] - Loss: 0.3169
2026-05-01 22:38:59,946 - INFO - Epoch 9 [460/729] - Loss: 0.3169
2026-05-01 22:39:03,411 - INFO - Epoch 9 [470/729] - Loss: 0.3179
2026-05-01 22:39:06,862 - INFO - Epoch 9 [480/729] - Loss: 0.3168
2026-05-01 22:39:10,305 - INFO - Epoch 9 [490/729] - Loss: 0.3163
2026-05-01 22:39:13,754 - INFO - Epoch 9 [500/729] - Loss: 0.3170
2026-05-01 22:39:17,195 - INFO - Epoch 9 [510/729] - Loss: 0.3155
2026-05-01 22:39:20,657 - INFO - Epoch 9 [520/729] - Loss: 0.3153
2026-05-01 22:39:24,104 - INFO - Epoch 9 [530/729] - Loss: 0.3158
2026-05-01 22:39:27,557 - INFO - Epoch 9 [540/729] - Loss: 0.3163
2026-05-01 22:39:30,999 - INFO - Epoch 9 [550/729] - Loss: 0.3172
2026-05-01 22:39:34,426 - INFO - Epoch 9 [560/729] - Loss: 0.3159
2026-05-01 22:39:37,865 - INFO - Epoch 9 [570/729] - Loss: 0.3166
2026-05-01 22:39:41,294 - INFO - Epoch 9 [580/729] - Loss: 0.3155
2026-05-01 22:39:44,747 - INFO - Epoch 9 [590/729] - Loss: 0.3166
2026-05-01 22:39:48,179 - INFO - Epoch 9 [600/729] - Loss: 0.3161
2026-05-01 22:39:51,618 - INFO - Epoch 9 [610/729] - Loss: 0.3162
2026-05-01 22:39:55,057 - INFO - Epoch 9 [620/729] - Loss: 0.3167
2026-05-01 22:39:58,493 - INFO - Epoch 9 [630/729] - Loss: 0.3170
2026-05-01 22:40:01,936 - INFO - Epoch 9 [640/729] - Loss: 0.3178
2026-05-01 22:40:05,371 - INFO - Epoch 9 [650/729] - Loss: 0.3175
2026-05-01 22:40:08,806 - INFO - Epoch 9 [660/729] - Loss: 0.3179
2026-05-01 22:40:12,236 - INFO - Epoch 9 [670/729] - Loss: 0.3170
2026-05-01 22:40:15,676 - INFO - Epoch 9 [680/729] - Loss: 0.3177
2026-05-01 22:40:19,106 - INFO - Epoch 9 [690/729] - Loss: 0.3179
2026-05-01 22:40:22,545 - INFO - Epoch 9 [700/729] - Loss: 0.3182
2026-05-01 22:40:26,002 - INFO - Epoch 9 [710/729] - Loss: 0.3197
2026-05-01 22:40:29,440 - INFO - Epoch 9 [720/729] - Loss: 0.3194
2026-05-01 22:41:20,679 - INFO - VAL Epoch 9 | Loss: 0.3420 | IoU: 0.8689 | Prec: 0.7381 | F1: 0.7620 | MAPE_L: 9.12% | MAPE_W: 28.95%
2026-05-01 22:41:21,056 - INFO -     [!] New Best Model Saved!
2026-05-01 22:41:21,772 - INFO - Epoch 10 [0/729] - Loss: 0.3420
2026-05-01 22:41:25,224 - INFO - Epoch 10 [10/729] - Loss: 0.3642
2026-05-01 22:41:28,672 - INFO - Epoch 10 [20/729] - Loss: 0.3390
2026-05-01 22:41:32,132 - INFO - Epoch 10 [30/729] - Loss: 0.3750
2026-05-01 22:41:35,582 - INFO - Epoch 10 [40/729] - Loss: 0.3643
2026-05-01 22:41:39,029 - INFO - Epoch 10 [50/729] - Loss: 0.3463
2026-05-01 22:41:42,474 - INFO - Epoch 10 [60/729] - Loss: 0.3379
2026-05-01 22:41:45,940 - INFO - Epoch 10 [70/729] - Loss: 0.3464
2026-05-01 22:41:49,442 - INFO - Epoch 10 [80/729] - Loss: 0.3543
2026-05-01 22:41:52,889 - INFO - Epoch 10 [90/729] - Loss: 0.3550
2026-05-01 22:41:56,336 - INFO - Epoch 10 [100/729] - Loss: 0.3518
2026-05-01 22:41:59,794 - INFO - Epoch 10 [110/729] - Loss: 0.3505
2026-05-01 22:42:03,238 - INFO - Epoch 10 [120/729] - Loss: 0.3439
2026-05-01 22:42:06,682 - INFO - Epoch 10 [130/729] - Loss: 0.3374
2026-05-01 22:42:10,143 - INFO - Epoch 10 [140/729] - Loss: 0.3451
2026-05-01 22:42:13,588 - INFO - Epoch 10 [150/729] - Loss: 0.3432
2026-05-01 22:42:17,040 - INFO - Epoch 10 [160/729] - Loss: 0.3415
2026-05-01 22:42:20,487 - INFO - Epoch 10 [170/729] - Loss: 0.3399
2026-05-01 22:42:23,935 - INFO - Epoch 10 [180/729] - Loss: 0.3362
2026-05-01 22:42:27,380 - INFO - Epoch 10 [190/729] - Loss: 0.3354
2026-05-01 22:42:30,827 - INFO - Epoch 10 [200/729] - Loss: 0.3324
2026-05-01 22:42:34,266 - INFO - Epoch 10 [210/729] - Loss: 0.3293
2026-05-01 22:42:37,709 - INFO - Epoch 10 [220/729] - Loss: 0.3283
2026-05-01 22:42:41,155 - INFO - Epoch 10 [230/729] - Loss: 0.3262
2026-05-01 22:42:44,599 - INFO - Epoch 10 [240/729] - Loss: 0.3256
2026-05-01 22:42:48,047 - INFO - Epoch 10 [250/729] - Loss: 0.3243
2026-05-01 22:42:51,500 - INFO - Epoch 10 [260/729] - Loss: 0.3242
2026-05-01 22:42:54,982 - INFO - Epoch 10 [270/729] - Loss: 0.3247
2026-05-01 22:42:58,419 - INFO - Epoch 10 [280/729] - Loss: 0.3216
2026-05-01 22:43:01,881 - INFO - Epoch 10 [290/729] - Loss: 0.3222
2026-05-01 22:43:05,321 - INFO - Epoch 10 [300/729] - Loss: 0.3188
2026-05-01 22:43:08,773 - INFO - Epoch 10 [310/729] - Loss: 0.3201
2026-05-01 22:43:12,224 - INFO - Epoch 10 [320/729] - Loss: 0.3197
2026-05-01 22:43:15,669 - INFO - Epoch 10 [330/729] - Loss: 0.3193
2026-05-01 22:43:19,111 - INFO - Epoch 10 [340/729] - Loss: 0.3174
2026-05-01 22:43:22,558 - INFO - Epoch 10 [350/729] - Loss: 0.3176
2026-05-01 22:43:26,010 - INFO - Epoch 10 [360/729] - Loss: 0.3164
2026-05-01 22:43:29,470 - INFO - Epoch 10 [370/729] - Loss: 0.3176
2026-05-01 22:43:32,913 - INFO - Epoch 10 [380/729] - Loss: 0.3174
2026-05-01 22:43:36,365 - INFO - Epoch 10 [390/729] - Loss: 0.3156
2026-05-01 22:43:39,813 - INFO - Epoch 10 [400/729] - Loss: 0.3156
2026-05-01 22:43:43,256 - INFO - Epoch 10 [410/729] - Loss: 0.3145
2026-05-01 22:43:46,729 - INFO - Epoch 10 [420/729] - Loss: 0.3156
2026-05-01 22:43:50,182 - INFO - Epoch 10 [430/729] - Loss: 0.3157
2026-05-01 22:43:53,624 - INFO - Epoch 10 [440/729] - Loss: 0.3160
2026-05-01 22:43:57,093 - INFO - Epoch 10 [450/729] - Loss: 0.3164
2026-05-01 22:44:00,542 - INFO - Epoch 10 [460/729] - Loss: 0.3170
2026-05-01 22:44:03,993 - INFO - Epoch 10 [470/729] - Loss: 0.3165
2026-05-01 22:44:07,442 - INFO - Epoch 10 [480/729] - Loss: 0.3167
2026-05-01 22:44:10,888 - INFO - Epoch 10 [490/729] - Loss: 0.3165
2026-05-01 22:44:14,338 - INFO - Epoch 10 [500/729] - Loss: 0.3167
2026-05-01 22:44:17,794 - INFO - Epoch 10 [510/729] - Loss: 0.3163
2026-05-01 22:44:21,245 - INFO - Epoch 10 [520/729] - Loss: 0.3161
2026-05-01 22:44:24,695 - INFO - Epoch 10 [530/729] - Loss: 0.3163
2026-05-01 22:44:28,145 - INFO - Epoch 10 [540/729] - Loss: 0.3162
2026-05-01 22:44:31,600 - INFO - Epoch 10 [550/729] - Loss: 0.3156
2026-05-01 22:44:35,051 - INFO - Epoch 10 [560/729] - Loss: 0.3156
2026-05-01 22:44:38,502 - INFO - Epoch 10 [570/729] - Loss: 0.3147
2026-05-01 22:44:41,956 - INFO - Epoch 10 [580/729] - Loss: 0.3131
2026-05-01 22:44:45,408 - INFO - Epoch 10 [590/729] - Loss: 0.3140
2026-05-01 22:44:48,855 - INFO - Epoch 10 [600/729] - Loss: 0.3142
2026-05-01 22:44:52,303 - INFO - Epoch 10 [610/729] - Loss: 0.3146
2026-05-01 22:44:55,747 - INFO - Epoch 10 [620/729] - Loss: 0.3143
2026-05-01 22:44:59,201 - INFO - Epoch 10 [630/729] - Loss: 0.3144
2026-05-01 22:45:02,659 - INFO - Epoch 10 [640/729] - Loss: 0.3154
2026-05-01 22:45:06,105 - INFO - Epoch 10 [650/729] - Loss: 0.3147
2026-05-01 22:45:09,554 - INFO - Epoch 10 [660/729] - Loss: 0.3148
2026-05-01 22:45:13,031 - INFO - Epoch 10 [670/729] - Loss: 0.3153
2026-05-01 22:45:16,493 - INFO - Epoch 10 [680/729] - Loss: 0.3162
2026-05-01 22:45:19,946 - INFO - Epoch 10 [690/729] - Loss: 0.3164
2026-05-01 22:45:23,388 - INFO - Epoch 10 [700/729] - Loss: 0.3153
2026-05-01 22:45:26,834 - INFO - Epoch 10 [710/729] - Loss: 0.3145
2026-05-01 22:45:30,284 - INFO - Epoch 10 [720/729] - Loss: 0.3148
2026-05-01 22:46:16,948 - INFO - VAL Epoch 10 | Loss: 0.3497 | IoU: 0.8728 | Prec: 0.8320 | F1: 0.7933 | MAPE_L: 9.41% | MAPE_W: 28.59%
2026-05-01 22:46:17,314 - INFO -     [!] New Best Model Saved!
2026-05-01 22:46:18,054 - INFO - Epoch 11 [0/729] - Loss: 0.5573
2026-05-01 22:46:21,507 - INFO - Epoch 11 [10/729] - Loss: 0.3431
2026-05-01 22:46:24,953 - INFO - Epoch 11 [20/729] - Loss: 0.3139
2026-05-01 22:46:28,402 - INFO - Epoch 11 [30/729] - Loss: 0.3042
2026-05-01 22:46:31,859 - INFO - Epoch 11 [40/729] - Loss: 0.3154
2026-05-01 22:46:35,312 - INFO - Epoch 11 [50/729] - Loss: 0.3016
2026-05-01 22:46:38,761 - INFO - Epoch 11 [60/729] - Loss: 0.3080
2026-05-01 22:46:42,214 - INFO - Epoch 11 [70/729] - Loss: 0.3026
2026-05-01 22:46:45,681 - INFO - Epoch 11 [80/729] - Loss: 0.3078
2026-05-01 22:46:49,140 - INFO - Epoch 11 [90/729] - Loss: 0.3118
2026-05-01 22:46:52,600 - INFO - Epoch 11 [100/729] - Loss: 0.3115
2026-05-01 22:46:56,080 - INFO - Epoch 11 [110/729] - Loss: 0.3083
2026-05-01 22:46:59,533 - INFO - Epoch 11 [120/729] - Loss: 0.3063
2026-05-01 22:47:02,991 - INFO - Epoch 11 [130/729] - Loss: 0.3012
2026-05-01 22:47:06,440 - INFO - Epoch 11 [140/729] - Loss: 0.3004
2026-05-01 22:47:09,886 - INFO - Epoch 11 [150/729] - Loss: 0.2987
2026-05-01 22:47:13,347 - INFO - Epoch 11 [160/729] - Loss: 0.3003
2026-05-01 22:47:16,796 - INFO - Epoch 11 [170/729] - Loss: 0.2990
2026-05-01 22:47:20,247 - INFO - Epoch 11 [180/729] - Loss: 0.2999
2026-05-01 22:47:23,708 - INFO - Epoch 11 [190/729] - Loss: 0.3016
2026-05-01 22:47:27,169 - INFO - Epoch 11 [200/729] - Loss: 0.3000
2026-05-01 22:47:30,621 - INFO - Epoch 11 [210/729] - Loss: 0.2992
2026-05-01 22:47:34,075 - INFO - Epoch 11 [220/729] - Loss: 0.3004
2026-05-01 22:47:37,539 - INFO - Epoch 11 [230/729] - Loss: 0.3026
2026-05-01 22:47:40,987 - INFO - Epoch 11 [240/729] - Loss: 0.3020
2026-05-01 22:47:44,437 - INFO - Epoch 11 [250/729] - Loss: 0.3021
2026-05-01 22:47:47,903 - INFO - Epoch 11 [260/729] - Loss: 0.3009
2026-05-01 22:47:51,351 - INFO - Epoch 11 [270/729] - Loss: 0.3002
2026-05-01 22:47:54,801 - INFO - Epoch 11 [280/729] - Loss: 0.3003
2026-05-01 22:47:58,253 - INFO - Epoch 11 [290/729] - Loss: 0.2989
2026-05-01 22:48:01,707 - INFO - Epoch 11 [300/729] - Loss: 0.2988
2026-05-01 22:48:05,199 - INFO - Epoch 11 [310/729] - Loss: 0.2978
2026-05-01 22:48:08,662 - INFO - Epoch 11 [320/729] - Loss: 0.3000
2026-05-01 22:48:12,107 - INFO - Epoch 11 [330/729] - Loss: 0.2987
2026-05-01 22:48:15,561 - INFO - Epoch 11 [340/729] - Loss: 0.2994
2026-05-01 22:48:19,010 - INFO - Epoch 11 [350/729] - Loss: 0.2998
2026-05-01 22:48:22,471 - INFO - Epoch 11 [360/729] - Loss: 0.3008
2026-05-01 22:48:25,912 - INFO - Epoch 11 [370/729] - Loss: 0.3000
2026-05-01 22:48:29,357 - INFO - Epoch 11 [380/729] - Loss: 0.2992
2026-05-01 22:48:32,811 - INFO - Epoch 11 [390/729] - Loss: 0.2992
2026-05-01 22:48:36,259 - INFO - Epoch 11 [400/729] - Loss: 0.2991
2026-05-01 22:48:39,707 - INFO - Epoch 11 [410/729] - Loss: 0.2994
2026-05-01 22:48:43,160 - INFO - Epoch 11 [420/729] - Loss: 0.2995
2026-05-01 22:48:46,621 - INFO - Epoch 11 [430/729] - Loss: 0.3016
2026-05-01 22:48:50,077 - INFO - Epoch 11 [440/729] - Loss: 0.3025
2026-05-01 22:48:53,528 - INFO - Epoch 11 [450/729] - Loss: 0.3023
2026-05-01 22:48:56,979 - INFO - Epoch 11 [460/729] - Loss: 0.3018
2026-05-01 22:49:00,432 - INFO - Epoch 11 [470/729] - Loss: 0.3017
2026-05-01 22:49:03,904 - INFO - Epoch 11 [480/729] - Loss: 0.3011
2026-05-01 22:49:07,372 - INFO - Epoch 11 [490/729] - Loss: 0.3010
2026-05-01 22:49:10,844 - INFO - Epoch 11 [500/729] - Loss: 0.3003
2026-05-01 22:49:14,288 - INFO - Epoch 11 [510/729] - Loss: 0.2996
2026-05-01 22:49:17,742 - INFO - Epoch 11 [520/729] - Loss: 0.2997
2026-05-01 22:49:21,201 - INFO - Epoch 11 [530/729] - Loss: 0.2998
2026-05-01 22:49:24,658 - INFO - Epoch 11 [540/729] - Loss: 0.3008
2026-05-01 22:49:28,112 - INFO - Epoch 11 [550/729] - Loss: 0.3009
2026-05-01 22:49:31,570 - INFO - Epoch 11 [560/729] - Loss: 0.3014
2026-05-01 22:49:35,025 - INFO - Epoch 11 [570/729] - Loss: 0.3021
2026-05-01 22:49:38,478 - INFO - Epoch 11 [580/729] - Loss: 0.3016
2026-05-01 22:49:41,927 - INFO - Epoch 11 [590/729] - Loss: 0.3037
2026-05-01 22:49:45,384 - INFO - Epoch 11 [600/729] - Loss: 0.3044
2026-05-01 22:49:48,849 - INFO - Epoch 11 [610/729] - Loss: 0.3061
2026-05-01 22:49:52,301 - INFO - Epoch 11 [620/729] - Loss: 0.3055
2026-05-01 22:49:55,772 - INFO - Epoch 11 [630/729] - Loss: 0.3066
2026-05-01 22:49:59,229 - INFO - Epoch 11 [640/729] - Loss: 0.3077
2026-05-01 22:50:02,676 - INFO - Epoch 11 [650/729] - Loss: 0.3072
2026-05-01 22:50:06,123 - INFO - Epoch 11 [660/729] - Loss: 0.3066
2026-05-01 22:50:09,581 - INFO - Epoch 11 [670/729] - Loss: 0.3083
2026-05-01 22:50:13,043 - INFO - Epoch 11 [680/729] - Loss: 0.3087
2026-05-01 22:50:16,488 - INFO - Epoch 11 [690/729] - Loss: 0.3081
2026-05-01 22:50:19,945 - INFO - Epoch 11 [700/729] - Loss: 0.3081
2026-05-01 22:50:23,395 - INFO - Epoch 11 [710/729] - Loss: 0.3079
2026-05-01 22:50:26,868 - INFO - Epoch 11 [720/729] - Loss: 0.3083
2026-05-01 22:51:13,255 - INFO - VAL Epoch 11 | Loss: 0.3361 | IoU: 0.8720 | Prec: 0.7813 | F1: 0.7888 | MAPE_L: 8.81% | MAPE_W: 28.44%
2026-05-01 22:51:13,994 - INFO - Epoch 12 [0/729] - Loss: 0.1520
2026-05-01 22:51:17,465 - INFO - Epoch 12 [10/729] - Loss: 0.2701
2026-05-01 22:51:20,914 - INFO - Epoch 12 [20/729] - Loss: 0.2896
2026-05-01 22:51:24,356 - INFO - Epoch 12 [30/729] - Loss: 0.2765
2026-05-01 22:51:27,809 - INFO - Epoch 12 [40/729] - Loss: 0.2860
2026-05-01 22:51:31,244 - INFO - Epoch 12 [50/729] - Loss: 0.2816
2026-05-01 22:51:34,679 - INFO - Epoch 12 [60/729] - Loss: 0.2800
2026-05-01 22:51:38,123 - INFO - Epoch 12 [70/729] - Loss: 0.2838
2026-05-01 22:51:41,563 - INFO - Epoch 12 [80/729] - Loss: 0.2886
2026-05-01 22:51:45,008 - INFO - Epoch 12 [90/729] - Loss: 0.2899
2026-05-01 22:51:48,449 - INFO - Epoch 12 [100/729] - Loss: 0.2865
2026-05-01 22:51:51,888 - INFO - Epoch 12 [110/729] - Loss: 0.2859
2026-05-01 22:51:55,320 - INFO - Epoch 12 [120/729] - Loss: 0.2798
2026-05-01 22:51:58,767 - INFO - Epoch 12 [130/729] - Loss: 0.2834
2026-05-01 22:52:02,210 - INFO - Epoch 12 [140/729] - Loss: 0.2810
2026-05-01 22:52:05,676 - INFO - Epoch 12 [150/729] - Loss: 0.2857
2026-05-01 22:52:09,114 - INFO - Epoch 12 [160/729] - Loss: 0.2808
2026-05-01 22:52:12,557 - INFO - Epoch 12 [170/729] - Loss: 0.2827
2026-05-01 22:52:15,998 - INFO - Epoch 12 [180/729] - Loss: 0.2851
2026-05-01 22:52:19,483 - INFO - Epoch 12 [190/729] - Loss: 0.2929
2026-05-01 22:52:22,938 - INFO - Epoch 12 [200/729] - Loss: 0.2954
2026-05-01 22:52:26,375 - INFO - Epoch 12 [210/729] - Loss: 0.2938
2026-05-01 22:52:29,811 - INFO - Epoch 12 [220/729] - Loss: 0.2929
2026-05-01 22:52:33,254 - INFO - Epoch 12 [230/729] - Loss: 0.2933
2026-05-01 22:52:36,687 - INFO - Epoch 12 [240/729] - Loss: 0.2903
2026-05-01 22:52:40,131 - INFO - Epoch 12 [250/729] - Loss: 0.2917
2026-05-01 22:52:43,575 - INFO - Epoch 12 [260/729] - Loss: 0.2910
2026-05-01 22:52:47,016 - INFO - Epoch 12 [270/729] - Loss: 0.2913
2026-05-01 22:52:50,450 - INFO - Epoch 12 [280/729] - Loss: 0.2888
2026-05-01 22:52:53,908 - INFO - Epoch 12 [290/729] - Loss: 0.2927
2026-05-01 22:52:57,354 - INFO - Epoch 12 [300/729] - Loss: 0.2938
2026-05-01 22:53:00,789 - INFO - Epoch 12 [310/729] - Loss: 0.2929
2026-05-01 22:53:04,258 - INFO - Epoch 12 [320/729] - Loss: 0.2945
2026-05-01 22:53:07,700 - INFO - Epoch 12 [330/729] - Loss: 0.2958
2026-05-01 22:53:11,138 - INFO - Epoch 12 [340/729] - Loss: 0.2959
2026-05-01 22:53:14,593 - INFO - Epoch 12 [350/729] - Loss: 0.2964
2026-05-01 22:53:18,035 - INFO - Epoch 12 [360/729] - Loss: 0.2949
2026-05-01 22:53:21,481 - INFO - Epoch 12 [370/729] - Loss: 0.2956
2026-05-01 22:53:24,927 - INFO - Epoch 12 [380/729] - Loss: 0.2971
2026-05-01 22:53:28,367 - INFO - Epoch 12 [390/729] - Loss: 0.2970
2026-05-01 22:53:31,801 - INFO - Epoch 12 [400/729] - Loss: 0.2960
2026-05-01 22:53:35,241 - INFO - Epoch 12 [410/729] - Loss: 0.2954
2026-05-01 22:53:38,686 - INFO - Epoch 12 [420/729] - Loss: 0.2960
2026-05-01 22:53:42,121 - INFO - Epoch 12 [430/729] - Loss: 0.2968
2026-05-01 22:53:45,567 - INFO - Epoch 12 [440/729] - Loss: 0.2965
2026-05-01 22:53:49,014 - INFO - Epoch 12 [450/729] - Loss: 0.2980
2026-05-01 22:53:52,477 - INFO - Epoch 12 [460/729] - Loss: 0.2996
2026-05-01 22:53:55,920 - INFO - Epoch 12 [470/729] - Loss: 0.3004
2026-05-01 22:53:59,372 - INFO - Epoch 12 [480/729] - Loss: 0.3015
2026-05-01 22:54:02,832 - INFO - Epoch 12 [490/729] - Loss: 0.3012
2026-05-01 22:54:06,276 - INFO - Epoch 12 [500/729] - Loss: 0.3014
2026-05-01 22:54:09,728 - INFO - Epoch 12 [510/729] - Loss: 0.3033
2026-05-01 22:54:13,201 - INFO - Epoch 12 [520/729] - Loss: 0.3048
2026-05-01 22:54:16,645 - INFO - Epoch 12 [530/729] - Loss: 0.3055
2026-05-01 22:54:20,093 - INFO - Epoch 12 [540/729] - Loss: 0.3059
2026-05-01 22:54:23,536 - INFO - Epoch 12 [550/729] - Loss: 0.3057
2026-05-01 22:54:26,975 - INFO - Epoch 12 [560/729] - Loss: 0.3060
2026-05-01 22:54:30,421 - INFO - Epoch 12 [570/729] - Loss: 0.3066
2026-05-01 22:54:33,875 - INFO - Epoch 12 [580/729] - Loss: 0.3075
2026-05-01 22:54:37,339 - INFO - Epoch 12 [590/729] - Loss: 0.3088
2026-05-01 22:54:40,783 - INFO - Epoch 12 [600/729] - Loss: 0.3079
2026-05-01 22:54:44,228 - INFO - Epoch 12 [610/729] - Loss: 0.3077
2026-05-01 22:54:47,671 - INFO - Epoch 12 [620/729] - Loss: 0.3077
2026-05-01 22:54:51,111 - INFO - Epoch 12 [630/729] - Loss: 0.3072
2026-05-01 22:54:54,555 - INFO - Epoch 12 [640/729] - Loss: 0.3061
2026-05-01 22:54:58,004 - INFO - Epoch 12 [650/729] - Loss: 0.3048
2026-05-01 22:55:01,446 - INFO - Epoch 12 [660/729] - Loss: 0.3042
2026-05-01 22:55:04,914 - INFO - Epoch 12 [670/729] - Loss: 0.3048
2026-05-01 22:55:08,372 - INFO - Epoch 12 [680/729] - Loss: 0.3052
2026-05-01 22:55:11,813 - INFO - Epoch 12 [690/729] - Loss: 0.3050
2026-05-01 22:55:15,259 - INFO - Epoch 12 [700/729] - Loss: 0.3052
2026-05-01 22:55:18,714 - INFO - Epoch 12 [710/729] - Loss: 0.3053
2026-05-01 22:55:22,170 - INFO - Epoch 12 [720/729] - Loss: 0.3046
2026-05-01 22:56:13,846 - INFO - VAL Epoch 12 | Loss: 0.3239 | IoU: 0.8789 | Prec: 0.7927 | F1: 0.7948 | MAPE_L: 7.95% | MAPE_W: 28.75%
2026-05-01 22:56:14,214 - INFO -     [!] New Best Model Saved!
2026-05-01 22:56:20,007 - INFO - Epoch 13 [0/729] - Loss: 0.1690
2026-05-01 22:56:23,440 - INFO - Epoch 13 [10/729] - Loss: 0.3068
2026-05-01 22:56:26,928 - INFO - Epoch 13 [20/729] - Loss: 0.2930
2026-05-01 22:56:30,382 - INFO - Epoch 13 [30/729] - Loss: 0.2866
2026-05-01 22:56:33,836 - INFO - Epoch 13 [40/729] - Loss: 0.2933
2026-05-01 22:56:37,291 - INFO - Epoch 13 [50/729] - Loss: 0.2929
2026-05-01 22:56:40,742 - INFO - Epoch 13 [60/729] - Loss: 0.2949
2026-05-01 22:56:44,189 - INFO - Epoch 13 [70/729] - Loss: 0.2894
2026-05-01 22:56:47,636 - INFO - Epoch 13 [80/729] - Loss: 0.2907
2026-05-01 22:56:51,117 - INFO - Epoch 13 [90/729] - Loss: 0.2974
2026-05-01 22:56:54,569 - INFO - Epoch 13 [100/729] - Loss: 0.2998
2026-05-01 22:56:58,027 - INFO - Epoch 13 [110/729] - Loss: 0.2990
2026-05-01 22:57:01,487 - INFO - Epoch 13 [120/729] - Loss: 0.3024
2026-05-01 22:57:04,956 - INFO - Epoch 13 [130/729] - Loss: 0.3001
2026-05-01 22:57:08,404 - INFO - Epoch 13 [140/729] - Loss: 0.3014
2026-05-01 22:57:11,858 - INFO - Epoch 13 [150/729] - Loss: 0.2974
2026-05-01 22:57:15,312 - INFO - Epoch 13 [160/729] - Loss: 0.2953
2026-05-01 22:57:18,773 - INFO - Epoch 13 [170/729] - Loss: 0.2945
2026-05-01 22:57:22,222 - INFO - Epoch 13 [180/729] - Loss: 0.2951
2026-05-01 22:57:25,688 - INFO - Epoch 13 [190/729] - Loss: 0.2974
2026-05-01 22:57:29,162 - INFO - Epoch 13 [200/729] - Loss: 0.3011
2026-05-01 22:57:32,625 - INFO - Epoch 13 [210/729] - Loss: 0.3037
2026-05-01 22:57:36,073 - INFO - Epoch 13 [220/729] - Loss: 0.3027
2026-05-01 22:57:39,543 - INFO - Epoch 13 [230/729] - Loss: 0.3038
2026-05-01 22:57:43,008 - INFO - Epoch 13 [240/729] - Loss: 0.3058
2026-05-01 22:57:46,467 - INFO - Epoch 13 [250/729] - Loss: 0.3040
2026-05-01 22:57:49,936 - INFO - Epoch 13 [260/729] - Loss: 0.3042
2026-05-01 22:57:53,390 - INFO - Epoch 13 [270/729] - Loss: 0.3023
2026-05-01 22:57:56,835 - INFO - Epoch 13 [280/729] - Loss: 0.2993
2026-05-01 22:58:00,287 - INFO - Epoch 13 [290/729] - Loss: 0.2981
2026-05-01 22:58:03,761 - INFO - Epoch 13 [300/729] - Loss: 0.2992
2026-05-01 22:58:07,214 - INFO - Epoch 13 [310/729] - Loss: 0.3001
2026-05-01 22:58:10,682 - INFO - Epoch 13 [320/729] - Loss: 0.2977
2026-05-01 22:58:14,124 - INFO - Epoch 13 [330/729] - Loss: 0.2961
2026-05-01 22:58:17,574 - INFO - Epoch 13 [340/729] - Loss: 0.2960
2026-05-01 22:58:21,027 - INFO - Epoch 13 [350/729] - Loss: 0.2960
2026-05-01 22:58:24,479 - INFO - Epoch 13 [360/729] - Loss: 0.2954
2026-05-01 22:58:27,924 - INFO - Epoch 13 [370/729] - Loss: 0.2943
2026-05-01 22:58:31,389 - INFO - Epoch 13 [380/729] - Loss: 0.2964
2026-05-01 22:58:34,847 - INFO - Epoch 13 [390/729] - Loss: 0.2994
2026-05-01 22:58:38,297 - INFO - Epoch 13 [400/729] - Loss: 0.2984
2026-05-01 22:58:41,743 - INFO - Epoch 13 [410/729] - Loss: 0.2973
2026-05-01 22:58:45,200 - INFO - Epoch 13 [420/729] - Loss: 0.2976
2026-05-01 22:58:48,648 - INFO - Epoch 13 [430/729] - Loss: 0.2966
2026-05-01 22:58:52,105 - INFO - Epoch 13 [440/729] - Loss: 0.2975
2026-05-01 22:58:55,560 - INFO - Epoch 13 [450/729] - Loss: 0.2980
2026-05-01 22:58:59,010 - INFO - Epoch 13 [460/729] - Loss: 0.2980
2026-05-01 22:59:02,466 - INFO - Epoch 13 [470/729] - Loss: 0.2985
2026-05-01 22:59:05,918 - INFO - Epoch 13 [480/729] - Loss: 0.2979
2026-05-01 22:59:09,364 - INFO - Epoch 13 [490/729] - Loss: 0.2977
2026-05-01 22:59:12,821 - INFO - Epoch 13 [500/729] - Loss: 0.2971
2026-05-01 22:59:16,288 - INFO - Epoch 13 [510/729] - Loss: 0.2981
2026-05-01 22:59:19,737 - INFO - Epoch 13 [520/729] - Loss: 0.2971
2026-05-01 22:59:23,191 - INFO - Epoch 13 [530/729] - Loss: 0.2973
2026-05-01 22:59:26,661 - INFO - Epoch 13 [540/729] - Loss: 0.2968
2026-05-01 22:59:30,118 - INFO - Epoch 13 [550/729] - Loss: 0.2963
2026-05-01 22:59:33,559 - INFO - Epoch 13 [560/729] - Loss: 0.2945
2026-05-01 22:59:37,019 - INFO - Epoch 13 [570/729] - Loss: 0.2956
2026-05-01 22:59:40,476 - INFO - Epoch 13 [580/729] - Loss: 0.2963
2026-05-01 22:59:43,927 - INFO - Epoch 13 [590/729] - Loss: 0.2963
2026-05-01 22:59:47,374 - INFO - Epoch 13 [600/729] - Loss: 0.2958
2026-05-01 22:59:50,837 - INFO - Epoch 13 [610/729] - Loss: 0.2961
2026-05-01 22:59:54,292 - INFO - Epoch 13 [620/729] - Loss: 0.2967
2026-05-01 22:59:57,740 - INFO - Epoch 13 [630/729] - Loss: 0.2962
2026-05-01 23:00:01,190 - INFO - Epoch 13 [640/729] - Loss: 0.2957
2026-05-01 23:00:04,645 - INFO - Epoch 13 [650/729] - Loss: 0.2958
2026-05-01 23:00:08,100 - INFO - Epoch 13 [660/729] - Loss: 0.2962
2026-05-01 23:00:11,545 - INFO - Epoch 13 [670/729] - Loss: 0.2958
2026-05-01 23:00:14,995 - INFO - Epoch 13 [680/729] - Loss: 0.2957
2026-05-01 23:00:18,442 - INFO - Epoch 13 [690/729] - Loss: 0.2955
2026-05-01 23:00:21,892 - INFO - Epoch 13 [700/729] - Loss: 0.2959
2026-05-01 23:00:25,359 - INFO - Epoch 13 [710/729] - Loss: 0.2962
2026-05-01 23:00:28,809 - INFO - Epoch 13 [720/729] - Loss: 0.2964
2026-05-01 23:01:15,239 - INFO - VAL Epoch 13 | Loss: 0.3404 | IoU: 0.8732 | Prec: 0.6693 | F1: 0.7408 | MAPE_L: 9.70% | MAPE_W: 28.71%
2026-05-01 23:01:16,030 - INFO - Epoch 14 [0/729] - Loss: 0.5238
2026-05-01 23:01:19,479 - INFO - Epoch 14 [10/729] - Loss: 0.2583
2026-05-01 23:01:22,943 - INFO - Epoch 14 [20/729] - Loss: 0.2939
2026-05-01 23:01:26,413 - INFO - Epoch 14 [30/729] - Loss: 0.3003
2026-05-01 23:01:29,876 - INFO - Epoch 14 [40/729] - Loss: 0.3086
2026-05-01 23:01:33,336 - INFO - Epoch 14 [50/729] - Loss: 0.3044
2026-05-01 23:01:36,796 - INFO - Epoch 14 [60/729] - Loss: 0.3029
2026-05-01 23:01:40,250 - INFO - Epoch 14 [70/729] - Loss: 0.2950
2026-05-01 23:01:43,697 - INFO - Epoch 14 [80/729] - Loss: 0.2909
2026-05-01 23:01:47,143 - INFO - Epoch 14 [90/729] - Loss: 0.2864
2026-05-01 23:01:50,605 - INFO - Epoch 14 [100/729] - Loss: 0.2890
2026-05-01 23:01:54,090 - INFO - Epoch 14 [110/729] - Loss: 0.2947
2026-05-01 23:01:57,538 - INFO - Epoch 14 [120/729] - Loss: 0.2897
2026-05-01 23:02:01,000 - INFO - Epoch 14 [130/729] - Loss: 0.2954
2026-05-01 23:02:04,456 - INFO - Epoch 14 [140/729] - Loss: 0.2917
2026-05-01 23:02:07,910 - INFO - Epoch 14 [150/729] - Loss: 0.2927
2026-05-01 23:02:11,367 - INFO - Epoch 14 [160/729] - Loss: 0.2919
2026-05-01 23:02:14,832 - INFO - Epoch 14 [170/729] - Loss: 0.2969
2026-05-01 23:02:18,290 - INFO - Epoch 14 [180/729] - Loss: 0.2958
2026-05-01 23:02:21,766 - INFO - Epoch 14 [190/729] - Loss: 0.2968
2026-05-01 23:02:25,225 - INFO - Epoch 14 [200/729] - Loss: 0.2958
2026-05-01 23:02:28,676 - INFO - Epoch 14 [210/729] - Loss: 0.2926
2026-05-01 23:02:32,150 - INFO - Epoch 14 [220/729] - Loss: 0.2934
2026-05-01 23:02:35,608 - INFO - Epoch 14 [230/729] - Loss: 0.2907
2026-05-01 23:02:39,060 - INFO - Epoch 14 [240/729] - Loss: 0.2900
2026-05-01 23:02:42,517 - INFO - Epoch 14 [250/729] - Loss: 0.2915
2026-05-01 23:02:45,989 - INFO - Epoch 14 [260/729] - Loss: 0.2931
2026-05-01 23:02:49,450 - INFO - Epoch 14 [270/729] - Loss: 0.2937
2026-05-01 23:02:52,909 - INFO - Epoch 14 [280/729] - Loss: 0.2939
2026-05-01 23:02:56,370 - INFO - Epoch 14 [290/729] - Loss: 0.2945
2026-05-01 23:02:59,828 - INFO - Epoch 14 [300/729] - Loss: 0.2953
2026-05-01 23:03:03,281 - INFO - Epoch 14 [310/729] - Loss: 0.2935
2026-05-01 23:03:06,755 - INFO - Epoch 14 [320/729] - Loss: 0.2940
2026-05-01 23:03:10,207 - INFO - Epoch 14 [330/729] - Loss: 0.2952
2026-05-01 23:03:13,666 - INFO - Epoch 14 [340/729] - Loss: 0.2960
2026-05-01 23:03:17,117 - INFO - Epoch 14 [350/729] - Loss: 0.2961
2026-05-01 23:03:20,574 - INFO - Epoch 14 [360/729] - Loss: 0.2958
2026-05-01 23:03:24,023 - INFO - Epoch 14 [370/729] - Loss: 0.2938
2026-05-01 23:03:27,476 - INFO - Epoch 14 [380/729] - Loss: 0.2946
2026-05-01 23:03:30,937 - INFO - Epoch 14 [390/729] - Loss: 0.2942
2026-05-01 23:03:34,389 - INFO - Epoch 14 [400/729] - Loss: 0.2941
2026-05-01 23:03:37,845 - INFO - Epoch 14 [410/729] - Loss: 0.2947
2026-05-01 23:03:41,299 - INFO - Epoch 14 [420/729] - Loss: 0.2942
2026-05-01 23:03:44,757 - INFO - Epoch 14 [430/729] - Loss: 0.2942
2026-05-01 23:03:48,212 - INFO - Epoch 14 [440/729] - Loss: 0.2945
2026-05-01 23:03:51,670 - INFO - Epoch 14 [450/729] - Loss: 0.2949
2026-05-01 23:03:55,121 - INFO - Epoch 14 [460/729] - Loss: 0.2940
2026-05-01 23:03:58,594 - INFO - Epoch 14 [470/729] - Loss: 0.2956
2026-05-01 23:04:02,062 - INFO - Epoch 14 [480/729] - Loss: 0.2971
2026-05-01 23:04:05,556 - INFO - Epoch 14 [490/729] - Loss: 0.2972
2026-05-01 23:04:09,006 - INFO - Epoch 14 [500/729] - Loss: 0.2969
2026-05-01 23:04:12,469 - INFO - Epoch 14 [510/729] - Loss: 0.2963
2026-05-01 23:04:15,922 - INFO - Epoch 14 [520/729] - Loss: 0.2963
2026-05-01 23:04:19,377 - INFO - Epoch 14 [530/729] - Loss: 0.2978
2026-05-01 23:04:22,828 - INFO - Epoch 14 [540/729] - Loss: 0.2978
2026-05-01 23:04:26,284 - INFO - Epoch 14 [550/729] - Loss: 0.2975
2026-05-01 23:04:29,776 - INFO - Epoch 14 [560/729] - Loss: 0.2990
2026-05-01 23:04:33,226 - INFO - Epoch 14 [570/729] - Loss: 0.2990
2026-05-01 23:04:36,681 - INFO - Epoch 14 [580/729] - Loss: 0.2983
2026-05-01 23:04:40,136 - INFO - Epoch 14 [590/729] - Loss: 0.2991
2026-05-01 23:04:43,592 - INFO - Epoch 14 [600/729] - Loss: 0.2985
2026-05-01 23:04:47,046 - INFO - Epoch 14 [610/729] - Loss: 0.2974
2026-05-01 23:04:50,506 - INFO - Epoch 14 [620/729] - Loss: 0.2974
2026-05-01 23:04:53,978 - INFO - Epoch 14 [630/729] - Loss: 0.2973
2026-05-01 23:04:57,441 - INFO - Epoch 14 [640/729] - Loss: 0.2971
2026-05-01 23:05:00,892 - INFO - Epoch 14 [650/729] - Loss: 0.2971
2026-05-01 23:05:04,364 - INFO - Epoch 14 [660/729] - Loss: 0.2978
2026-05-01 23:05:07,816 - INFO - Epoch 14 [670/729] - Loss: 0.2983
2026-05-01 23:05:11,268 - INFO - Epoch 14 [680/729] - Loss: 0.2974
2026-05-01 23:05:14,715 - INFO - Epoch 14 [690/729] - Loss: 0.2965
2026-05-01 23:05:18,172 - INFO - Epoch 14 [700/729] - Loss: 0.2970
2026-05-01 23:05:21,624 - INFO - Epoch 14 [710/729] - Loss: 0.2969
2026-05-01 23:05:25,069 - INFO - Epoch 14 [720/729] - Loss: 0.2975
2026-05-01 23:06:11,637 - INFO - VAL Epoch 14 | Loss: 0.3227 | IoU: 0.8799 | Prec: 0.7814 | F1: 0.8031 | MAPE_L: 7.75% | MAPE_W: 28.11%
2026-05-01 23:06:12,170 - INFO -     [!] New Best Model Saved!
2026-05-01 23:06:12,855 - INFO - Epoch 15 [0/729] - Loss: 0.1978
2026-05-01 23:06:16,317 - INFO - Epoch 15 [10/729] - Loss: 0.2961
2026-05-01 23:06:19,764 - INFO - Epoch 15 [20/729] - Loss: 0.2960
2026-05-01 23:06:23,216 - INFO - Epoch 15 [30/729] - Loss: 0.2889
2026-05-01 23:06:26,674 - INFO - Epoch 15 [40/729] - Loss: 0.2979
2026-05-01 23:06:30,137 - INFO - Epoch 15 [50/729] - Loss: 0.3022
2026-05-01 23:06:33,579 - INFO - Epoch 15 [60/729] - Loss: 0.2915
2026-05-01 23:06:37,026 - INFO - Epoch 15 [70/729] - Loss: 0.2874
2026-05-01 23:06:40,469 - INFO - Epoch 15 [80/729] - Loss: 0.2826
2026-05-01 23:06:43,925 - INFO - Epoch 15 [90/729] - Loss: 0.2835
2026-05-01 23:06:47,381 - INFO - Epoch 15 [100/729] - Loss: 0.2825
2026-05-01 23:06:50,822 - INFO - Epoch 15 [110/729] - Loss: 0.2802
2026-05-01 23:06:54,270 - INFO - Epoch 15 [120/729] - Loss: 0.2804
2026-05-01 23:06:57,719 - INFO - Epoch 15 [130/729] - Loss: 0.2803
2026-05-01 23:07:01,163 - INFO - Epoch 15 [140/729] - Loss: 0.2784
2026-05-01 23:07:04,602 - INFO - Epoch 15 [150/729] - Loss: 0.2733
2026-05-01 23:07:08,056 - INFO - Epoch 15 [160/729] - Loss: 0.2726
2026-05-01 23:07:11,507 - INFO - Epoch 15 [170/729] - Loss: 0.2744
2026-05-01 23:07:14,968 - INFO - Epoch 15 [180/729] - Loss: 0.2745
2026-05-01 23:07:18,413 - INFO - Epoch 15 [190/729] - Loss: 0.2773
2026-05-01 23:07:21,877 - INFO - Epoch 15 [200/729] - Loss: 0.2787
2026-05-01 23:07:25,327 - INFO - Epoch 15 [210/729] - Loss: 0.2779
2026-05-01 23:07:28,769 - INFO - Epoch 15 [220/729] - Loss: 0.2758
2026-05-01 23:07:32,222 - INFO - Epoch 15 [230/729] - Loss: 0.2767
2026-05-01 23:07:35,672 - INFO - Epoch 15 [240/729] - Loss: 0.2777
2026-05-01 23:07:39,123 - INFO - Epoch 15 [250/729] - Loss: 0.2787
2026-05-01 23:07:42,575 - INFO - Epoch 15 [260/729] - Loss: 0.2782
2026-05-01 23:07:46,046 - INFO - Epoch 15 [270/729] - Loss: 0.2808
2026-05-01 23:07:49,498 - INFO - Epoch 15 [280/729] - Loss: 0.2819
2026-05-01 23:07:52,962 - INFO - Epoch 15 [290/729] - Loss: 0.2829
2026-05-01 23:07:56,419 - INFO - Epoch 15 [300/729] - Loss: 0.2852
2026-05-01 23:07:59,880 - INFO - Epoch 15 [310/729] - Loss: 0.2855
2026-05-01 23:08:03,338 - INFO - Epoch 15 [320/729] - Loss: 0.2848
2026-05-01 23:08:06,785 - INFO - Epoch 15 [330/729] - Loss: 0.2855
2026-05-01 23:08:10,231 - INFO - Epoch 15 [340/729] - Loss: 0.2855
2026-05-01 23:08:13,678 - INFO - Epoch 15 [350/729] - Loss: 0.2850
2026-05-01 23:08:17,132 - INFO - Epoch 15 [360/729] - Loss: 0.2849
2026-05-01 23:08:20,573 - INFO - Epoch 15 [370/729] - Loss: 0.2837
2026-05-01 23:08:24,015 - INFO - Epoch 15 [380/729] - Loss: 0.2830
2026-05-01 23:08:27,462 - INFO - Epoch 15 [390/729] - Loss: 0.2820
2026-05-01 23:08:30,953 - INFO - Epoch 15 [400/729] - Loss: 0.2839
2026-05-01 23:08:34,406 - INFO - Epoch 15 [410/729] - Loss: 0.2842
2026-05-01 23:08:37,864 - INFO - Epoch 15 [420/729] - Loss: 0.2848
2026-05-01 23:08:41,302 - INFO - Epoch 15 [430/729] - Loss: 0.2828
2026-05-01 23:08:44,753 - INFO - Epoch 15 [440/729] - Loss: 0.2837
2026-05-01 23:08:48,200 - INFO - Epoch 15 [450/729] - Loss: 0.2831
2026-05-01 23:08:51,649 - INFO - Epoch 15 [460/729] - Loss: 0.2825
2026-05-01 23:08:55,088 - INFO - Epoch 15 [470/729] - Loss: 0.2816
2026-05-01 23:08:58,534 - INFO - Epoch 15 [480/729] - Loss: 0.2804
2026-05-01 23:09:01,985 - INFO - Epoch 15 [490/729] - Loss: 0.2805
2026-05-01 23:09:05,433 - INFO - Epoch 15 [500/729] - Loss: 0.2803
2026-05-01 23:09:08,874 - INFO - Epoch 15 [510/729] - Loss: 0.2803
2026-05-01 23:09:12,321 - INFO - Epoch 15 [520/729] - Loss: 0.2799
2026-05-01 23:09:15,781 - INFO - Epoch 15 [530/729] - Loss: 0.2793
2026-05-01 23:09:19,229 - INFO - Epoch 15 [540/729] - Loss: 0.2788
2026-05-01 23:09:22,681 - INFO - Epoch 15 [550/729] - Loss: 0.2792
2026-05-01 23:09:26,125 - INFO - Epoch 15 [560/729] - Loss: 0.2793
2026-05-01 23:09:29,572 - INFO - Epoch 15 [570/729] - Loss: 0.2796
2026-05-01 23:09:33,023 - INFO - Epoch 15 [580/729] - Loss: 0.2798
2026-05-01 23:09:36,471 - INFO - Epoch 15 [590/729] - Loss: 0.2817
2026-05-01 23:09:39,928 - INFO - Epoch 15 [600/729] - Loss: 0.2830
2026-05-01 23:09:43,423 - INFO - Epoch 15 [610/729] - Loss: 0.2831
2026-05-01 23:09:46,866 - INFO - Epoch 15 [620/729] - Loss: 0.2829
2026-05-01 23:09:50,336 - INFO - Epoch 15 [630/729] - Loss: 0.2839
2026-05-01 23:09:53,781 - INFO - Epoch 15 [640/729] - Loss: 0.2838
2026-05-01 23:09:57,230 - INFO - Epoch 15 [650/729] - Loss: 0.2850
2026-05-01 23:10:00,678 - INFO - Epoch 15 [660/729] - Loss: 0.2857
2026-05-01 23:10:04,129 - INFO - Epoch 15 [670/729] - Loss: 0.2872
2026-05-01 23:10:07,580 - INFO - Epoch 15 [680/729] - Loss: 0.2874
2026-05-01 23:10:11,027 - INFO - Epoch 15 [690/729] - Loss: 0.2877
2026-05-01 23:10:14,487 - INFO - Epoch 15 [700/729] - Loss: 0.2883
2026-05-01 23:10:17,935 - INFO - Epoch 15 [710/729] - Loss: 0.2878
2026-05-01 23:10:21,391 - INFO - Epoch 15 [720/729] - Loss: 0.2877
2026-05-01 23:11:07,935 - INFO - VAL Epoch 15 | Loss: 0.3395 | IoU: 0.8706 | Prec: 0.7184 | F1: 0.7734 | MAPE_L: 8.07% | MAPE_W: 28.01%
2026-05-01 23:11:13,900 - INFO - Epoch 16 [0/729] - Loss: 0.1891
2026-05-01 23:11:17,324 - INFO - Epoch 16 [10/729] - Loss: 0.2432
2026-05-01 23:11:20,766 - INFO - Epoch 16 [20/729] - Loss: 0.2560
2026-05-01 23:11:24,206 - INFO - Epoch 16 [30/729] - Loss: 0.2696
2026-05-01 23:11:27,652 - INFO - Epoch 16 [40/729] - Loss: 0.2858
2026-05-01 23:11:31,095 - INFO - Epoch 16 [50/729] - Loss: 0.2864
2026-05-01 23:11:34,533 - INFO - Epoch 16 [60/729] - Loss: 0.2848
2026-05-01 23:11:37,970 - INFO - Epoch 16 [70/729] - Loss: 0.2802
2026-05-01 23:11:41,425 - INFO - Epoch 16 [80/729] - Loss: 0.2771
2026-05-01 23:11:44,882 - INFO - Epoch 16 [90/729] - Loss: 0.2815
2026-05-01 23:11:48,323 - INFO - Epoch 16 [100/729] - Loss: 0.2761
2026-05-01 23:11:51,754 - INFO - Epoch 16 [110/729] - Loss: 0.2693
2026-05-01 23:11:55,207 - INFO - Epoch 16 [120/729] - Loss: 0.2732
2026-05-01 23:11:58,677 - INFO - Epoch 16 [130/729] - Loss: 0.2725
2026-05-01 23:12:02,125 - INFO - Epoch 16 [140/729] - Loss: 0.2703
2026-05-01 23:12:05,574 - INFO - Epoch 16 [150/729] - Loss: 0.2731
2026-05-01 23:12:09,038 - INFO - Epoch 16 [160/729] - Loss: 0.2774
2026-05-01 23:12:12,497 - INFO - Epoch 16 [170/729] - Loss: 0.2851
2026-05-01 23:12:15,934 - INFO - Epoch 16 [180/729] - Loss: 0.2833
2026-05-01 23:12:19,377 - INFO - Epoch 16 [190/729] - Loss: 0.2832
2026-05-01 23:12:22,830 - INFO - Epoch 16 [200/729] - Loss: 0.2844
2026-05-01 23:12:26,271 - INFO - Epoch 16 [210/729] - Loss: 0.2819
2026-05-01 23:12:29,721 - INFO - Epoch 16 [220/729] - Loss: 0.2859
2026-05-01 23:12:33,172 - INFO - Epoch 16 [230/729] - Loss: 0.2866
2026-05-01 23:12:36,614 - INFO - Epoch 16 [240/729] - Loss: 0.2891
2026-05-01 23:12:40,062 - INFO - Epoch 16 [250/729] - Loss: 0.2899
2026-05-01 23:12:43,507 - INFO - Epoch 16 [260/729] - Loss: 0.2876
2026-05-01 23:12:46,955 - INFO - Epoch 16 [270/729] - Loss: 0.2885
2026-05-01 23:12:50,400 - INFO - Epoch 16 [280/729] - Loss: 0.2880
2026-05-01 23:12:53,859 - INFO - Epoch 16 [290/729] - Loss: 0.2882
2026-05-01 23:12:57,302 - INFO - Epoch 16 [300/729] - Loss: 0.2870
2026-05-01 23:13:00,745 - INFO - Epoch 16 [310/729] - Loss: 0.2870
2026-05-01 23:13:04,198 - INFO - Epoch 16 [320/729] - Loss: 0.2864
2026-05-01 23:13:07,646 - INFO - Epoch 16 [330/729] - Loss: 0.2858
2026-05-01 23:13:11,130 - INFO - Epoch 16 [340/729] - Loss: 0.2866
2026-05-01 23:13:14,577 - INFO - Epoch 16 [350/729] - Loss: 0.2857
2026-05-01 23:13:18,027 - INFO - Epoch 16 [360/729] - Loss: 0.2863
2026-05-01 23:13:21,483 - INFO - Epoch 16 [370/729] - Loss: 0.2861
2026-05-01 23:13:24,928 - INFO - Epoch 16 [380/729] - Loss: 0.2868
2026-05-01 23:13:28,379 - INFO - Epoch 16 [390/729] - Loss: 0.2867
2026-05-01 23:13:31,824 - INFO - Epoch 16 [400/729] - Loss: 0.2855
2026-05-01 23:13:35,276 - INFO - Epoch 16 [410/729] - Loss: 0.2873
2026-05-01 23:13:38,725 - INFO - Epoch 16 [420/729] - Loss: 0.2865
2026-05-01 23:13:42,190 - INFO - Epoch 16 [430/729] - Loss: 0.2867
2026-05-01 23:13:45,633 - INFO - Epoch 16 [440/729] - Loss: 0.2864
2026-05-01 23:13:49,087 - INFO - Epoch 16 [450/729] - Loss: 0.2867
2026-05-01 23:13:52,531 - INFO - Epoch 16 [460/729] - Loss: 0.2870
2026-05-01 23:13:55,962 - INFO - Epoch 16 [470/729] - Loss: 0.2852
2026-05-01 23:13:59,403 - INFO - Epoch 16 [480/729] - Loss: 0.2844
2026-05-01 23:14:02,852 - INFO - Epoch 16 [490/729] - Loss: 0.2843
2026-05-01 23:14:06,282 - INFO - Epoch 16 [500/729] - Loss: 0.2827
2026-05-01 23:14:09,757 - INFO - Epoch 16 [510/729] - Loss: 0.2852
2026-05-01 23:14:13,202 - INFO - Epoch 16 [520/729] - Loss: 0.2852
2026-05-01 23:14:16,648 - INFO - Epoch 16 [530/729] - Loss: 0.2864
2026-05-01 23:14:20,082 - INFO - Epoch 16 [540/729] - Loss: 0.2858
2026-05-01 23:14:23,547 - INFO - Epoch 16 [550/729] - Loss: 0.2869
2026-05-01 23:14:26,980 - INFO - Epoch 16 [560/729] - Loss: 0.2861
2026-05-01 23:14:30,424 - INFO - Epoch 16 [570/729] - Loss: 0.2864
2026-05-01 23:14:33,862 - INFO - Epoch 16 [580/729] - Loss: 0.2853
2026-05-01 23:14:37,304 - INFO - Epoch 16 [590/729] - Loss: 0.2854
2026-05-01 23:14:40,743 - INFO - Epoch 16 [600/729] - Loss: 0.2848
2026-05-01 23:14:44,205 - INFO - Epoch 16 [610/729] - Loss: 0.2847
2026-05-01 23:14:47,659 - INFO - Epoch 16 [620/729] - Loss: 0.2849
2026-05-01 23:14:51,102 - INFO - Epoch 16 [630/729] - Loss: 0.2849
2026-05-01 23:14:54,557 - INFO - Epoch 16 [640/729] - Loss: 0.2856
2026-05-01 23:14:57,996 - INFO - Epoch 16 [650/729] - Loss: 0.2855
2026-05-01 23:15:01,444 - INFO - Epoch 16 [660/729] - Loss: 0.2860
2026-05-01 23:15:04,904 - INFO - Epoch 16 [670/729] - Loss: 0.2865
2026-05-01 23:15:08,341 - INFO - Epoch 16 [680/729] - Loss: 0.2855
2026-05-01 23:15:11,791 - INFO - Epoch 16 [690/729] - Loss: 0.2861
2026-05-01 23:15:15,241 - INFO - Epoch 16 [700/729] - Loss: 0.2861
2026-05-01 23:15:18,678 - INFO - Epoch 16 [710/729] - Loss: 0.2849
2026-05-01 23:15:22,125 - INFO - Epoch 16 [720/729] - Loss: 0.2854
2026-05-01 23:16:08,655 - INFO - VAL Epoch 16 | Loss: 0.3165 | IoU: 0.8840 | Prec: 0.7589 | F1: 0.7952 | MAPE_L: 8.22% | MAPE_W: 28.03%
2026-05-01 23:16:09,434 - INFO - Epoch 17 [0/729] - Loss: 0.4429
2026-05-01 23:16:12,890 - INFO - Epoch 17 [10/729] - Loss: 0.3417
2026-05-01 23:16:16,346 - INFO - Epoch 17 [20/729] - Loss: 0.3060
2026-05-01 23:16:19,818 - INFO - Epoch 17 [30/729] - Loss: 0.3057
2026-05-01 23:16:23,267 - INFO - Epoch 17 [40/729] - Loss: 0.2829
2026-05-01 23:16:26,754 - INFO - Epoch 17 [50/729] - Loss: 0.2878
2026-05-01 23:16:30,235 - INFO - Epoch 17 [60/729] - Loss: 0.2936
2026-05-01 23:16:33,696 - INFO - Epoch 17 [70/729] - Loss: 0.2911
2026-05-01 23:16:37,149 - INFO - Epoch 17 [80/729] - Loss: 0.2869
2026-05-01 23:16:40,629 - INFO - Epoch 17 [90/729] - Loss: 0.2856
2026-05-01 23:16:44,083 - INFO - Epoch 17 [100/729] - Loss: 0.2823
2026-05-01 23:16:47,552 - INFO - Epoch 17 [110/729] - Loss: 0.2838
2026-05-01 23:16:51,005 - INFO - Epoch 17 [120/729] - Loss: 0.2834
2026-05-01 23:16:54,466 - INFO - Epoch 17 [130/729] - Loss: 0.2845
2026-05-01 23:16:57,924 - INFO - Epoch 17 [140/729] - Loss: 0.2838
2026-05-01 23:17:01,380 - INFO - Epoch 17 [150/729] - Loss: 0.2840
2026-05-01 23:17:04,835 - INFO - Epoch 17 [160/729] - Loss: 0.2812
2026-05-01 23:17:08,287 - INFO - Epoch 17 [170/729] - Loss: 0.2787
2026-05-01 23:17:11,753 - INFO - Epoch 17 [180/729] - Loss: 0.2784
2026-05-01 23:17:15,207 - INFO - Epoch 17 [190/729] - Loss: 0.2782
2026-05-01 23:17:18,660 - INFO - Epoch 17 [200/729] - Loss: 0.2749
2026-05-01 23:17:22,110 - INFO - Epoch 17 [210/729] - Loss: 0.2740
2026-05-01 23:17:25,557 - INFO - Epoch 17 [220/729] - Loss: 0.2719
2026-05-01 23:17:29,010 - INFO - Epoch 17 [230/729] - Loss: 0.2701
2026-05-01 23:17:32,469 - INFO - Epoch 17 [240/729] - Loss: 0.2717
2026-05-01 23:17:35,927 - INFO - Epoch 17 [250/729] - Loss: 0.2693
2026-05-01 23:17:39,385 - INFO - Epoch 17 [260/729] - Loss: 0.2708
2026-05-01 23:17:42,833 - INFO - Epoch 17 [270/729] - Loss: 0.2699
2026-05-01 23:17:46,290 - INFO - Epoch 17 [280/729] - Loss: 0.2680
2026-05-01 23:17:49,747 - INFO - Epoch 17 [290/729] - Loss: 0.2673
2026-05-01 23:17:53,212 - INFO - Epoch 17 [300/729] - Loss: 0.2684
2026-05-01 23:17:56,670 - INFO - Epoch 17 [310/729] - Loss: 0.2705
2026-05-01 23:18:00,124 - INFO - Epoch 17 [320/729] - Loss: 0.2681
2026-05-01 23:18:03,578 - INFO - Epoch 17 [330/729] - Loss: 0.2665
2026-05-01 23:18:07,025 - INFO - Epoch 17 [340/729] - Loss: 0.2646
2026-05-01 23:18:10,476 - INFO - Epoch 17 [350/729] - Loss: 0.2646
2026-05-01 23:18:13,938 - INFO - Epoch 17 [360/729] - Loss: 0.2644
2026-05-01 23:18:17,390 - INFO - Epoch 17 [370/729] - Loss: 0.2633
2026-05-01 23:18:20,846 - INFO - Epoch 17 [380/729] - Loss: 0.2654
2026-05-01 23:18:24,302 - INFO - Epoch 17 [390/729] - Loss: 0.2656
2026-05-01 23:18:27,759 - INFO - Epoch 17 [400/729] - Loss: 0.2670
2026-05-01 23:18:31,217 - INFO - Epoch 17 [410/729] - Loss: 0.2695
2026-05-01 23:18:34,672 - INFO - Epoch 17 [420/729] - Loss: 0.2690
2026-05-01 23:18:38,114 - INFO - Epoch 17 [430/729] - Loss: 0.2683
2026-05-01 23:18:41,563 - INFO - Epoch 17 [440/729] - Loss: 0.2678
2026-05-01 23:18:45,025 - INFO - Epoch 17 [450/729] - Loss: 0.2677
2026-05-01 23:18:48,477 - INFO - Epoch 17 [460/729] - Loss: 0.2690
2026-05-01 23:18:51,923 - INFO - Epoch 17 [470/729] - Loss: 0.2684
2026-05-01 23:18:55,382 - INFO - Epoch 17 [480/729] - Loss: 0.2683
2026-05-01 23:18:58,834 - INFO - Epoch 17 [490/729] - Loss: 0.2692
2026-05-01 23:19:02,286 - INFO - Epoch 17 [500/729] - Loss: 0.2700
2026-05-01 23:19:05,761 - INFO - Epoch 17 [510/729] - Loss: 0.2707
2026-05-01 23:19:09,213 - INFO - Epoch 17 [520/729] - Loss: 0.2701
2026-05-01 23:19:12,660 - INFO - Epoch 17 [530/729] - Loss: 0.2701
2026-05-01 23:19:16,117 - INFO - Epoch 17 [540/729] - Loss: 0.2718
2026-05-01 23:19:19,604 - INFO - Epoch 17 [550/729] - Loss: 0.2723
2026-05-01 23:19:23,052 - INFO - Epoch 17 [560/729] - Loss: 0.2721
2026-05-01 23:19:26,500 - INFO - Epoch 17 [570/729] - Loss: 0.2730
2026-05-01 23:19:29,957 - INFO - Epoch 17 [580/729] - Loss: 0.2731
2026-05-01 23:19:33,402 - INFO - Epoch 17 [590/729] - Loss: 0.2725
2026-05-01 23:19:36,849 - INFO - Epoch 17 [600/729] - Loss: 0.2722
2026-05-01 23:19:40,311 - INFO - Epoch 17 [610/729] - Loss: 0.2727
2026-05-01 23:19:43,753 - INFO - Epoch 17 [620/729] - Loss: 0.2717
2026-05-01 23:19:47,200 - INFO - Epoch 17 [630/729] - Loss: 0.2718
2026-05-01 23:19:50,651 - INFO - Epoch 17 [640/729] - Loss: 0.2723
2026-05-01 23:19:54,100 - INFO - Epoch 17 [650/729] - Loss: 0.2723
2026-05-01 23:19:57,553 - INFO - Epoch 17 [660/729] - Loss: 0.2724
2026-05-01 23:20:01,014 - INFO - Epoch 17 [670/729] - Loss: 0.2732
2026-05-01 23:20:04,477 - INFO - Epoch 17 [680/729] - Loss: 0.2734
2026-05-01 23:20:07,932 - INFO - Epoch 17 [690/729] - Loss: 0.2725
2026-05-01 23:20:11,411 - INFO - Epoch 17 [700/729] - Loss: 0.2741
2026-05-01 23:20:14,862 - INFO - Epoch 17 [710/729] - Loss: 0.2732
2026-05-01 23:20:18,320 - INFO - Epoch 17 [720/729] - Loss: 0.2732
2026-05-01 23:21:05,174 - INFO - VAL Epoch 17 | Loss: 0.3148 | IoU: 0.8851 | Prec: 0.8023 | F1: 0.8100 | MAPE_L: 7.33% | MAPE_W: 27.45%
2026-05-01 23:21:05,582 - INFO -     [!] New Best Model Saved!
2026-05-01 23:21:06,321 - INFO - Epoch 18 [0/729] - Loss: 0.5743
2026-05-01 23:21:09,781 - INFO - Epoch 18 [10/729] - Loss: 0.3122
2026-05-01 23:21:13,218 - INFO - Epoch 18 [20/729] - Loss: 0.2617
2026-05-01 23:21:16,682 - INFO - Epoch 18 [30/729] - Loss: 0.2877
2026-05-01 23:21:20,127 - INFO - Epoch 18 [40/729] - Loss: 0.2796
2026-05-01 23:21:23,564 - INFO - Epoch 18 [50/729] - Loss: 0.2665
2026-05-01 23:21:27,033 - INFO - Epoch 18 [60/729] - Loss: 0.2879
2026-05-01 23:21:30,507 - INFO - Epoch 18 [70/729] - Loss: 0.2859
2026-05-01 23:21:33,954 - INFO - Epoch 18 [80/729] - Loss: 0.2856
2026-05-01 23:21:37,406 - INFO - Epoch 18 [90/729] - Loss: 0.2859
2026-05-01 23:21:40,849 - INFO - Epoch 18 [100/729] - Loss: 0.2794
2026-05-01 23:21:44,288 - INFO - Epoch 18 [110/729] - Loss: 0.2736
2026-05-01 23:21:47,741 - INFO - Epoch 18 [120/729] - Loss: 0.2755
2026-05-01 23:21:51,202 - INFO - Epoch 18 [130/729] - Loss: 0.2780
2026-05-01 23:21:54,650 - INFO - Epoch 18 [140/729] - Loss: 0.2799
2026-05-01 23:21:58,097 - INFO - Epoch 18 [150/729] - Loss: 0.2809
2026-05-01 23:22:01,560 - INFO - Epoch 18 [160/729] - Loss: 0.2793
2026-05-01 23:22:05,005 - INFO - Epoch 18 [170/729] - Loss: 0.2774
2026-05-01 23:22:08,458 - INFO - Epoch 18 [180/729] - Loss: 0.2793
2026-05-01 23:22:11,910 - INFO - Epoch 18 [190/729] - Loss: 0.2810
2026-05-01 23:22:15,362 - INFO - Epoch 18 [200/729] - Loss: 0.2815
2026-05-01 23:22:18,808 - INFO - Epoch 18 [210/729] - Loss: 0.2803
2026-05-01 23:22:22,252 - INFO - Epoch 18 [220/729] - Loss: 0.2777
2026-05-01 23:22:25,700 - INFO - Epoch 18 [230/729] - Loss: 0.2775
2026-05-01 23:22:29,146 - INFO - Epoch 18 [240/729] - Loss: 0.2794
2026-05-01 23:22:32,593 - INFO - Epoch 18 [250/729] - Loss: 0.2804
2026-05-01 23:22:36,052 - INFO - Epoch 18 [260/729] - Loss: 0.2799
2026-05-01 23:22:39,494 - INFO - Epoch 18 [270/729] - Loss: 0.2781
2026-05-01 23:22:42,938 - INFO - Epoch 18 [280/729] - Loss: 0.2755
2026-05-01 23:22:46,391 - INFO - Epoch 18 [290/729] - Loss: 0.2776
2026-05-01 23:22:49,838 - INFO - Epoch 18 [300/729] - Loss: 0.2775
2026-05-01 23:22:53,287 - INFO - Epoch 18 [310/729] - Loss: 0.2778
2026-05-01 23:22:56,736 - INFO - Epoch 18 [320/729] - Loss: 0.2769
2026-05-01 23:23:00,184 - INFO - Epoch 18 [330/729] - Loss: 0.2780
2026-05-01 23:23:03,638 - INFO - Epoch 18 [340/729] - Loss: 0.2779
2026-05-01 23:23:07,088 - INFO - Epoch 18 [350/729] - Loss: 0.2781
2026-05-01 23:23:10,534 - INFO - Epoch 18 [360/729] - Loss: 0.2774
2026-05-01 23:23:13,982 - INFO - Epoch 18 [370/729] - Loss: 0.2784
2026-05-01 23:23:17,431 - INFO - Epoch 18 [380/729] - Loss: 0.2782
2026-05-01 23:23:20,883 - INFO - Epoch 18 [390/729] - Loss: 0.2787
2026-05-01 23:23:24,327 - INFO - Epoch 18 [400/729] - Loss: 0.2774
2026-05-01 23:23:27,785 - INFO - Epoch 18 [410/729] - Loss: 0.2786
2026-05-01 23:23:31,251 - INFO - Epoch 18 [420/729] - Loss: 0.2784
2026-05-01 23:23:34,690 - INFO - Epoch 18 [430/729] - Loss: 0.2765
2026-05-01 23:23:38,136 - INFO - Epoch 18 [440/729] - Loss: 0.2767
2026-05-01 23:23:41,619 - INFO - Epoch 18 [450/729] - Loss: 0.2768
2026-05-01 23:23:45,072 - INFO - Epoch 18 [460/729] - Loss: 0.2792
2026-05-01 23:23:48,533 - INFO - Epoch 18 [470/729] - Loss: 0.2802
2026-05-01 23:23:51,980 - INFO - Epoch 18 [480/729] - Loss: 0.2796
2026-05-01 23:23:55,442 - INFO - Epoch 18 [490/729] - Loss: 0.2790
2026-05-01 23:23:58,884 - INFO - Epoch 18 [500/729] - Loss: 0.2779
2026-05-01 23:24:02,339 - INFO - Epoch 18 [510/729] - Loss: 0.2792
2026-05-01 23:24:05,784 - INFO - Epoch 18 [520/729] - Loss: 0.2784
2026-05-01 23:24:09,240 - INFO - Epoch 18 [530/729] - Loss: 0.2782
2026-05-01 23:24:12,707 - INFO - Epoch 18 [540/729] - Loss: 0.2775
2026-05-01 23:24:16,151 - INFO - Epoch 18 [550/729] - Loss: 0.2773
2026-05-01 23:24:19,596 - INFO - Epoch 18 [560/729] - Loss: 0.2763
2026-05-01 23:24:23,049 - INFO - Epoch 18 [570/729] - Loss: 0.2763
2026-05-01 23:24:26,493 - INFO - Epoch 18 [580/729] - Loss: 0.2758
2026-05-01 23:24:29,933 - INFO - Epoch 18 [590/729] - Loss: 0.2750
2026-05-01 23:24:33,373 - INFO - Epoch 18 [600/729] - Loss: 0.2737
2026-05-01 23:24:36,848 - INFO - Epoch 18 [610/729] - Loss: 0.2738
2026-05-01 23:24:40,295 - INFO - Epoch 18 [620/729] - Loss: 0.2737
2026-05-01 23:24:43,735 - INFO - Epoch 18 [630/729] - Loss: 0.2725
2026-05-01 23:24:47,187 - INFO - Epoch 18 [640/729] - Loss: 0.2719
2026-05-01 23:24:50,628 - INFO - Epoch 18 [650/729] - Loss: 0.2717
2026-05-01 23:24:54,065 - INFO - Epoch 18 [660/729] - Loss: 0.2710
2026-05-01 23:24:57,512 - INFO - Epoch 18 [670/729] - Loss: 0.2711
2026-05-01 23:25:00,953 - INFO - Epoch 18 [680/729] - Loss: 0.2698
2026-05-01 23:25:04,402 - INFO - Epoch 18 [690/729] - Loss: 0.2697
2026-05-01 23:25:07,847 - INFO - Epoch 18 [700/729] - Loss: 0.2701
2026-05-01 23:25:11,305 - INFO - Epoch 18 [710/729] - Loss: 0.2709
2026-05-01 23:25:14,761 - INFO - Epoch 18 [720/729] - Loss: 0.2714
2026-05-01 23:26:01,418 - INFO - VAL Epoch 18 | Loss: 0.3315 | IoU: 0.8728 | Prec: 0.7940 | F1: 0.8064 | MAPE_L: 8.30% | MAPE_W: 29.31%
2026-05-01 23:26:02,169 - INFO - Epoch 19 [0/729] - Loss: 0.2742
2026-05-01 23:26:05,626 - INFO - Epoch 19 [10/729] - Loss: 0.2460
2026-05-01 23:26:09,079 - INFO - Epoch 19 [20/729] - Loss: 0.2444
2026-05-01 23:26:12,522 - INFO - Epoch 19 [30/729] - Loss: 0.2502
2026-05-01 23:26:15,978 - INFO - Epoch 19 [40/729] - Loss: 0.2551
2026-05-01 23:26:19,426 - INFO - Epoch 19 [50/729] - Loss: 0.2607
2026-05-01 23:26:22,892 - INFO - Epoch 19 [60/729] - Loss: 0.2712
2026-05-01 23:26:26,384 - INFO - Epoch 19 [70/729] - Loss: 0.2853
2026-05-01 23:26:29,841 - INFO - Epoch 19 [80/729] - Loss: 0.2899
2026-05-01 23:26:33,291 - INFO - Epoch 19 [90/729] - Loss: 0.2891
2026-05-01 23:26:36,746 - INFO - Epoch 19 [100/729] - Loss: 0.2884
2026-05-01 23:26:40,191 - INFO - Epoch 19 [110/729] - Loss: 0.2869
2026-05-01 23:26:43,639 - INFO - Epoch 19 [120/729] - Loss: 0.2829
2026-05-01 23:26:47,087 - INFO - Epoch 19 [130/729] - Loss: 0.2784
2026-05-01 23:26:50,542 - INFO - Epoch 19 [140/729] - Loss: 0.2817
2026-05-01 23:26:53,991 - INFO - Epoch 19 [150/729] - Loss: 0.2805
2026-05-01 23:26:57,437 - INFO - Epoch 19 [160/729] - Loss: 0.2772
2026-05-01 23:27:00,878 - INFO - Epoch 19 [170/729] - Loss: 0.2750
2026-05-01 23:27:04,317 - INFO - Epoch 19 [180/729] - Loss: 0.2719
2026-05-01 23:27:07,750 - INFO - Epoch 19 [190/729] - Loss: 0.2712
2026-05-01 23:27:11,196 - INFO - Epoch 19 [200/729] - Loss: 0.2746
2026-05-01 23:27:14,627 - INFO - Epoch 19 [210/729] - Loss: 0.2719
2026-05-01 23:27:18,074 - INFO - Epoch 19 [220/729] - Loss: 0.2702
2026-05-01 23:27:21,518 - INFO - Epoch 19 [230/729] - Loss: 0.2691
2026-05-01 23:27:24,947 - INFO - Epoch 19 [240/729] - Loss: 0.2690
2026-05-01 23:27:28,376 - INFO - Epoch 19 [250/729] - Loss: 0.2690
2026-05-01 23:27:31,811 - INFO - Epoch 19 [260/729] - Loss: 0.2685
2026-05-01 23:27:35,241 - INFO - Epoch 19 [270/729] - Loss: 0.2671
2026-05-01 23:27:38,677 - INFO - Epoch 19 [280/729] - Loss: 0.2689
2026-05-01 23:27:42,110 - INFO - Epoch 19 [290/729] - Loss: 0.2680
2026-05-01 23:27:45,551 - INFO - Epoch 19 [300/729] - Loss: 0.2680
2026-05-01 23:27:48,978 - INFO - Epoch 19 [310/729] - Loss: 0.2662
2026-05-01 23:27:52,427 - INFO - Epoch 19 [320/729] - Loss: 0.2660
2026-05-01 23:27:55,866 - INFO - Epoch 19 [330/729] - Loss: 0.2664
2026-05-01 23:27:59,301 - INFO - Epoch 19 [340/729] - Loss: 0.2665
2026-05-01 23:28:02,744 - INFO - Epoch 19 [350/729] - Loss: 0.2675
2026-05-01 23:28:06,182 - INFO - Epoch 19 [360/729] - Loss: 0.2664
2026-05-01 23:28:09,622 - INFO - Epoch 19 [370/729] - Loss: 0.2668
2026-05-01 23:28:13,059 - INFO - Epoch 19 [380/729] - Loss: 0.2683
2026-05-01 23:28:16,502 - INFO - Epoch 19 [390/729] - Loss: 0.2679
2026-05-01 23:28:19,949 - INFO - Epoch 19 [400/729] - Loss: 0.2667
2026-05-01 23:28:23,397 - INFO - Epoch 19 [410/729] - Loss: 0.2675
2026-05-01 23:28:26,834 - INFO - Epoch 19 [420/729] - Loss: 0.2665
2026-05-01 23:28:30,266 - INFO - Epoch 19 [430/729] - Loss: 0.2653
2026-05-01 23:28:33,699 - INFO - Epoch 19 [440/729] - Loss: 0.2642
2026-05-01 23:28:37,140 - INFO - Epoch 19 [450/729] - Loss: 0.2644
2026-05-01 23:28:40,589 - INFO - Epoch 19 [460/729] - Loss: 0.2651
2026-05-01 23:28:44,042 - INFO - Epoch 19 [470/729] - Loss: 0.2661
2026-05-01 23:28:47,482 - INFO - Epoch 19 [480/729] - Loss: 0.2656
2026-05-01 23:28:50,920 - INFO - Epoch 19 [490/729] - Loss: 0.2654
2026-05-01 23:28:54,362 - INFO - Epoch 19 [500/729] - Loss: 0.2651
2026-05-01 23:28:57,831 - INFO - Epoch 19 [510/729] - Loss: 0.2662
2026-05-01 23:29:01,275 - INFO - Epoch 19 [520/729] - Loss: 0.2664
2026-05-01 23:29:04,724 - INFO - Epoch 19 [530/729] - Loss: 0.2669
2026-05-01 23:29:08,159 - INFO - Epoch 19 [540/729] - Loss: 0.2668
2026-05-01 23:29:11,622 - INFO - Epoch 19 [550/729] - Loss: 0.2668
2026-05-01 23:29:15,056 - INFO - Epoch 19 [560/729] - Loss: 0.2665
2026-05-01 23:29:18,507 - INFO - Epoch 19 [570/729] - Loss: 0.2672
2026-05-01 23:29:21,952 - INFO - Epoch 19 [580/729] - Loss: 0.2674
2026-05-01 23:29:25,390 - INFO - Epoch 19 [590/729] - Loss: 0.2669
2026-05-01 23:29:28,822 - INFO - Epoch 19 [600/729] - Loss: 0.2665
2026-05-01 23:29:32,265 - INFO - Epoch 19 [610/729] - Loss: 0.2660
2026-05-01 23:29:35,709 - INFO - Epoch 19 [620/729] - Loss: 0.2661
2026-05-01 23:29:39,158 - INFO - Epoch 19 [630/729] - Loss: 0.2665
2026-05-01 23:29:42,604 - INFO - Epoch 19 [640/729] - Loss: 0.2665
2026-05-01 23:29:46,036 - INFO - Epoch 19 [650/729] - Loss: 0.2665
2026-05-01 23:29:49,470 - INFO - Epoch 19 [660/729] - Loss: 0.2660
2026-05-01 23:29:52,907 - INFO - Epoch 19 [670/729] - Loss: 0.2662
2026-05-01 23:29:56,349 - INFO - Epoch 19 [680/729] - Loss: 0.2673
2026-05-01 23:29:59,786 - INFO - Epoch 19 [690/729] - Loss: 0.2668
2026-05-01 23:30:03,248 - INFO - Epoch 19 [700/729] - Loss: 0.2659
2026-05-01 23:30:06,685 - INFO - Epoch 19 [710/729] - Loss: 0.2656
2026-05-01 23:30:10,118 - INFO - Epoch 19 [720/729] - Loss: 0.2663
2026-05-01 23:30:56,389 - INFO - VAL Epoch 19 | Loss: 0.3193 | IoU: 0.8802 | Prec: 0.8136 | F1: 0.8245 | MAPE_L: 7.31% | MAPE_W: 27.71%
2026-05-01 23:30:56,761 - INFO -     [!] New Best Model Saved!
2026-05-01 23:30:57,434 - INFO - Epoch 20 [0/729] - Loss: 0.1127
2026-05-01 23:31:05,907 - INFO - Epoch 20 [10/729] - Loss: 0.2302
2026-05-01 23:31:09,341 - INFO - Epoch 20 [20/729] - Loss: 0.2275
2026-05-01 23:31:12,786 - INFO - Epoch 20 [30/729] - Loss: 0.2598
2026-05-01 23:31:16,226 - INFO - Epoch 20 [40/729] - Loss: 0.2561
2026-05-01 23:31:19,660 - INFO - Epoch 20 [50/729] - Loss: 0.2552
2026-05-01 23:31:23,096 - INFO - Epoch 20 [60/729] - Loss: 0.2540
2026-05-01 23:31:26,535 - INFO - Epoch 20 [70/729] - Loss: 0.2504
2026-05-01 23:31:29,971 - INFO - Epoch 20 [80/729] - Loss: 0.2467
2026-05-01 23:31:33,413 - INFO - Epoch 20 [90/729] - Loss: 0.2492
2026-05-01 23:31:36,854 - INFO - Epoch 20 [100/729] - Loss: 0.2482
2026-05-01 23:31:40,304 - INFO - Epoch 20 [110/729] - Loss: 0.2479
2026-05-01 23:31:43,741 - INFO - Epoch 20 [120/729] - Loss: 0.2502
2026-05-01 23:31:47,177 - INFO - Epoch 20 [130/729] - Loss: 0.2476
2026-05-01 23:31:50,621 - INFO - Epoch 20 [140/729] - Loss: 0.2483
2026-05-01 23:31:54,065 - INFO - Epoch 20 [150/729] - Loss: 0.2519
2026-05-01 23:31:57,519 - INFO - Epoch 20 [160/729] - Loss: 0.2534
2026-05-01 23:32:00,959 - INFO - Epoch 20 [170/729] - Loss: 0.2532
2026-05-01 23:32:04,405 - INFO - Epoch 20 [180/729] - Loss: 0.2516
2026-05-01 23:32:07,851 - INFO - Epoch 20 [190/729] - Loss: 0.2527
2026-05-01 23:32:11,315 - INFO - Epoch 20 [200/729] - Loss: 0.2532
2026-05-01 23:32:14,755 - INFO - Epoch 20 [210/729] - Loss: 0.2547
2026-05-01 23:32:18,239 - INFO - Epoch 20 [220/729] - Loss: 0.2598
2026-05-01 23:32:21,685 - INFO - Epoch 20 [230/729] - Loss: 0.2585
2026-05-01 23:32:25,132 - INFO - Epoch 20 [240/729] - Loss: 0.2579
2026-05-01 23:32:28,575 - INFO - Epoch 20 [250/729] - Loss: 0.2594
2026-05-01 23:32:32,025 - INFO - Epoch 20 [260/729] - Loss: 0.2603
2026-05-01 23:32:35,467 - INFO - Epoch 20 [270/729] - Loss: 0.2606
2026-05-01 23:32:38,910 - INFO - Epoch 20 [280/729] - Loss: 0.2614
2026-05-01 23:32:42,388 - INFO - Epoch 20 [290/729] - Loss: 0.2629
2026-05-01 23:32:45,830 - INFO - Epoch 20 [300/729] - Loss: 0.2634
2026-05-01 23:32:49,287 - INFO - Epoch 20 [310/729] - Loss: 0.2654
2026-05-01 23:32:52,727 - INFO - Epoch 20 [320/729] - Loss: 0.2637
2026-05-01 23:32:56,178 - INFO - Epoch 20 [330/729] - Loss: 0.2631
2026-05-01 23:32:59,621 - INFO - Epoch 20 [340/729] - Loss: 0.2619
2026-05-01 23:33:03,085 - INFO - Epoch 20 [350/729] - Loss: 0.2630
2026-05-01 23:33:06,532 - INFO - Epoch 20 [360/729] - Loss: 0.2623
2026-05-01 23:33:09,973 - INFO - Epoch 20 [370/729] - Loss: 0.2618
2026-05-01 23:33:13,410 - INFO - Epoch 20 [380/729] - Loss: 0.2608
2026-05-01 23:33:16,857 - INFO - Epoch 20 [390/729] - Loss: 0.2615
2026-05-01 23:33:20,305 - INFO - Epoch 20 [400/729] - Loss: 0.2613
2026-05-01 23:33:23,761 - INFO - Epoch 20 [410/729] - Loss: 0.2623
2026-05-01 23:33:27,208 - INFO - Epoch 20 [420/729] - Loss: 0.2623
2026-05-01 23:33:30,650 - INFO - Epoch 20 [430/729] - Loss: 0.2627
2026-05-01 23:33:34,092 - INFO - Epoch 20 [440/729] - Loss: 0.2621
2026-05-01 23:33:37,537 - INFO - Epoch 20 [450/729] - Loss: 0.2627
2026-05-01 23:33:40,978 - INFO - Epoch 20 [460/729] - Loss: 0.2620
2026-05-01 23:33:44,427 - INFO - Epoch 20 [470/729] - Loss: 0.2633
2026-05-01 23:33:47,873 - INFO - Epoch 20 [480/729] - Loss: 0.2633
2026-05-01 23:33:51,317 - INFO - Epoch 20 [490/729] - Loss: 0.2634
2026-05-01 23:33:54,754 - INFO - Epoch 20 [500/729] - Loss: 0.2623
2026-05-01 23:33:58,202 - INFO - Epoch 20 [510/729] - Loss: 0.2627
2026-05-01 23:34:01,649 - INFO - Epoch 20 [520/729] - Loss: 0.2630
2026-05-01 23:34:05,112 - INFO - Epoch 20 [530/729] - Loss: 0.2634
2026-05-01 23:34:08,556 - INFO - Epoch 20 [540/729] - Loss: 0.2637
2026-05-01 23:34:11,998 - INFO - Epoch 20 [550/729] - Loss: 0.2642
2026-05-01 23:34:15,442 - INFO - Epoch 20 [560/729] - Loss: 0.2639
2026-05-01 23:34:18,883 - INFO - Epoch 20 [570/729] - Loss: 0.2643
2026-05-01 23:34:22,334 - INFO - Epoch 20 [580/729] - Loss: 0.2649
2026-05-01 23:34:25,769 - INFO - Epoch 20 [590/729] - Loss: 0.2636
2026-05-01 23:34:29,208 - INFO - Epoch 20 [600/729] - Loss: 0.2628
2026-05-01 23:34:32,647 - INFO - Epoch 20 [610/729] - Loss: 0.2615
2026-05-01 23:34:36,109 - INFO - Epoch 20 [620/729] - Loss: 0.2615
2026-05-01 23:34:39,552 - INFO - Epoch 20 [630/729] - Loss: 0.2613
2026-05-01 23:34:43,004 - INFO - Epoch 20 [640/729] - Loss: 0.2619
2026-05-01 23:34:46,441 - INFO - Epoch 20 [650/729] - Loss: 0.2618
2026-05-01 23:34:49,882 - INFO - Epoch 20 [660/729] - Loss: 0.2617
2026-05-01 23:34:53,318 - INFO - Epoch 20 [670/729] - Loss: 0.2621
2026-05-01 23:34:56,775 - INFO - Epoch 20 [680/729] - Loss: 0.2625
2026-05-01 23:35:00,239 - INFO - Epoch 20 [690/729] - Loss: 0.2645
2026-05-01 23:35:03,684 - INFO - Epoch 20 [700/729] - Loss: 0.2636
2026-05-01 23:35:07,128 - INFO - Epoch 20 [710/729] - Loss: 0.2644
2026-05-01 23:35:10,622 - INFO - Epoch 20 [720/729] - Loss: 0.2651
2026-05-01 23:35:57,297 - INFO - VAL Epoch 20 | Loss: 0.3073 | IoU: 0.8887 | Prec: 0.7178 | F1: 0.7802 | MAPE_L: 7.83% | MAPE_W: 27.59%
2026-05-01 23:35:58,089 - INFO - Epoch 21 [0/729] - Loss: 0.1085
2026-05-01 23:36:01,532 - INFO - Epoch 21 [10/729] - Loss: 0.2075
2026-05-01 23:36:05,016 - INFO - Epoch 21 [20/729] - Loss: 0.2540
2026-05-01 23:36:08,463 - INFO - Epoch 21 [30/729] - Loss: 0.2511
2026-05-01 23:36:11,909 - INFO - Epoch 21 [40/729] - Loss: 0.2452
2026-05-01 23:36:15,356 - INFO - Epoch 21 [50/729] - Loss: 0.2484
2026-05-01 23:36:18,814 - INFO - Epoch 21 [60/729] - Loss: 0.2521
2026-05-01 23:36:22,276 - INFO - Epoch 21 [70/729] - Loss: 0.2530
2026-05-01 23:36:25,722 - INFO - Epoch 21 [80/729] - Loss: 0.2521
2026-05-01 23:36:29,167 - INFO - Epoch 21 [90/729] - Loss: 0.2509
2026-05-01 23:36:32,618 - INFO - Epoch 21 [100/729] - Loss: 0.2516
2026-05-01 23:36:36,066 - INFO - Epoch 21 [110/729] - Loss: 0.2514
2026-05-01 23:36:39,523 - INFO - Epoch 21 [120/729] - Loss: 0.2511
2026-05-01 23:36:42,975 - INFO - Epoch 21 [130/729] - Loss: 0.2556
2026-05-01 23:36:46,436 - INFO - Epoch 21 [140/729] - Loss: 0.2572
2026-05-01 23:36:49,887 - INFO - Epoch 21 [150/729] - Loss: 0.2547
2026-05-01 23:36:53,339 - INFO - Epoch 21 [160/729] - Loss: 0.2549
2026-05-01 23:36:56,787 - INFO - Epoch 21 [170/729] - Loss: 0.2543
2026-05-01 23:37:00,228 - INFO - Epoch 21 [180/729] - Loss: 0.2547
2026-05-01 23:37:03,673 - INFO - Epoch 21 [190/729] - Loss: 0.2530
2026-05-01 23:37:07,162 - INFO - Epoch 21 [200/729] - Loss: 0.2570
2026-05-01 23:37:10,612 - INFO - Epoch 21 [210/729] - Loss: 0.2576
2026-05-01 23:37:14,059 - INFO - Epoch 21 [220/729] - Loss: 0.2574
2026-05-01 23:37:17,519 - INFO - Epoch 21 [230/729] - Loss: 0.2574
2026-05-01 23:37:20,955 - INFO - Epoch 21 [240/729] - Loss: 0.2555
2026-05-01 23:37:24,411 - INFO - Epoch 21 [250/729] - Loss: 0.2569
2026-05-01 23:37:27,868 - INFO - Epoch 21 [260/729] - Loss: 0.2591
2026-05-01 23:37:31,313 - INFO - Epoch 21 [270/729] - Loss: 0.2576
2026-05-01 23:37:34,755 - INFO - Epoch 21 [280/729] - Loss: 0.2593
2026-05-01 23:37:38,219 - INFO - Epoch 21 [290/729] - Loss: 0.2591
2026-05-01 23:37:41,662 - INFO - Epoch 21 [300/729] - Loss: 0.2577
2026-05-01 23:37:45,111 - INFO - Epoch 21 [310/729] - Loss: 0.2565
2026-05-01 23:37:48,555 - INFO - Epoch 21 [320/729] - Loss: 0.2556
2026-05-01 23:37:51,999 - INFO - Epoch 21 [330/729] - Loss: 0.2558
2026-05-01 23:37:55,442 - INFO - Epoch 21 [340/729] - Loss: 0.2549
2026-05-01 23:37:58,894 - INFO - Epoch 21 [350/729] - Loss: 0.2543
2026-05-01 23:38:02,346 - INFO - Epoch 21 [360/729] - Loss: 0.2536
2026-05-01 23:38:05,805 - INFO - Epoch 21 [370/729] - Loss: 0.2544
2026-05-01 23:38:09,261 - INFO - Epoch 21 [380/729] - Loss: 0.2567
2026-05-01 23:38:12,712 - INFO - Epoch 21 [390/729] - Loss: 0.2559
2026-05-01 23:38:16,153 - INFO - Epoch 21 [400/729] - Loss: 0.2547
2026-05-01 23:38:19,600 - INFO - Epoch 21 [410/729] - Loss: 0.2544
2026-05-01 23:38:23,043 - INFO - Epoch 21 [420/729] - Loss: 0.2532
2026-05-01 23:38:26,508 - INFO - Epoch 21 [430/729] - Loss: 0.2526
2026-05-01 23:38:29,956 - INFO - Epoch 21 [440/729] - Loss: 0.2541
2026-05-01 23:38:33,407 - INFO - Epoch 21 [450/729] - Loss: 0.2545
2026-05-01 23:38:36,854 - INFO - Epoch 21 [460/729] - Loss: 0.2553
2026-05-01 23:38:40,298 - INFO - Epoch 21 [470/729] - Loss: 0.2547
2026-05-01 23:38:43,744 - INFO - Epoch 21 [480/729] - Loss: 0.2540
2026-05-01 23:38:47,185 - INFO - Epoch 21 [490/729] - Loss: 0.2536
2026-05-01 23:38:50,628 - INFO - Epoch 21 [500/729] - Loss: 0.2543
2026-05-01 23:38:54,082 - INFO - Epoch 21 [510/729] - Loss: 0.2551
2026-05-01 23:38:57,533 - INFO - Epoch 21 [520/729] - Loss: 0.2550
2026-05-01 23:39:00,981 - INFO - Epoch 21 [530/729] - Loss: 0.2553
2026-05-01 23:39:04,423 - INFO - Epoch 21 [540/729] - Loss: 0.2554
2026-05-01 23:39:07,863 - INFO - Epoch 21 [550/729] - Loss: 0.2553
2026-05-01 23:39:11,328 - INFO - Epoch 21 [560/729] - Loss: 0.2555
2026-05-01 23:39:14,770 - INFO - Epoch 21 [570/729] - Loss: 0.2551
2026-05-01 23:39:18,217 - INFO - Epoch 21 [580/729] - Loss: 0.2554
2026-05-01 23:39:21,666 - INFO - Epoch 21 [590/729] - Loss: 0.2555
2026-05-01 23:39:25,110 - INFO - Epoch 21 [600/729] - Loss: 0.2558
2026-05-01 23:39:28,548 - INFO - Epoch 21 [610/729] - Loss: 0.2556
2026-05-01 23:39:31,986 - INFO - Epoch 21 [620/729] - Loss: 0.2559
2026-05-01 23:39:35,425 - INFO - Epoch 21 [630/729] - Loss: 0.2552
2026-05-01 23:39:38,875 - INFO - Epoch 21 [640/729] - Loss: 0.2561
2026-05-01 23:39:42,314 - INFO - Epoch 21 [650/729] - Loss: 0.2559
2026-05-01 23:39:45,755 - INFO - Epoch 21 [660/729] - Loss: 0.2565
2026-05-01 23:39:49,199 - INFO - Epoch 21 [670/729] - Loss: 0.2573
2026-05-01 23:39:52,641 - INFO - Epoch 21 [680/729] - Loss: 0.2571
2026-05-01 23:39:56,081 - INFO - Epoch 21 [690/729] - Loss: 0.2575
2026-05-01 23:39:59,523 - INFO - Epoch 21 [700/729] - Loss: 0.2582
2026-05-01 23:40:02,982 - INFO - Epoch 21 [710/729] - Loss: 0.2583
2026-05-01 23:40:06,418 - INFO - Epoch 21 [720/729] - Loss: 0.2578
2026-05-01 23:40:52,954 - INFO - VAL Epoch 21 | Loss: 0.3098 | IoU: 0.8866 | Prec: 0.7658 | F1: 0.8005 | MAPE_L: 7.64% | MAPE_W: 27.35%
2026-05-01 23:40:53,698 - INFO - Epoch 22 [0/729] - Loss: 0.1390
2026-05-01 23:41:01,517 - INFO - Epoch 22 [10/729] - Loss: 0.2122
2026-05-01 23:41:04,955 - INFO - Epoch 22 [20/729] - Loss: 0.2397
2026-05-01 23:41:08,389 - INFO - Epoch 22 [30/729] - Loss: 0.2446
2026-05-01 23:41:11,824 - INFO - Epoch 22 [40/729] - Loss: 0.2358
2026-05-01 23:41:15,272 - INFO - Epoch 22 [50/729] - Loss: 0.2496
2026-05-01 23:41:18,735 - INFO - Epoch 22 [60/729] - Loss: 0.2583
2026-05-01 23:41:22,186 - INFO - Epoch 22 [70/729] - Loss: 0.2570
2026-05-01 23:41:25,634 - INFO - Epoch 22 [80/729] - Loss: 0.2598
2026-05-01 23:41:29,069 - INFO - Epoch 22 [90/729] - Loss: 0.2597
2026-05-01 23:41:32,509 - INFO - Epoch 22 [100/729] - Loss: 0.2582
2026-05-01 23:41:35,951 - INFO - Epoch 22 [110/729] - Loss: 0.2621
2026-05-01 23:41:39,387 - INFO - Epoch 22 [120/729] - Loss: 0.2602
2026-05-01 23:41:42,825 - INFO - Epoch 22 [130/729] - Loss: 0.2570
2026-05-01 23:41:46,271 - INFO - Epoch 22 [140/729] - Loss: 0.2557
2026-05-01 23:41:49,713 - INFO - Epoch 22 [150/729] - Loss: 0.2569
2026-05-01 23:41:53,161 - INFO - Epoch 22 [160/729] - Loss: 0.2589
2026-05-01 23:41:56,611 - INFO - Epoch 22 [170/729] - Loss: 0.2596
2026-05-01 23:42:00,054 - INFO - Epoch 22 [180/729] - Loss: 0.2641
2026-05-01 23:42:03,520 - INFO - Epoch 22 [190/729] - Loss: 0.2625
2026-05-01 23:42:06,960 - INFO - Epoch 22 [200/729] - Loss: 0.2606
2026-05-01 23:42:10,414 - INFO - Epoch 22 [210/729] - Loss: 0.2610
2026-05-01 23:42:13,854 - INFO - Epoch 22 [220/729] - Loss: 0.2597
2026-05-01 23:42:17,304 - INFO - Epoch 22 [230/729] - Loss: 0.2614
2026-05-01 23:42:20,762 - INFO - Epoch 22 [240/729] - Loss: 0.2597
2026-05-01 23:42:24,203 - INFO - Epoch 22 [250/729] - Loss: 0.2593
2026-05-01 23:42:27,652 - INFO - Epoch 22 [260/729] - Loss: 0.2590
2026-05-01 23:42:31,084 - INFO - Epoch 22 [270/729] - Loss: 0.2566
2026-05-01 23:42:34,522 - INFO - Epoch 22 [280/729] - Loss: 0.2559
2026-05-01 23:42:37,963 - INFO - Epoch 22 [290/729] - Loss: 0.2551
2026-05-01 23:42:41,399 - INFO - Epoch 22 [300/729] - Loss: 0.2563
2026-05-01 23:42:44,831 - INFO - Epoch 22 [310/729] - Loss: 0.2538
2026-05-01 23:42:48,275 - INFO - Epoch 22 [320/729] - Loss: 0.2532
2026-05-01 23:42:51,714 - INFO - Epoch 22 [330/729] - Loss: 0.2523
2026-05-01 23:42:55,161 - INFO - Epoch 22 [340/729] - Loss: 0.2542
2026-05-01 23:42:58,597 - INFO - Epoch 22 [350/729] - Loss: 0.2535
2026-05-01 23:43:02,053 - INFO - Epoch 22 [360/729] - Loss: 0.2543
2026-05-01 23:43:05,491 - INFO - Epoch 22 [370/729] - Loss: 0.2536
2026-05-01 23:43:08,928 - INFO - Epoch 22 [380/729] - Loss: 0.2530
2026-05-01 23:43:12,368 - INFO - Epoch 22 [390/729] - Loss: 0.2522
2026-05-01 23:43:15,805 - INFO - Epoch 22 [400/729] - Loss: 0.2517
2026-05-01 23:43:19,248 - INFO - Epoch 22 [410/729] - Loss: 0.2520
2026-05-01 23:43:22,702 - INFO - Epoch 22 [420/729] - Loss: 0.2520
2026-05-01 23:43:26,148 - INFO - Epoch 22 [430/729] - Loss: 0.2534
2026-05-01 23:43:29,594 - INFO - Epoch 22 [440/729] - Loss: 0.2538
2026-05-01 23:43:33,050 - INFO - Epoch 22 [450/729] - Loss: 0.2543
2026-05-01 23:43:36,510 - INFO - Epoch 22 [460/729] - Loss: 0.2545
2026-05-01 23:43:39,951 - INFO - Epoch 22 [470/729] - Loss: 0.2543
2026-05-01 23:43:43,389 - INFO - Epoch 22 [480/729] - Loss: 0.2540
2026-05-01 23:43:46,889 - INFO - Epoch 22 [490/729] - Loss: 0.2565
2026-05-01 23:43:50,341 - INFO - Epoch 22 [500/729] - Loss: 0.2581
2026-05-01 23:43:53,776 - INFO - Epoch 22 [510/729] - Loss: 0.2573
2026-05-01 23:43:57,242 - INFO - Epoch 22 [520/729] - Loss: 0.2583
2026-05-01 23:44:00,684 - INFO - Epoch 22 [530/729] - Loss: 0.2582
2026-05-01 23:44:04,133 - INFO - Epoch 22 [540/729] - Loss: 0.2584
2026-05-01 23:44:07,577 - INFO - Epoch 22 [550/729] - Loss: 0.2583
2026-05-01 23:44:11,013 - INFO - Epoch 22 [560/729] - Loss: 0.2580
2026-05-01 23:44:14,444 - INFO - Epoch 22 [570/729] - Loss: 0.2565
2026-05-01 23:44:17,886 - INFO - Epoch 22 [580/729] - Loss: 0.2554
2026-05-01 23:44:21,338 - INFO - Epoch 22 [590/729] - Loss: 0.2559
2026-05-01 23:44:24,800 - INFO - Epoch 22 [600/729] - Loss: 0.2554
2026-05-01 23:44:28,241 - INFO - Epoch 22 [610/729] - Loss: 0.2551
2026-05-01 23:44:31,687 - INFO - Epoch 22 [620/729] - Loss: 0.2550
2026-05-01 23:44:35,123 - INFO - Epoch 22 [630/729] - Loss: 0.2539
2026-05-01 23:44:38,563 - INFO - Epoch 22 [640/729] - Loss: 0.2535
2026-05-01 23:44:42,007 - INFO - Epoch 22 [650/729] - Loss: 0.2535
2026-05-01 23:44:45,455 - INFO - Epoch 22 [660/729] - Loss: 0.2543
2026-05-01 23:44:48,908 - INFO - Epoch 22 [670/729] - Loss: 0.2546
2026-05-01 23:44:52,355 - INFO - Epoch 22 [680/729] - Loss: 0.2541
2026-05-01 23:44:55,791 - INFO - Epoch 22 [690/729] - Loss: 0.2538
2026-05-01 23:44:59,238 - INFO - Epoch 22 [700/729] - Loss: 0.2544
2026-05-01 23:45:02,678 - INFO - Epoch 22 [710/729] - Loss: 0.2541
2026-05-01 23:45:06,128 - INFO - Epoch 22 [720/729] - Loss: 0.2539
2026-05-01 23:45:52,781 - INFO - VAL Epoch 22 | Loss: 0.3162 | IoU: 0.8808 | Prec: 0.7945 | F1: 0.8166 | MAPE_L: 7.24% | MAPE_W: 29.10%
2026-05-01 23:45:53,575 - INFO - Epoch 23 [0/729] - Loss: 0.3547
2026-05-01 23:45:57,011 - INFO - Epoch 23 [10/729] - Loss: 0.2846
2026-05-01 23:46:00,449 - INFO - Epoch 23 [20/729] - Loss: 0.2454
2026-05-01 23:46:03,905 - INFO - Epoch 23 [30/729] - Loss: 0.2464
2026-05-01 23:46:07,349 - INFO - Epoch 23 [40/729] - Loss: 0.2399
2026-05-01 23:46:10,792 - INFO - Epoch 23 [50/729] - Loss: 0.2352
2026-05-01 23:46:14,235 - INFO - Epoch 23 [60/729] - Loss: 0.2341
2026-05-01 23:46:17,693 - INFO - Epoch 23 [70/729] - Loss: 0.2456
2026-05-01 23:46:21,136 - INFO - Epoch 23 [80/729] - Loss: 0.2464
2026-05-01 23:46:24,584 - INFO - Epoch 23 [90/729] - Loss: 0.2452
2026-05-01 23:46:28,053 - INFO - Epoch 23 [100/729] - Loss: 0.2492
2026-05-01 23:46:31,523 - INFO - Epoch 23 [110/729] - Loss: 0.2498
2026-05-01 23:46:34,971 - INFO - Epoch 23 [120/729] - Loss: 0.2525
2026-05-01 23:46:38,417 - INFO - Epoch 23 [130/729] - Loss: 0.2497
2026-05-01 23:46:41,861 - INFO - Epoch 23 [140/729] - Loss: 0.2537
2026-05-01 23:46:45,305 - INFO - Epoch 23 [150/729] - Loss: 0.2535
2026-05-01 23:46:48,757 - INFO - Epoch 23 [160/729] - Loss: 0.2561
2026-05-01 23:46:52,208 - INFO - Epoch 23 [170/729] - Loss: 0.2546
2026-05-01 23:46:55,654 - INFO - Epoch 23 [180/729] - Loss: 0.2531
2026-05-01 23:46:59,108 - INFO - Epoch 23 [190/729] - Loss: 0.2537
2026-05-01 23:47:02,572 - INFO - Epoch 23 [200/729] - Loss: 0.2519
2026-05-01 23:47:06,012 - INFO - Epoch 23 [210/729] - Loss: 0.2514
2026-05-01 23:47:09,458 - INFO - Epoch 23 [220/729] - Loss: 0.2525
2026-05-01 23:47:12,920 - INFO - Epoch 23 [230/729] - Loss: 0.2537
2026-05-01 23:47:16,364 - INFO - Epoch 23 [240/729] - Loss: 0.2512
2026-05-01 23:47:19,806 - INFO - Epoch 23 [250/729] - Loss: 0.2495
2026-05-01 23:47:23,295 - INFO - Epoch 23 [260/729] - Loss: 0.2537
2026-05-01 23:47:26,735 - INFO - Epoch 23 [270/729] - Loss: 0.2526
2026-05-01 23:47:30,178 - INFO - Epoch 23 [280/729] - Loss: 0.2516
2026-05-01 23:47:33,623 - INFO - Epoch 23 [290/729] - Loss: 0.2503
2026-05-01 23:47:37,062 - INFO - Epoch 23 [300/729] - Loss: 0.2499
2026-05-01 23:47:40,505 - INFO - Epoch 23 [310/729] - Loss: 0.2506
2026-05-01 23:47:43,961 - INFO - Epoch 23 [320/729] - Loss: 0.2527
2026-05-01 23:47:47,406 - INFO - Epoch 23 [330/729] - Loss: 0.2532
2026-05-01 23:47:50,845 - INFO - Epoch 23 [340/729] - Loss: 0.2533
2026-05-01 23:47:54,291 - INFO - Epoch 23 [350/729] - Loss: 0.2532
2026-05-01 23:47:57,734 - INFO - Epoch 23 [360/729] - Loss: 0.2524
2026-05-01 23:48:01,175 - INFO - Epoch 23 [370/729] - Loss: 0.2512
2026-05-01 23:48:04,615 - INFO - Epoch 23 [380/729] - Loss: 0.2501
2026-05-01 23:48:08,068 - INFO - Epoch 23 [390/729] - Loss: 0.2501
2026-05-01 23:48:11,520 - INFO - Epoch 23 [400/729] - Loss: 0.2503
2026-05-01 23:48:15,000 - INFO - Epoch 23 [410/729] - Loss: 0.2510
2026-05-01 23:48:18,452 - INFO - Epoch 23 [420/729] - Loss: 0.2513
2026-05-01 23:48:21,899 - INFO - Epoch 23 [430/729] - Loss: 0.2515
2026-05-01 23:48:25,339 - INFO - Epoch 23 [440/729] - Loss: 0.2510
2026-05-01 23:48:28,795 - INFO - Epoch 23 [450/729] - Loss: 0.2506
2026-05-01 23:48:32,235 - INFO - Epoch 23 [460/729] - Loss: 0.2504
2026-05-01 23:48:35,676 - INFO - Epoch 23 [470/729] - Loss: 0.2500
2026-05-01 23:48:39,128 - INFO - Epoch 23 [480/729] - Loss: 0.2509
2026-05-01 23:48:42,579 - INFO - Epoch 23 [490/729] - Loss: 0.2521
2026-05-01 23:48:46,022 - INFO - Epoch 23 [500/729] - Loss: 0.2516
2026-05-01 23:48:49,468 - INFO - Epoch 23 [510/729] - Loss: 0.2514
2026-05-01 23:48:52,916 - INFO - Epoch 23 [520/729] - Loss: 0.2516
2026-05-01 23:48:56,379 - INFO - Epoch 23 [530/729] - Loss: 0.2523
2026-05-01 23:48:59,819 - INFO - Epoch 23 [540/729] - Loss: 0.2524
2026-05-01 23:49:03,264 - INFO - Epoch 23 [550/729] - Loss: 0.2514
2026-05-01 23:49:06,706 - INFO - Epoch 23 [560/729] - Loss: 0.2512
2026-05-01 23:49:10,183 - INFO - Epoch 23 [570/729] - Loss: 0.2518
2026-05-01 23:49:13,622 - INFO - Epoch 23 [580/729] - Loss: 0.2508
2026-05-01 23:49:17,083 - INFO - Epoch 23 [590/729] - Loss: 0.2520
2026-05-01 23:49:20,539 - INFO - Epoch 23 [600/729] - Loss: 0.2521
2026-05-01 23:49:23,993 - INFO - Epoch 23 [610/729] - Loss: 0.2514
2026-05-01 23:49:27,452 - INFO - Epoch 23 [620/729] - Loss: 0.2518
2026-05-01 23:49:30,892 - INFO - Epoch 23 [630/729] - Loss: 0.2509
2026-05-01 23:49:34,330 - INFO - Epoch 23 [640/729] - Loss: 0.2496
2026-05-01 23:49:37,765 - INFO - Epoch 23 [650/729] - Loss: 0.2485
2026-05-01 23:49:41,220 - INFO - Epoch 23 [660/729] - Loss: 0.2490
2026-05-01 23:49:44,664 - INFO - Epoch 23 [670/729] - Loss: 0.2487
2026-05-01 23:49:48,125 - INFO - Epoch 23 [680/729] - Loss: 0.2486
2026-05-01 23:49:51,575 - INFO - Epoch 23 [690/729] - Loss: 0.2489
2026-05-01 23:49:55,015 - INFO - Epoch 23 [700/729] - Loss: 0.2485
2026-05-01 23:49:58,478 - INFO - Epoch 23 [710/729] - Loss: 0.2486
2026-05-01 23:50:01,932 - INFO - Epoch 23 [720/729] - Loss: 0.2497
2026-05-01 23:50:48,815 - INFO - VAL Epoch 23 | Loss: 0.3084 | IoU: 0.8821 | Prec: 0.8025 | F1: 0.8216 | MAPE_L: 7.04% | MAPE_W: 27.14%
2026-05-01 23:50:49,664 - INFO - Epoch 24 [0/729] - Loss: 0.2129
2026-05-01 23:50:53,121 - INFO - Epoch 24 [10/729] - Loss: 0.2679
2026-05-01 23:50:56,555 - INFO - Epoch 24 [20/729] - Loss: 0.2201
2026-05-01 23:51:00,028 - INFO - Epoch 24 [30/729] - Loss: 0.2385
2026-05-01 23:51:03,503 - INFO - Epoch 24 [40/729] - Loss: 0.2423
2026-05-01 23:51:06,949 - INFO - Epoch 24 [50/729] - Loss: 0.2452
2026-05-01 23:51:10,386 - INFO - Epoch 24 [60/729] - Loss: 0.2425
2026-05-01 23:51:13,833 - INFO - Epoch 24 [70/729] - Loss: 0.2451
2026-05-01 23:51:17,279 - INFO - Epoch 24 [80/729] - Loss: 0.2482
2026-05-01 23:51:20,722 - INFO - Epoch 24 [90/729] - Loss: 0.2457
2026-05-01 23:51:24,167 - INFO - Epoch 24 [100/729] - Loss: 0.2459
2026-05-01 23:51:27,609 - INFO - Epoch 24 [110/729] - Loss: 0.2445
2026-05-01 23:51:31,071 - INFO - Epoch 24 [120/729] - Loss: 0.2502
2026-05-01 23:51:34,522 - INFO - Epoch 24 [130/729] - Loss: 0.2517
2026-05-01 23:51:37,976 - INFO - Epoch 24 [140/729] - Loss: 0.2549
2026-05-01 23:51:41,421 - INFO - Epoch 24 [150/729] - Loss: 0.2542
2026-05-01 23:51:44,874 - INFO - Epoch 24 [160/729] - Loss: 0.2552
2026-05-01 23:51:48,311 - INFO - Epoch 24 [170/729] - Loss: 0.2521
2026-05-01 23:51:51,754 - INFO - Epoch 24 [180/729] - Loss: 0.2491
2026-05-01 23:51:55,194 - INFO - Epoch 24 [190/729] - Loss: 0.2476
2026-05-01 23:51:58,640 - INFO - Epoch 24 [200/729] - Loss: 0.2458
2026-05-01 23:52:02,097 - INFO - Epoch 24 [210/729] - Loss: 0.2450
2026-05-01 23:52:05,535 - INFO - Epoch 24 [220/729] - Loss: 0.2438
2026-05-01 23:52:08,980 - INFO - Epoch 24 [230/729] - Loss: 0.2430
2026-05-01 23:52:12,437 - INFO - Epoch 24 [240/729] - Loss: 0.2444
2026-05-01 23:52:15,881 - INFO - Epoch 24 [250/729] - Loss: 0.2448
2026-05-01 23:52:19,339 - INFO - Epoch 24 [260/729] - Loss: 0.2449
2026-05-01 23:52:22,778 - INFO - Epoch 24 [270/729] - Loss: 0.2445
2026-05-01 23:52:26,216 - INFO - Epoch 24 [280/729] - Loss: 0.2441
2026-05-01 23:52:29,663 - INFO - Epoch 24 [290/729] - Loss: 0.2439
2026-05-01 23:52:33,117 - INFO - Epoch 24 [300/729] - Loss: 0.2444
2026-05-01 23:52:36,555 - INFO - Epoch 24 [310/729] - Loss: 0.2433
2026-05-01 23:52:39,999 - INFO - Epoch 24 [320/729] - Loss: 0.2417
2026-05-01 23:52:43,441 - INFO - Epoch 24 [330/729] - Loss: 0.2405
2026-05-01 23:52:46,899 - INFO - Epoch 24 [340/729] - Loss: 0.2426
2026-05-01 23:52:50,348 - INFO - Epoch 24 [350/729] - Loss: 0.2427
2026-05-01 23:52:53,813 - INFO - Epoch 24 [360/729] - Loss: 0.2439
2026-05-01 23:52:57,263 - INFO - Epoch 24 [370/729] - Loss: 0.2450
2026-05-01 23:53:00,709 - INFO - Epoch 24 [380/729] - Loss: 0.2460
2026-05-01 23:53:04,172 - INFO - Epoch 24 [390/729] - Loss: 0.2463
2026-05-01 23:53:07,662 - INFO - Epoch 24 [400/729] - Loss: 0.2459
2026-05-01 23:53:11,104 - INFO - Epoch 24 [410/729] - Loss: 0.2451
2026-05-01 23:53:14,548 - INFO - Epoch 24 [420/729] - Loss: 0.2436
2026-05-01 23:53:18,005 - INFO - Epoch 24 [430/729] - Loss: 0.2439
2026-05-01 23:53:21,452 - INFO - Epoch 24 [440/729] - Loss: 0.2430
2026-05-01 23:53:24,904 - INFO - Epoch 24 [450/729] - Loss: 0.2418
2026-05-01 23:53:28,352 - INFO - Epoch 24 [460/729] - Loss: 0.2426
2026-05-01 23:53:31,807 - INFO - Epoch 24 [470/729] - Loss: 0.2427
2026-05-01 23:53:35,258 - INFO - Epoch 24 [480/729] - Loss: 0.2435
2026-05-01 23:53:38,731 - INFO - Epoch 24 [490/729] - Loss: 0.2456
2026-05-01 23:53:42,175 - INFO - Epoch 24 [500/729] - Loss: 0.2455
2026-05-01 23:53:45,629 - INFO - Epoch 24 [510/729] - Loss: 0.2460
2026-05-01 23:53:49,079 - INFO - Epoch 24 [520/729] - Loss: 0.2459
2026-05-01 23:53:52,522 - INFO - Epoch 24 [530/729] - Loss: 0.2454
2026-05-01 23:53:55,968 - INFO - Epoch 24 [540/729] - Loss: 0.2448
2026-05-01 23:53:59,415 - INFO - Epoch 24 [550/729] - Loss: 0.2440
2026-05-01 23:54:02,864 - INFO - Epoch 24 [560/729] - Loss: 0.2433
2026-05-01 23:54:06,310 - INFO - Epoch 24 [570/729] - Loss: 0.2441
2026-05-01 23:54:09,757 - INFO - Epoch 24 [580/729] - Loss: 0.2440
2026-05-01 23:54:13,195 - INFO - Epoch 24 [590/729] - Loss: 0.2437
2026-05-01 23:54:16,637 - INFO - Epoch 24 [600/729] - Loss: 0.2430
2026-05-01 23:54:20,090 - INFO - Epoch 24 [610/729] - Loss: 0.2435
2026-05-01 23:54:23,531 - INFO - Epoch 24 [620/729] - Loss: 0.2429
2026-05-01 23:54:26,982 - INFO - Epoch 24 [630/729] - Loss: 0.2434
2026-05-01 23:54:30,433 - INFO - Epoch 24 [640/729] - Loss: 0.2437
2026-05-01 23:54:33,877 - INFO - Epoch 24 [650/729] - Loss: 0.2430
2026-05-01 23:54:37,327 - INFO - Epoch 24 [660/729] - Loss: 0.2428
2026-05-01 23:54:40,771 - INFO - Epoch 24 [670/729] - Loss: 0.2420
2026-05-01 23:54:44,221 - INFO - Epoch 24 [680/729] - Loss: 0.2424
2026-05-01 23:54:47,698 - INFO - Epoch 24 [690/729] - Loss: 0.2434
2026-05-01 23:54:51,139 - INFO - Epoch 24 [700/729] - Loss: 0.2427
2026-05-01 23:54:54,594 - INFO - Epoch 24 [710/729] - Loss: 0.2430
2026-05-01 23:54:58,040 - INFO - Epoch 24 [720/729] - Loss: 0.2435
2026-05-01 23:55:44,775 - INFO - VAL Epoch 24 | Loss: 0.3084 | IoU: 0.8864 | Prec: 0.8619 | F1: 0.8333 | MAPE_L: 7.57% | MAPE_W: 26.99%
2026-05-01 23:55:45,196 - INFO -     [!] New Best Model Saved!
2026-05-01 23:55:45,865 - INFO - Epoch 25 [0/729] - Loss: 0.1109
2026-05-01 23:55:49,314 - INFO - Epoch 25 [10/729] - Loss: 0.1862
2026-05-01 23:55:52,774 - INFO - Epoch 25 [20/729] - Loss: 0.1914
2026-05-01 23:55:56,223 - INFO - Epoch 25 [30/729] - Loss: 0.2029
2026-05-01 23:55:59,678 - INFO - Epoch 25 [40/729] - Loss: 0.2231
2026-05-01 23:56:03,139 - INFO - Epoch 25 [50/729] - Loss: 0.2192
2026-05-01 23:56:06,586 - INFO - Epoch 25 [60/729] - Loss: 0.2179
2026-05-01 23:56:10,033 - INFO - Epoch 25 [70/729] - Loss: 0.2122
2026-05-01 23:56:13,476 - INFO - Epoch 25 [80/729] - Loss: 0.2146
2026-05-01 23:56:16,928 - INFO - Epoch 25 [90/729] - Loss: 0.2203
2026-05-01 23:56:20,384 - INFO - Epoch 25 [100/729] - Loss: 0.2237
2026-05-01 23:56:23,822 - INFO - Epoch 25 [110/729] - Loss: 0.2253
2026-05-01 23:56:27,270 - INFO - Epoch 25 [120/729] - Loss: 0.2247
2026-05-01 23:56:30,725 - INFO - Epoch 25 [130/729] - Loss: 0.2271
2026-05-01 23:56:34,175 - INFO - Epoch 25 [140/729] - Loss: 0.2260
2026-05-01 23:56:37,634 - INFO - Epoch 25 [150/729] - Loss: 0.2272
2026-05-01 23:56:41,111 - INFO - Epoch 25 [160/729] - Loss: 0.2308
2026-05-01 23:56:44,563 - INFO - Epoch 25 [170/729] - Loss: 0.2319
2026-05-01 23:56:48,034 - INFO - Epoch 25 [180/729] - Loss: 0.2332
2026-05-01 23:56:51,503 - INFO - Epoch 25 [190/729] - Loss: 0.2343
2026-05-01 23:56:54,974 - INFO - Epoch 25 [200/729] - Loss: 0.2379
2026-05-01 23:56:58,450 - INFO - Epoch 25 [210/729] - Loss: 0.2379
2026-05-01 23:57:01,905 - INFO - Epoch 25 [220/729] - Loss: 0.2384
2026-05-01 23:57:05,360 - INFO - Epoch 25 [230/729] - Loss: 0.2365
2026-05-01 23:57:08,815 - INFO - Epoch 25 [240/729] - Loss: 0.2364
2026-05-01 23:57:12,280 - INFO - Epoch 25 [250/729] - Loss: 0.2394
2026-05-01 23:57:15,749 - INFO - Epoch 25 [260/729] - Loss: 0.2408
2026-05-01 23:57:19,211 - INFO - Epoch 25 [270/729] - Loss: 0.2419
2026-05-01 23:57:22,671 - INFO - Epoch 25 [280/729] - Loss: 0.2419
2026-05-01 23:57:26,128 - INFO - Epoch 25 [290/729] - Loss: 0.2414
2026-05-01 23:57:29,594 - INFO - Epoch 25 [300/729] - Loss: 0.2420
2026-05-01 23:57:33,050 - INFO - Epoch 25 [310/729] - Loss: 0.2415
2026-05-01 23:57:36,502 - INFO - Epoch 25 [320/729] - Loss: 0.2404
2026-05-01 23:57:39,956 - INFO - Epoch 25 [330/729] - Loss: 0.2405
2026-05-01 23:57:43,410 - INFO - Epoch 25 [340/729] - Loss: 0.2404
2026-05-01 23:57:46,860 - INFO - Epoch 25 [350/729] - Loss: 0.2392
2026-05-01 23:57:50,308 - INFO - Epoch 25 [360/729] - Loss: 0.2386
2026-05-01 23:57:53,754 - INFO - Epoch 25 [370/729] - Loss: 0.2385
2026-05-01 23:57:57,213 - INFO - Epoch 25 [380/729] - Loss: 0.2388
2026-05-01 23:58:00,680 - INFO - Epoch 25 [390/729] - Loss: 0.2405
2026-05-01 23:58:04,145 - INFO - Epoch 25 [400/729] - Loss: 0.2415
2026-05-01 23:58:07,618 - INFO - Epoch 25 [410/729] - Loss: 0.2419
2026-05-01 23:58:11,074 - INFO - Epoch 25 [420/729] - Loss: 0.2428
2026-05-01 23:58:14,523 - INFO - Epoch 25 [430/729] - Loss: 0.2422
2026-05-01 23:58:17,983 - INFO - Epoch 25 [440/729] - Loss: 0.2423
2026-05-01 23:58:21,437 - INFO - Epoch 25 [450/729] - Loss: 0.2431
2026-05-01 23:58:24,879 - INFO - Epoch 25 [460/729] - Loss: 0.2429
2026-05-01 23:58:28,331 - INFO - Epoch 25 [470/729] - Loss: 0.2423
2026-05-01 23:58:31,803 - INFO - Epoch 25 [480/729] - Loss: 0.2416
2026-05-01 23:58:35,251 - INFO - Epoch 25 [490/729] - Loss: 0.2420
2026-05-01 23:58:38,696 - INFO - Epoch 25 [500/729] - Loss: 0.2416
2026-05-01 23:58:42,156 - INFO - Epoch 25 [510/729] - Loss: 0.2427
2026-05-01 23:58:45,610 - INFO - Epoch 25 [520/729] - Loss: 0.2426
2026-05-01 23:58:49,062 - INFO - Epoch 25 [530/729] - Loss: 0.2424
2026-05-01 23:58:52,510 - INFO - Epoch 25 [540/729] - Loss: 0.2428
2026-05-01 23:58:55,958 - INFO - Epoch 25 [550/729] - Loss: 0.2434
2026-05-01 23:58:59,434 - INFO - Epoch 25 [560/729] - Loss: 0.2432
2026-05-01 23:59:02,894 - INFO - Epoch 25 [570/729] - Loss: 0.2441
2026-05-01 23:59:06,354 - INFO - Epoch 25 [580/729] - Loss: 0.2441
2026-05-01 23:59:09,811 - INFO - Epoch 25 [590/729] - Loss: 0.2443
2026-05-01 23:59:13,265 - INFO - Epoch 25 [600/729] - Loss: 0.2444
2026-05-01 23:59:16,719 - INFO - Epoch 25 [610/729] - Loss: 0.2438
2026-05-01 23:59:20,183 - INFO - Epoch 25 [620/729] - Loss: 0.2440
2026-05-01 23:59:23,645 - INFO - Epoch 25 [630/729] - Loss: 0.2442
2026-05-01 23:59:27,101 - INFO - Epoch 25 [640/729] - Loss: 0.2443
2026-05-01 23:59:30,560 - INFO - Epoch 25 [650/729] - Loss: 0.2445
2026-05-01 23:59:34,026 - INFO - Epoch 25 [660/729] - Loss: 0.2456
2026-05-01 23:59:37,475 - INFO - Epoch 25 [670/729] - Loss: 0.2455
2026-05-01 23:59:40,934 - INFO - Epoch 25 [680/729] - Loss: 0.2459
2026-05-01 23:59:44,377 - INFO - Epoch 25 [690/729] - Loss: 0.2457
2026-05-01 23:59:47,822 - INFO - Epoch 25 [700/729] - Loss: 0.2462
2026-05-01 23:59:51,281 - INFO - Epoch 25 [710/729] - Loss: 0.2464
2026-05-01 23:59:54,722 - INFO - Epoch 25 [720/729] - Loss: 0.2455
2026-05-02 00:00:41,561 - INFO - VAL Epoch 25 | Loss: 0.3234 | IoU: 0.8800 | Prec: 0.8295 | F1: 0.8273 | MAPE_L: 7.09% | MAPE_W: 26.98%
2026-05-02 00:00:42,353 - INFO - Epoch 26 [0/729] - Loss: 0.1394
2026-05-02 00:00:45,792 - INFO - Epoch 26 [10/729] - Loss: 0.2040
2026-05-02 00:00:49,249 - INFO - Epoch 26 [20/729] - Loss: 0.2211
2026-05-02 00:00:52,689 - INFO - Epoch 26 [30/729] - Loss: 0.2142
2026-05-02 00:00:56,136 - INFO - Epoch 26 [40/729] - Loss: 0.2159
2026-05-02 00:00:59,598 - INFO - Epoch 26 [50/729] - Loss: 0.2348
2026-05-02 00:01:03,088 - INFO - Epoch 26 [60/729] - Loss: 0.2391
2026-05-02 00:01:06,533 - INFO - Epoch 26 [70/729] - Loss: 0.2391
2026-05-02 00:01:09,983 - INFO - Epoch 26 [80/729] - Loss: 0.2435
2026-05-02 00:01:13,428 - INFO - Epoch 26 [90/729] - Loss: 0.2420
2026-05-02 00:01:16,886 - INFO - Epoch 26 [100/729] - Loss: 0.2407
2026-05-02 00:01:20,325 - INFO - Epoch 26 [110/729] - Loss: 0.2360
2026-05-02 00:01:23,781 - INFO - Epoch 26 [120/729] - Loss: 0.2399
2026-05-02 00:01:27,247 - INFO - Epoch 26 [130/729] - Loss: 0.2431
2026-05-02 00:01:30,712 - INFO - Epoch 26 [140/729] - Loss: 0.2468
2026-05-02 00:01:34,158 - INFO - Epoch 26 [150/729] - Loss: 0.2470
2026-05-02 00:01:37,607 - INFO - Epoch 26 [160/729] - Loss: 0.2449
2026-05-02 00:01:41,046 - INFO - Epoch 26 [170/729] - Loss: 0.2423
2026-05-02 00:01:44,501 - INFO - Epoch 26 [180/729] - Loss: 0.2399
2026-05-02 00:01:47,938 - INFO - Epoch 26 [190/729] - Loss: 0.2371
2026-05-02 00:01:51,386 - INFO - Epoch 26 [200/729] - Loss: 0.2350
2026-05-02 00:01:54,834 - INFO - Epoch 26 [210/729] - Loss: 0.2348
2026-05-02 00:01:58,281 - INFO - Epoch 26 [220/729] - Loss: 0.2376
2026-05-02 00:02:01,739 - INFO - Epoch 26 [230/729] - Loss: 0.2400
2026-05-02 00:02:05,198 - INFO - Epoch 26 [240/729] - Loss: 0.2413
2026-05-02 00:02:08,647 - INFO - Epoch 26 [250/729] - Loss: 0.2418
2026-05-02 00:02:12,098 - INFO - Epoch 26 [260/729] - Loss: 0.2419
2026-05-02 00:02:15,551 - INFO - Epoch 26 [270/729] - Loss: 0.2415
2026-05-02 00:02:18,999 - INFO - Epoch 26 [280/729] - Loss: 0.2423
2026-05-02 00:02:22,472 - INFO - Epoch 26 [290/729] - Loss: 0.2424
2026-05-02 00:02:25,912 - INFO - Epoch 26 [300/729] - Loss: 0.2404
2026-05-02 00:02:29,350 - INFO - Epoch 26 [310/729] - Loss: 0.2377
2026-05-02 00:02:32,797 - INFO - Epoch 26 [320/729] - Loss: 0.2380
2026-05-02 00:02:36,253 - INFO - Epoch 26 [330/729] - Loss: 0.2405
2026-05-02 00:02:39,748 - INFO - Epoch 26 [340/729] - Loss: 0.2416
2026-05-02 00:02:43,204 - INFO - Epoch 26 [350/729] - Loss: 0.2418
2026-05-02 00:02:46,654 - INFO - Epoch 26 [360/729] - Loss: 0.2423
2026-05-02 00:02:50,106 - INFO - Epoch 26 [370/729] - Loss: 0.2416
2026-05-02 00:02:53,556 - INFO - Epoch 26 [380/729] - Loss: 0.2427
2026-05-02 00:02:57,006 - INFO - Epoch 26 [390/729] - Loss: 0.2425
2026-05-02 00:03:00,466 - INFO - Epoch 26 [400/729] - Loss: 0.2436
2026-05-02 00:03:03,929 - INFO - Epoch 26 [410/729] - Loss: 0.2442
2026-05-02 00:03:07,399 - INFO - Epoch 26 [420/729] - Loss: 0.2447
2026-05-02 00:03:10,843 - INFO - Epoch 26 [430/729] - Loss: 0.2441
2026-05-02 00:03:14,285 - INFO - Epoch 26 [440/729] - Loss: 0.2433
2026-05-02 00:03:17,742 - INFO - Epoch 26 [450/729] - Loss: 0.2430
2026-05-02 00:03:21,185 - INFO - Epoch 26 [460/729] - Loss: 0.2419
2026-05-02 00:03:24,633 - INFO - Epoch 26 [470/729] - Loss: 0.2418
2026-05-02 00:03:28,090 - INFO - Epoch 26 [480/729] - Loss: 0.2422
2026-05-02 00:03:31,543 - INFO - Epoch 26 [490/729] - Loss: 0.2435
2026-05-02 00:03:34,989 - INFO - Epoch 26 [500/729] - Loss: 0.2434
2026-05-02 00:03:38,446 - INFO - Epoch 26 [510/729] - Loss: 0.2440
2026-05-02 00:03:41,915 - INFO - Epoch 26 [520/729] - Loss: 0.2438
2026-05-02 00:03:45,364 - INFO - Epoch 26 [530/729] - Loss: 0.2439
2026-05-02 00:03:48,808 - INFO - Epoch 26 [540/729] - Loss: 0.2441
2026-05-02 00:03:52,251 - INFO - Epoch 26 [550/729] - Loss: 0.2427
2026-05-02 00:03:55,690 - INFO - Epoch 26 [560/729] - Loss: 0.2418
2026-05-02 00:03:59,134 - INFO - Epoch 26 [570/729] - Loss: 0.2416
2026-05-02 00:04:02,589 - INFO - Epoch 26 [580/729] - Loss: 0.2413
2026-05-02 00:04:06,032 - INFO - Epoch 26 [590/729] - Loss: 0.2409
2026-05-02 00:04:09,487 - INFO - Epoch 26 [600/729] - Loss: 0.2417
2026-05-02 00:04:12,931 - INFO - Epoch 26 [610/729] - Loss: 0.2412
2026-05-02 00:04:16,376 - INFO - Epoch 26 [620/729] - Loss: 0.2403
2026-05-02 00:04:19,823 - INFO - Epoch 26 [630/729] - Loss: 0.2397
2026-05-02 00:04:23,284 - INFO - Epoch 26 [640/729] - Loss: 0.2402
2026-05-02 00:04:26,728 - INFO - Epoch 26 [650/729] - Loss: 0.2393
2026-05-02 00:04:30,170 - INFO - Epoch 26 [660/729] - Loss: 0.2388
2026-05-02 00:04:33,612 - INFO - Epoch 26 [670/729] - Loss: 0.2385
2026-05-02 00:04:37,070 - INFO - Epoch 26 [680/729] - Loss: 0.2389
2026-05-02 00:04:40,516 - INFO - Epoch 26 [690/729] - Loss: 0.2385
2026-05-02 00:04:43,966 - INFO - Epoch 26 [700/729] - Loss: 0.2386
2026-05-02 00:04:47,427 - INFO - Epoch 26 [710/729] - Loss: 0.2392
2026-05-02 00:04:50,882 - INFO - Epoch 26 [720/729] - Loss: 0.2389
2026-05-02 00:05:37,404 - INFO - VAL Epoch 26 | Loss: 0.3048 | IoU: 0.8863 | Prec: 0.8539 | F1: 0.8384 | MAPE_L: 6.48% | MAPE_W: 26.65%
2026-05-02 00:05:37,784 - INFO -     [!] New Best Model Saved!
2026-05-02 00:05:38,562 - INFO - Epoch 27 [0/729] - Loss: 0.1317
2026-05-02 00:05:46,324 - INFO - Epoch 27 [10/729] - Loss: 0.1833
2026-05-02 00:05:49,769 - INFO - Epoch 27 [20/729] - Loss: 0.1839
2026-05-02 00:05:53,204 - INFO - Epoch 27 [30/729] - Loss: 0.1793
2026-05-02 00:05:56,655 - INFO - Epoch 27 [40/729] - Loss: 0.1992
2026-05-02 00:06:00,100 - INFO - Epoch 27 [50/729] - Loss: 0.2052
2026-05-02 00:06:03,552 - INFO - Epoch 27 [60/729] - Loss: 0.2102
2026-05-02 00:06:06,997 - INFO - Epoch 27 [70/729] - Loss: 0.2123
2026-05-02 00:06:10,453 - INFO - Epoch 27 [80/729] - Loss: 0.2135
2026-05-02 00:06:13,896 - INFO - Epoch 27 [90/729] - Loss: 0.2206
2026-05-02 00:06:17,381 - INFO - Epoch 27 [100/729] - Loss: 0.2275
2026-05-02 00:06:20,824 - INFO - Epoch 27 [110/729] - Loss: 0.2279
2026-05-02 00:06:24,268 - INFO - Epoch 27 [120/729] - Loss: 0.2285
2026-05-02 00:06:27,759 - INFO - Epoch 27 [130/729] - Loss: 0.2344
2026-05-02 00:06:31,205 - INFO - Epoch 27 [140/729] - Loss: 0.2345
2026-05-02 00:06:34,650 - INFO - Epoch 27 [150/729] - Loss: 0.2332
2026-05-02 00:06:38,105 - INFO - Epoch 27 [160/729] - Loss: 0.2334
2026-05-02 00:06:41,547 - INFO - Epoch 27 [170/729] - Loss: 0.2327
2026-05-02 00:06:44,994 - INFO - Epoch 27 [180/729] - Loss: 0.2327
2026-05-02 00:06:48,444 - INFO - Epoch 27 [190/729] - Loss: 0.2334
2026-05-02 00:06:51,895 - INFO - Epoch 27 [200/729] - Loss: 0.2342
2026-05-02 00:06:55,359 - INFO - Epoch 27 [210/729] - Loss: 0.2361
2026-05-02 00:06:58,795 - INFO - Epoch 27 [220/729] - Loss: 0.2325
2026-05-02 00:07:02,248 - INFO - Epoch 27 [230/729] - Loss: 0.2326
2026-05-02 00:07:05,694 - INFO - Epoch 27 [240/729] - Loss: 0.2336
2026-05-02 00:07:09,134 - INFO - Epoch 27 [250/729] - Loss: 0.2316
2026-05-02 00:07:12,596 - INFO - Epoch 27 [260/729] - Loss: 0.2330
2026-05-02 00:07:16,055 - INFO - Epoch 27 [270/729] - Loss: 0.2347
2026-05-02 00:07:19,491 - INFO - Epoch 27 [280/729] - Loss: 0.2332
2026-05-02 00:07:22,935 - INFO - Epoch 27 [290/729] - Loss: 0.2313
2026-05-02 00:07:26,414 - INFO - Epoch 27 [300/729] - Loss: 0.2307
2026-05-02 00:07:29,858 - INFO - Epoch 27 [310/729] - Loss: 0.2298
2026-05-02 00:07:33,305 - INFO - Epoch 27 [320/729] - Loss: 0.2282
2026-05-02 00:07:36,750 - INFO - Epoch 27 [330/729] - Loss: 0.2274
2026-05-02 00:07:40,197 - INFO - Epoch 27 [340/729] - Loss: 0.2270
2026-05-02 00:07:43,637 - INFO - Epoch 27 [350/729] - Loss: 0.2256
2026-05-02 00:07:47,082 - INFO - Epoch 27 [360/729] - Loss: 0.2249
2026-05-02 00:07:50,531 - INFO - Epoch 27 [370/729] - Loss: 0.2268
2026-05-02 00:07:53,981 - INFO - Epoch 27 [380/729] - Loss: 0.2277
2026-05-02 00:07:57,430 - INFO - Epoch 27 [390/729] - Loss: 0.2277
2026-05-02 00:08:00,877 - INFO - Epoch 27 [400/729] - Loss: 0.2281
2026-05-02 00:08:04,331 - INFO - Epoch 27 [410/729] - Loss: 0.2292
2026-05-02 00:08:07,780 - INFO - Epoch 27 [420/729] - Loss: 0.2302
2026-05-02 00:08:11,218 - INFO - Epoch 27 [430/729] - Loss: 0.2295
2026-05-02 00:08:14,653 - INFO - Epoch 27 [440/729] - Loss: 0.2280
2026-05-02 00:08:18,102 - INFO - Epoch 27 [450/729] - Loss: 0.2285
2026-05-02 00:08:21,554 - INFO - Epoch 27 [460/729] - Loss: 0.2316
2026-05-02 00:08:25,028 - INFO - Epoch 27 [470/729] - Loss: 0.2323
2026-05-02 00:08:28,470 - INFO - Epoch 27 [480/729] - Loss: 0.2309
2026-05-02 00:08:31,907 - INFO - Epoch 27 [490/729] - Loss: 0.2299
2026-05-02 00:08:35,356 - INFO - Epoch 27 [500/729] - Loss: 0.2293
2026-05-02 00:08:38,809 - INFO - Epoch 27 [510/729] - Loss: 0.2293
2026-05-02 00:08:42,261 - INFO - Epoch 27 [520/729] - Loss: 0.2298
2026-05-02 00:08:45,716 - INFO - Epoch 27 [530/729] - Loss: 0.2307
2026-05-02 00:08:49,165 - INFO - Epoch 27 [540/729] - Loss: 0.2304
2026-05-02 00:08:52,637 - INFO - Epoch 27 [550/729] - Loss: 0.2305
2026-05-02 00:08:56,085 - INFO - Epoch 27 [560/729] - Loss: 0.2310
2026-05-02 00:08:59,537 - INFO - Epoch 27 [570/729] - Loss: 0.2310
2026-05-02 00:09:02,984 - INFO - Epoch 27 [580/729] - Loss: 0.2310
2026-05-02 00:09:06,449 - INFO - Epoch 27 [590/729] - Loss: 0.2316
2026-05-02 00:09:09,893 - INFO - Epoch 27 [600/729] - Loss: 0.2313
2026-05-02 00:09:13,340 - INFO - Epoch 27 [610/729] - Loss: 0.2314
2026-05-02 00:09:16,784 - INFO - Epoch 27 [620/729] - Loss: 0.2316
2026-05-02 00:09:20,225 - INFO - Epoch 27 [630/729] - Loss: 0.2312
2026-05-02 00:09:23,677 - INFO - Epoch 27 [640/729] - Loss: 0.2313
2026-05-02 00:09:27,150 - INFO - Epoch 27 [650/729] - Loss: 0.2318
2026-05-02 00:09:30,595 - INFO - Epoch 27 [660/729] - Loss: 0.2320
2026-05-02 00:09:34,066 - INFO - Epoch 27 [670/729] - Loss: 0.2324
2026-05-02 00:09:37,513 - INFO - Epoch 27 [680/729] - Loss: 0.2323
2026-05-02 00:09:40,955 - INFO - Epoch 27 [690/729] - Loss: 0.2319
2026-05-02 00:09:44,407 - INFO - Epoch 27 [700/729] - Loss: 0.2325
2026-05-02 00:09:47,861 - INFO - Epoch 27 [710/729] - Loss: 0.2327
2026-05-02 00:09:51,304 - INFO - Epoch 27 [720/729] - Loss: 0.2327
2026-05-02 00:10:37,922 - INFO - VAL Epoch 27 | Loss: 0.3131 | IoU: 0.8763 | Prec: 0.8507 | F1: 0.8419 | MAPE_L: 7.25% | MAPE_W: 27.65%
2026-05-02 00:10:38,620 - INFO - Epoch 28 [0/729] - Loss: 0.5500
2026-05-02 00:10:42,069 - INFO - Epoch 28 [10/729] - Loss: 0.2465
2026-05-02 00:10:45,518 - INFO - Epoch 28 [20/729] - Loss: 0.2494
2026-05-02 00:10:48,966 - INFO - Epoch 28 [30/729] - Loss: 0.2336
2026-05-02 00:10:52,427 - INFO - Epoch 28 [40/729] - Loss: 0.2380
2026-05-02 00:10:55,883 - INFO - Epoch 28 [50/729] - Loss: 0.2397
2026-05-02 00:10:59,344 - INFO - Epoch 28 [60/729] - Loss: 0.2412
2026-05-02 00:11:02,811 - INFO - Epoch 28 [70/729] - Loss: 0.2343
2026-05-02 00:11:06,270 - INFO - Epoch 28 [80/729] - Loss: 0.2387
2026-05-02 00:11:09,717 - INFO - Epoch 28 [90/729] - Loss: 0.2353
2026-05-02 00:11:13,197 - INFO - Epoch 28 [100/729] - Loss: 0.2364
2026-05-02 00:11:16,659 - INFO - Epoch 28 [110/729] - Loss: 0.2428
2026-05-02 00:11:20,110 - INFO - Epoch 28 [120/729] - Loss: 0.2391
2026-05-02 00:11:23,573 - INFO - Epoch 28 [130/729] - Loss: 0.2397
2026-05-02 00:11:27,027 - INFO - Epoch 28 [140/729] - Loss: 0.2369
2026-05-02 00:11:30,482 - INFO - Epoch 28 [150/729] - Loss: 0.2393
2026-05-02 00:11:33,932 - INFO - Epoch 28 [160/729] - Loss: 0.2377
2026-05-02 00:11:37,384 - INFO - Epoch 28 [170/729] - Loss: 0.2366
2026-05-02 00:11:40,854 - INFO - Epoch 28 [180/729] - Loss: 0.2392
2026-05-02 00:11:44,320 - INFO - Epoch 28 [190/729] - Loss: 0.2404
2026-05-02 00:11:47,778 - INFO - Epoch 28 [200/729] - Loss: 0.2384
2026-05-02 00:11:51,225 - INFO - Epoch 28 [210/729] - Loss: 0.2364
2026-05-02 00:11:54,683 - INFO - Epoch 28 [220/729] - Loss: 0.2364
2026-05-02 00:11:58,139 - INFO - Epoch 28 [230/729] - Loss: 0.2356
2026-05-02 00:12:01,590 - INFO - Epoch 28 [240/729] - Loss: 0.2346
2026-05-02 00:12:05,038 - INFO - Epoch 28 [250/729] - Loss: 0.2328
2026-05-02 00:12:08,493 - INFO - Epoch 28 [260/729] - Loss: 0.2325
2026-05-02 00:12:11,956 - INFO - Epoch 28 [270/729] - Loss: 0.2340
2026-05-02 00:12:15,416 - INFO - Epoch 28 [280/729] - Loss: 0.2357
2026-05-02 00:12:18,871 - INFO - Epoch 28 [290/729] - Loss: 0.2348
2026-05-02 00:12:22,323 - INFO - Epoch 28 [300/729] - Loss: 0.2345
2026-05-02 00:12:25,790 - INFO - Epoch 28 [310/729] - Loss: 0.2339
2026-05-02 00:12:29,285 - INFO - Epoch 28 [320/729] - Loss: 0.2349
2026-05-02 00:12:32,737 - INFO - Epoch 28 [330/729] - Loss: 0.2349
2026-05-02 00:12:36,195 - INFO - Epoch 28 [340/729] - Loss: 0.2350
2026-05-02 00:12:39,646 - INFO - Epoch 28 [350/729] - Loss: 0.2347
2026-05-02 00:12:43,141 - INFO - Epoch 28 [360/729] - Loss: 0.2374
2026-05-02 00:12:46,589 - INFO - Epoch 28 [370/729] - Loss: 0.2377
2026-05-02 00:12:50,035 - INFO - Epoch 28 [380/729] - Loss: 0.2358
2026-05-02 00:12:53,504 - INFO - Epoch 28 [390/729] - Loss: 0.2356
2026-05-02 00:12:56,965 - INFO - Epoch 28 [400/729] - Loss: 0.2357
2026-05-02 00:13:00,413 - INFO - Epoch 28 [410/729] - Loss: 0.2358
2026-05-02 00:13:03,884 - INFO - Epoch 28 [420/729] - Loss: 0.2360
2026-05-02 00:13:07,336 - INFO - Epoch 28 [430/729] - Loss: 0.2366
2026-05-02 00:13:10,789 - INFO - Epoch 28 [440/729] - Loss: 0.2363
2026-05-02 00:13:14,249 - INFO - Epoch 28 [450/729] - Loss: 0.2367
2026-05-02 00:13:17,701 - INFO - Epoch 28 [460/729] - Loss: 0.2366
2026-05-02 00:13:21,156 - INFO - Epoch 28 [470/729] - Loss: 0.2368
2026-05-02 00:13:24,636 - INFO - Epoch 28 [480/729] - Loss: 0.2370
2026-05-02 00:13:28,101 - INFO - Epoch 28 [490/729] - Loss: 0.2369
2026-05-02 00:13:31,551 - INFO - Epoch 28 [500/729] - Loss: 0.2360
2026-05-02 00:13:34,995 - INFO - Epoch 28 [510/729] - Loss: 0.2348
2026-05-02 00:13:38,465 - INFO - Epoch 28 [520/729] - Loss: 0.2363
2026-05-02 00:13:41,925 - INFO - Epoch 28 [530/729] - Loss: 0.2364
2026-05-02 00:13:45,370 - INFO - Epoch 28 [540/729] - Loss: 0.2349
2026-05-02 00:13:48,870 - INFO - Epoch 28 [550/729] - Loss: 0.2367
2026-05-02 00:13:52,331 - INFO - Epoch 28 [560/729] - Loss: 0.2366
2026-05-02 00:13:55,805 - INFO - Epoch 28 [570/729] - Loss: 0.2365
2026-05-02 00:13:59,264 - INFO - Epoch 28 [580/729] - Loss: 0.2371
2026-05-02 00:14:02,720 - INFO - Epoch 28 [590/729] - Loss: 0.2390
2026-05-02 00:14:06,172 - INFO - Epoch 28 [600/729] - Loss: 0.2383
2026-05-02 00:14:09,627 - INFO - Epoch 28 [610/729] - Loss: 0.2373
2026-05-02 00:14:13,077 - INFO - Epoch 28 [620/729] - Loss: 0.2368
2026-05-02 00:14:16,538 - INFO - Epoch 28 [630/729] - Loss: 0.2368
2026-05-02 00:14:19,994 - INFO - Epoch 28 [640/729] - Loss: 0.2362
2026-05-02 00:14:23,446 - INFO - Epoch 28 [650/729] - Loss: 0.2352
2026-05-02 00:14:26,896 - INFO - Epoch 28 [660/729] - Loss: 0.2347
2026-05-02 00:14:30,349 - INFO - Epoch 28 [670/729] - Loss: 0.2349
2026-05-02 00:14:33,800 - INFO - Epoch 28 [680/729] - Loss: 0.2341
2026-05-02 00:14:37,260 - INFO - Epoch 28 [690/729] - Loss: 0.2334
2026-05-02 00:14:40,731 - INFO - Epoch 28 [700/729] - Loss: 0.2340
2026-05-02 00:14:44,193 - INFO - Epoch 28 [710/729] - Loss: 0.2341
2026-05-02 00:14:47,650 - INFO - Epoch 28 [720/729] - Loss: 0.2350
2026-05-02 00:15:34,127 - INFO - VAL Epoch 28 | Loss: 0.3105 | IoU: 0.8811 | Prec: 0.8281 | F1: 0.8315 | MAPE_L: 7.18% | MAPE_W: 27.14%
2026-05-02 00:15:34,911 - INFO - Epoch 29 [0/729] - Loss: 0.0970
2026-05-02 00:15:38,396 - INFO - Epoch 29 [10/729] - Loss: 0.2142
2026-05-02 00:15:41,850 - INFO - Epoch 29 [20/729] - Loss: 0.2265
2026-05-02 00:15:45,309 - INFO - Epoch 29 [30/729] - Loss: 0.2369
2026-05-02 00:15:48,764 - INFO - Epoch 29 [40/729] - Loss: 0.2335
2026-05-02 00:15:52,226 - INFO - Epoch 29 [50/729] - Loss: 0.2377
2026-05-02 00:15:55,697 - INFO - Epoch 29 [60/729] - Loss: 0.2371
2026-05-02 00:15:59,180 - INFO - Epoch 29 [70/729] - Loss: 0.2353
2026-05-02 00:16:02,645 - INFO - Epoch 29 [80/729] - Loss: 0.2379
2026-05-02 00:16:06,093 - INFO - Epoch 29 [90/729] - Loss: 0.2340
2026-05-02 00:16:09,550 - INFO - Epoch 29 [100/729] - Loss: 0.2330
2026-05-02 00:16:13,005 - INFO - Epoch 29 [110/729] - Loss: 0.2328
2026-05-02 00:16:16,465 - INFO - Epoch 29 [120/729] - Loss: 0.2344
2026-05-02 00:16:19,930 - INFO - Epoch 29 [130/729] - Loss: 0.2338
2026-05-02 00:16:23,382 - INFO - Epoch 29 [140/729] - Loss: 0.2349
2026-05-02 00:16:26,827 - INFO - Epoch 29 [150/729] - Loss: 0.2309
2026-05-02 00:16:30,289 - INFO - Epoch 29 [160/729] - Loss: 0.2318
2026-05-02 00:16:33,755 - INFO - Epoch 29 [170/729] - Loss: 0.2330
2026-05-02 00:16:37,211 - INFO - Epoch 29 [180/729] - Loss: 0.2316
2026-05-02 00:16:40,660 - INFO - Epoch 29 [190/729] - Loss: 0.2321
2026-05-02 00:16:44,120 - INFO - Epoch 29 [200/729] - Loss: 0.2322
2026-05-02 00:16:47,577 - INFO - Epoch 29 [210/729] - Loss: 0.2317
2026-05-02 00:16:51,039 - INFO - Epoch 29 [220/729] - Loss: 0.2325
2026-05-02 00:16:54,508 - INFO - Epoch 29 [230/729] - Loss: 0.2327
2026-05-02 00:16:57,964 - INFO - Epoch 29 [240/729] - Loss: 0.2319
2026-05-02 00:17:01,423 - INFO - Epoch 29 [250/729] - Loss: 0.2326
2026-05-02 00:17:04,878 - INFO - Epoch 29 [260/729] - Loss: 0.2317
2026-05-02 00:17:08,329 - INFO - Epoch 29 [270/729] - Loss: 0.2308
2026-05-02 00:17:11,778 - INFO - Epoch 29 [280/729] - Loss: 0.2289
2026-05-02 00:17:15,232 - INFO - Epoch 29 [290/729] - Loss: 0.2275
2026-05-02 00:17:18,681 - INFO - Epoch 29 [300/729] - Loss: 0.2269
2026-05-02 00:17:22,133 - INFO - Epoch 29 [310/729] - Loss: 0.2265
2026-05-02 00:17:25,586 - INFO - Epoch 29 [320/729] - Loss: 0.2267
2026-05-02 00:17:29,038 - INFO - Epoch 29 [330/729] - Loss: 0.2261
2026-05-02 00:17:32,484 - INFO - Epoch 29 [340/729] - Loss: 0.2249
2026-05-02 00:17:35,939 - INFO - Epoch 29 [350/729] - Loss: 0.2255
2026-05-02 00:17:39,395 - INFO - Epoch 29 [360/729] - Loss: 0.2254
2026-05-02 00:17:42,839 - INFO - Epoch 29 [370/729] - Loss: 0.2241
2026-05-02 00:17:46,307 - INFO - Epoch 29 [380/729] - Loss: 0.2246
2026-05-02 00:17:49,760 - INFO - Epoch 29 [390/729] - Loss: 0.2244
2026-05-02 00:17:53,210 - INFO - Epoch 29 [400/729] - Loss: 0.2248
2026-05-02 00:17:56,676 - INFO - Epoch 29 [410/729] - Loss: 0.2251
2026-05-02 00:18:00,129 - INFO - Epoch 29 [420/729] - Loss: 0.2247
2026-05-02 00:18:03,586 - INFO - Epoch 29 [430/729] - Loss: 0.2248
2026-05-02 00:18:07,032 - INFO - Epoch 29 [440/729] - Loss: 0.2243
2026-05-02 00:18:10,494 - INFO - Epoch 29 [450/729] - Loss: 0.2242
2026-05-02 00:18:13,945 - INFO - Epoch 29 [460/729] - Loss: 0.2244
2026-05-02 00:18:17,393 - INFO - Epoch 29 [470/729] - Loss: 0.2239
2026-05-02 00:18:20,902 - INFO - Epoch 29 [480/729] - Loss: 0.2251
2026-05-02 00:18:24,359 - INFO - Epoch 29 [490/729] - Loss: 0.2260
2026-05-02 00:18:27,805 - INFO - Epoch 29 [500/729] - Loss: 0.2253
2026-05-02 00:18:31,260 - INFO - Epoch 29 [510/729] - Loss: 0.2250
2026-05-02 00:18:34,716 - INFO - Epoch 29 [520/729] - Loss: 0.2244
2026-05-02 00:18:38,173 - INFO - Epoch 29 [530/729] - Loss: 0.2245
2026-05-02 00:18:41,621 - INFO - Epoch 29 [540/729] - Loss: 0.2246
2026-05-02 00:18:45,083 - INFO - Epoch 29 [550/729] - Loss: 0.2257
2026-05-02 00:18:48,543 - INFO - Epoch 29 [560/729] - Loss: 0.2261
2026-05-02 00:18:52,015 - INFO - Epoch 29 [570/729] - Loss: 0.2275
2026-05-02 00:18:55,472 - INFO - Epoch 29 [580/729] - Loss: 0.2277
2026-05-02 00:18:58,940 - INFO - Epoch 29 [590/729] - Loss: 0.2280
2026-05-02 00:19:02,404 - INFO - Epoch 29 [600/729] - Loss: 0.2280
2026-05-02 00:19:05,873 - INFO - Epoch 29 [610/729] - Loss: 0.2282
2026-05-02 00:19:09,329 - INFO - Epoch 29 [620/729] - Loss: 0.2287
2026-05-02 00:19:12,786 - INFO - Epoch 29 [630/729] - Loss: 0.2281
2026-05-02 00:19:16,248 - INFO - Epoch 29 [640/729] - Loss: 0.2279
2026-05-02 00:19:19,703 - INFO - Epoch 29 [650/729] - Loss: 0.2277
2026-05-02 00:19:23,154 - INFO - Epoch 29 [660/729] - Loss: 0.2277
2026-05-02 00:19:26,608 - INFO - Epoch 29 [670/729] - Loss: 0.2272
2026-05-02 00:19:30,077 - INFO - Epoch 29 [680/729] - Loss: 0.2280
2026-05-02 00:19:33,535 - INFO - Epoch 29 [690/729] - Loss: 0.2286
2026-05-02 00:19:37,000 - INFO - Epoch 29 [700/729] - Loss: 0.2285
2026-05-02 00:19:40,461 - INFO - Epoch 29 [710/729] - Loss: 0.2285
2026-05-02 00:19:43,919 - INFO - Epoch 29 [720/729] - Loss: 0.2284
2026-05-02 00:20:30,450 - INFO - VAL Epoch 29 | Loss: 0.3073 | IoU: 0.8862 | Prec: 0.8157 | F1: 0.8330 | MAPE_L: 6.35% | MAPE_W: 26.74%
2026-05-02 00:20:31,196 - INFO - Epoch 30 [0/729] - Loss: 0.1746
2026-05-02 00:20:34,634 - INFO - Epoch 30 [10/729] - Loss: 0.1641
2026-05-02 00:20:38,095 - INFO - Epoch 30 [20/729] - Loss: 0.2115
2026-05-02 00:20:41,564 - INFO - Epoch 30 [30/729] - Loss: 0.2046
2026-05-02 00:20:45,036 - INFO - Epoch 30 [40/729] - Loss: 0.2113
2026-05-02 00:20:48,506 - INFO - Epoch 30 [50/729] - Loss: 0.2141
2026-05-02 00:20:51,953 - INFO - Epoch 30 [60/729] - Loss: 0.2146
2026-05-02 00:20:55,407 - INFO - Epoch 30 [70/729] - Loss: 0.2128
2026-05-02 00:20:58,856 - INFO - Epoch 30 [80/729] - Loss: 0.2121
2026-05-02 00:21:02,306 - INFO - Epoch 30 [90/729] - Loss: 0.2160
2026-05-02 00:21:05,787 - INFO - Epoch 30 [100/729] - Loss: 0.2239
2026-05-02 00:21:09,232 - INFO - Epoch 30 [110/729] - Loss: 0.2265
2026-05-02 00:21:12,675 - INFO - Epoch 30 [120/729] - Loss: 0.2227
2026-05-02 00:21:16,142 - INFO - Epoch 30 [130/729] - Loss: 0.2269
2026-05-02 00:21:19,586 - INFO - Epoch 30 [140/729] - Loss: 0.2249
2026-05-02 00:21:23,032 - INFO - Epoch 30 [150/729] - Loss: 0.2248
2026-05-02 00:21:26,485 - INFO - Epoch 30 [160/729] - Loss: 0.2255
2026-05-02 00:21:29,930 - INFO - Epoch 30 [170/729] - Loss: 0.2247
2026-05-02 00:21:33,381 - INFO - Epoch 30 [180/729] - Loss: 0.2257
2026-05-02 00:21:36,831 - INFO - Epoch 30 [190/729] - Loss: 0.2250
2026-05-02 00:21:40,290 - INFO - Epoch 30 [200/729] - Loss: 0.2269
2026-05-02 00:21:43,734 - INFO - Epoch 30 [210/729] - Loss: 0.2265
2026-05-02 00:21:47,190 - INFO - Epoch 30 [220/729] - Loss: 0.2272
2026-05-02 00:21:50,640 - INFO - Epoch 30 [230/729] - Loss: 0.2270
2026-05-02 00:21:54,086 - INFO - Epoch 30 [240/729] - Loss: 0.2277
2026-05-02 00:21:57,541 - INFO - Epoch 30 [250/729] - Loss: 0.2285
2026-05-02 00:22:01,002 - INFO - Epoch 30 [260/729] - Loss: 0.2311
2026-05-02 00:22:04,452 - INFO - Epoch 30 [270/729] - Loss: 0.2293
2026-05-02 00:22:07,893 - INFO - Epoch 30 [280/729] - Loss: 0.2289
2026-05-02 00:22:11,339 - INFO - Epoch 30 [290/729] - Loss: 0.2278
2026-05-02 00:22:14,797 - INFO - Epoch 30 [300/729] - Loss: 0.2272
2026-05-02 00:22:18,245 - INFO - Epoch 30 [310/729] - Loss: 0.2262
2026-05-02 00:22:21,690 - INFO - Epoch 30 [320/729] - Loss: 0.2248
2026-05-02 00:22:25,140 - INFO - Epoch 30 [330/729] - Loss: 0.2253
2026-05-02 00:22:28,590 - INFO - Epoch 30 [340/729] - Loss: 0.2262
2026-05-02 00:22:32,039 - INFO - Epoch 30 [350/729] - Loss: 0.2256
2026-05-02 00:22:35,497 - INFO - Epoch 30 [360/729] - Loss: 0.2256
2026-05-02 00:22:38,943 - INFO - Epoch 30 [370/729] - Loss: 0.2255
2026-05-02 00:22:42,385 - INFO - Epoch 30 [380/729] - Loss: 0.2240
2026-05-02 00:22:45,833 - INFO - Epoch 30 [390/729] - Loss: 0.2239
2026-05-02 00:22:49,279 - INFO - Epoch 30 [400/729] - Loss: 0.2235
2026-05-02 00:22:52,731 - INFO - Epoch 30 [410/729] - Loss: 0.2245
2026-05-02 00:22:56,201 - INFO - Epoch 30 [420/729] - Loss: 0.2260
2026-05-02 00:22:59,637 - INFO - Epoch 30 [430/729] - Loss: 0.2251
2026-05-02 00:23:03,094 - INFO - Epoch 30 [440/729] - Loss: 0.2247
2026-05-02 00:23:06,544 - INFO - Epoch 30 [450/729] - Loss: 0.2249
2026-05-02 00:23:09,992 - INFO - Epoch 30 [460/729] - Loss: 0.2259
2026-05-02 00:23:13,447 - INFO - Epoch 30 [470/729] - Loss: 0.2265
2026-05-02 00:23:16,904 - INFO - Epoch 30 [480/729] - Loss: 0.2268
2026-05-02 00:23:20,354 - INFO - Epoch 30 [490/729] - Loss: 0.2265
2026-05-02 00:23:23,816 - INFO - Epoch 30 [500/729] - Loss: 0.2261
2026-05-02 00:23:27,278 - INFO - Epoch 30 [510/729] - Loss: 0.2267
2026-05-02 00:23:30,723 - INFO - Epoch 30 [520/729] - Loss: 0.2261
2026-05-02 00:23:34,168 - INFO - Epoch 30 [530/729] - Loss: 0.2256
2026-05-02 00:23:37,613 - INFO - Epoch 30 [540/729] - Loss: 0.2255
2026-05-02 00:23:41,063 - INFO - Epoch 30 [550/729] - Loss: 0.2259
2026-05-02 00:23:44,505 - INFO - Epoch 30 [560/729] - Loss: 0.2253
2026-05-02 00:23:47,945 - INFO - Epoch 30 [570/729] - Loss: 0.2244
2026-05-02 00:23:51,410 - INFO - Epoch 30 [580/729] - Loss: 0.2245
2026-05-02 00:23:54,854 - INFO - Epoch 30 [590/729] - Loss: 0.2238
2026-05-02 00:23:58,301 - INFO - Epoch 30 [600/729] - Loss: 0.2241
2026-05-02 00:24:01,771 - INFO - Epoch 30 [610/729] - Loss: 0.2239
2026-05-02 00:24:05,218 - INFO - Epoch 30 [620/729] - Loss: 0.2238
2026-05-02 00:24:08,657 - INFO - Epoch 30 [630/729] - Loss: 0.2228
2026-05-02 00:24:12,108 - INFO - Epoch 30 [640/729] - Loss: 0.2221
2026-05-02 00:24:15,552 - INFO - Epoch 30 [650/729] - Loss: 0.2218
2026-05-02 00:24:18,996 - INFO - Epoch 30 [660/729] - Loss: 0.2214
2026-05-02 00:24:22,447 - INFO - Epoch 30 [670/729] - Loss: 0.2213
2026-05-02 00:24:25,930 - INFO - Epoch 30 [680/729] - Loss: 0.2216
2026-05-02 00:24:29,377 - INFO - Epoch 30 [690/729] - Loss: 0.2214
2026-05-02 00:24:32,831 - INFO - Epoch 30 [700/729] - Loss: 0.2218
2026-05-02 00:24:36,285 - INFO - Epoch 30 [710/729] - Loss: 0.2222
2026-05-02 00:24:39,741 - INFO - Epoch 30 [720/729] - Loss: 0.2226
2026-05-02 00:25:26,310 - INFO - VAL Epoch 30 | Loss: 0.3022 | IoU: 0.8896 | Prec: 0.8509 | F1: 0.8473 | MAPE_L: 6.23% | MAPE_W: 26.74%
2026-05-02 00:25:26,690 - INFO -     [!] New Best Model Saved!
2026-05-02 00:25:27,438 - INFO - Epoch 31 [0/729] - Loss: 0.1347
2026-05-02 00:25:30,881 - INFO - Epoch 31 [10/729] - Loss: 0.1657
2026-05-02 00:25:34,334 - INFO - Epoch 31 [20/729] - Loss: 0.1904
2026-05-02 00:25:37,778 - INFO - Epoch 31 [30/729] - Loss: 0.1855
2026-05-02 00:25:41,229 - INFO - Epoch 31 [40/729] - Loss: 0.1938
2026-05-02 00:25:44,709 - INFO - Epoch 31 [50/729] - Loss: 0.2010
2026-05-02 00:25:48,164 - INFO - Epoch 31 [60/729] - Loss: 0.2068
2026-05-02 00:25:51,616 - INFO - Epoch 31 [70/729] - Loss: 0.2135
2026-05-02 00:25:55,064 - INFO - Epoch 31 [80/729] - Loss: 0.2119
2026-05-02 00:25:58,511 - INFO - Epoch 31 [90/729] - Loss: 0.2124
2026-05-02 00:26:01,970 - INFO - Epoch 31 [100/729] - Loss: 0.2151
2026-05-02 00:26:05,418 - INFO - Epoch 31 [110/729] - Loss: 0.2140
2026-05-02 00:26:08,863 - INFO - Epoch 31 [120/729] - Loss: 0.2117
2026-05-02 00:26:12,326 - INFO - Epoch 31 [130/729] - Loss: 0.2117
2026-05-02 00:26:15,766 - INFO - Epoch 31 [140/729] - Loss: 0.2112
2026-05-02 00:26:19,224 - INFO - Epoch 31 [150/729] - Loss: 0.2121
2026-05-02 00:26:22,679 - INFO - Epoch 31 [160/729] - Loss: 0.2134
2026-05-02 00:26:26,140 - INFO - Epoch 31 [170/729] - Loss: 0.2132
2026-05-02 00:26:29,604 - INFO - Epoch 31 [180/729] - Loss: 0.2133
2026-05-02 00:26:33,055 - INFO - Epoch 31 [190/729] - Loss: 0.2140
2026-05-02 00:26:36,505 - INFO - Epoch 31 [200/729] - Loss: 0.2141
2026-05-02 00:26:39,949 - INFO - Epoch 31 [210/729] - Loss: 0.2138
2026-05-02 00:26:43,395 - INFO - Epoch 31 [220/729] - Loss: 0.2141
2026-05-02 00:26:46,868 - INFO - Epoch 31 [230/729] - Loss: 0.2136
2026-05-02 00:26:50,315 - INFO - Epoch 31 [240/729] - Loss: 0.2151
2026-05-02 00:26:53,767 - INFO - Epoch 31 [250/729] - Loss: 0.2167
2026-05-02 00:26:57,233 - INFO - Epoch 31 [260/729] - Loss: 0.2183
2026-05-02 00:27:00,684 - INFO - Epoch 31 [270/729] - Loss: 0.2179
2026-05-02 00:27:04,132 - INFO - Epoch 31 [280/729] - Loss: 0.2173
2026-05-02 00:27:07,582 - INFO - Epoch 31 [290/729] - Loss: 0.2163
2026-05-02 00:27:11,027 - INFO - Epoch 31 [300/729] - Loss: 0.2169
2026-05-02 00:27:14,472 - INFO - Epoch 31 [310/729] - Loss: 0.2170
2026-05-02 00:27:17,927 - INFO - Epoch 31 [320/729] - Loss: 0.2181
2026-05-02 00:27:21,370 - INFO - Epoch 31 [330/729] - Loss: 0.2185
2026-05-02 00:27:24,816 - INFO - Epoch 31 [340/729] - Loss: 0.2184
2026-05-02 00:27:28,267 - INFO - Epoch 31 [350/729] - Loss: 0.2179
2026-05-02 00:27:31,721 - INFO - Epoch 31 [360/729] - Loss: 0.2181
2026-05-02 00:27:35,155 - INFO - Epoch 31 [370/729] - Loss: 0.2172
2026-05-02 00:27:38,603 - INFO - Epoch 31 [380/729] - Loss: 0.2175
2026-05-02 00:27:42,055 - INFO - Epoch 31 [390/729] - Loss: 0.2176
2026-05-02 00:27:45,509 - INFO - Epoch 31 [400/729] - Loss: 0.2177
2026-05-02 00:27:48,955 - INFO - Epoch 31 [410/729] - Loss: 0.2181
2026-05-02 00:27:52,400 - INFO - Epoch 31 [420/729] - Loss: 0.2179
2026-05-02 00:27:55,855 - INFO - Epoch 31 [430/729] - Loss: 0.2183
2026-05-02 00:27:59,290 - INFO - Epoch 31 [440/729] - Loss: 0.2175
2026-05-02 00:28:02,746 - INFO - Epoch 31 [450/729] - Loss: 0.2181
2026-05-02 00:28:06,188 - INFO - Epoch 31 [460/729] - Loss: 0.2181
2026-05-02 00:28:09,632 - INFO - Epoch 31 [470/729] - Loss: 0.2177
2026-05-02 00:28:13,110 - INFO - Epoch 31 [480/729] - Loss: 0.2189
2026-05-02 00:28:16,576 - INFO - Epoch 31 [490/729] - Loss: 0.2204
2026-05-02 00:28:20,021 - INFO - Epoch 31 [500/729] - Loss: 0.2211
2026-05-02 00:28:23,462 - INFO - Epoch 31 [510/729] - Loss: 0.2206
2026-05-02 00:28:26,913 - INFO - Epoch 31 [520/729] - Loss: 0.2205
2026-05-02 00:28:30,361 - INFO - Epoch 31 [530/729] - Loss: 0.2208
2026-05-02 00:28:33,807 - INFO - Epoch 31 [540/729] - Loss: 0.2217
2026-05-02 00:28:37,281 - INFO - Epoch 31 [550/729] - Loss: 0.2227
2026-05-02 00:28:40,722 - INFO - Epoch 31 [560/729] - Loss: 0.2221
2026-05-02 00:28:44,159 - INFO - Epoch 31 [570/729] - Loss: 0.2224
2026-05-02 00:28:47,608 - INFO - Epoch 31 [580/729] - Loss: 0.2221
2026-05-02 00:28:51,049 - INFO - Epoch 31 [590/729] - Loss: 0.2220
2026-05-02 00:28:54,494 - INFO - Epoch 31 [600/729] - Loss: 0.2215
2026-05-02 00:28:57,956 - INFO - Epoch 31 [610/729] - Loss: 0.2215
2026-05-02 00:29:01,403 - INFO - Epoch 31 [620/729] - Loss: 0.2212
2026-05-02 00:29:04,849 - INFO - Epoch 31 [630/729] - Loss: 0.2208
2026-05-02 00:29:08,310 - INFO - Epoch 31 [640/729] - Loss: 0.2213
2026-05-02 00:29:11,751 - INFO - Epoch 31 [650/729] - Loss: 0.2204
2026-05-02 00:29:15,198 - INFO - Epoch 31 [660/729] - Loss: 0.2207
2026-05-02 00:29:18,645 - INFO - Epoch 31 [670/729] - Loss: 0.2212
2026-05-02 00:29:22,089 - INFO - Epoch 31 [680/729] - Loss: 0.2211
2026-05-02 00:29:25,538 - INFO - Epoch 31 [690/729] - Loss: 0.2204
2026-05-02 00:29:28,983 - INFO - Epoch 31 [700/729] - Loss: 0.2198
2026-05-02 00:29:32,430 - INFO - Epoch 31 [710/729] - Loss: 0.2195
2026-05-02 00:29:35,883 - INFO - Epoch 31 [720/729] - Loss: 0.2208
2026-05-02 00:30:22,468 - INFO - VAL Epoch 31 | Loss: 0.3037 | IoU: 0.8854 | Prec: 0.8015 | F1: 0.8272 | MAPE_L: 6.25% | MAPE_W: 26.25%
2026-05-02 00:30:23,237 - INFO - Epoch 32 [0/729] - Loss: 0.0978
2026-05-02 00:30:31,482 - INFO - Epoch 32 [10/729] - Loss: 0.2161
2026-05-02 00:30:34,933 - INFO - Epoch 32 [20/729] - Loss: 0.2136
2026-05-02 00:30:38,399 - INFO - Epoch 32 [30/729] - Loss: 0.2251
2026-05-02 00:30:41,862 - INFO - Epoch 32 [40/729] - Loss: 0.2204
2026-05-02 00:30:45,308 - INFO - Epoch 32 [50/729] - Loss: 0.2169
2026-05-02 00:30:48,753 - INFO - Epoch 32 [60/729] - Loss: 0.2122
2026-05-02 00:30:52,205 - INFO - Epoch 32 [70/729] - Loss: 0.2058
2026-05-02 00:30:55,653 - INFO - Epoch 32 [80/729] - Loss: 0.2034
2026-05-02 00:30:59,116 - INFO - Epoch 32 [90/729] - Loss: 0.2039
2026-05-02 00:31:02,583 - INFO - Epoch 32 [100/729] - Loss: 0.2069
2026-05-02 00:31:06,040 - INFO - Epoch 32 [110/729] - Loss: 0.2132
2026-05-02 00:31:09,483 - INFO - Epoch 32 [120/729] - Loss: 0.2105
2026-05-02 00:31:12,935 - INFO - Epoch 32 [130/729] - Loss: 0.2098
2026-05-02 00:31:16,390 - INFO - Epoch 32 [140/729] - Loss: 0.2132
2026-05-02 00:31:19,839 - INFO - Epoch 32 [150/729] - Loss: 0.2137
2026-05-02 00:31:23,298 - INFO - Epoch 32 [160/729] - Loss: 0.2121
2026-05-02 00:31:26,753 - INFO - Epoch 32 [170/729] - Loss: 0.2116
2026-05-02 00:31:30,210 - INFO - Epoch 32 [180/729] - Loss: 0.2125
2026-05-02 00:31:33,659 - INFO - Epoch 32 [190/729] - Loss: 0.2115
2026-05-02 00:31:37,119 - INFO - Epoch 32 [200/729] - Loss: 0.2130
2026-05-02 00:31:40,563 - INFO - Epoch 32 [210/729] - Loss: 0.2134
2026-05-02 00:31:44,016 - INFO - Epoch 32 [220/729] - Loss: 0.2165
2026-05-02 00:31:47,469 - INFO - Epoch 32 [230/729] - Loss: 0.2164
2026-05-02 00:31:50,909 - INFO - Epoch 32 [240/729] - Loss: 0.2137
2026-05-02 00:31:54,360 - INFO - Epoch 32 [250/729] - Loss: 0.2126
2026-05-02 00:31:57,826 - INFO - Epoch 32 [260/729] - Loss: 0.2138
2026-05-02 00:32:01,271 - INFO - Epoch 32 [270/729] - Loss: 0.2135
2026-05-02 00:32:04,719 - INFO - Epoch 32 [280/729] - Loss: 0.2131
2026-05-02 00:32:08,168 - INFO - Epoch 32 [290/729] - Loss: 0.2117
2026-05-02 00:32:11,618 - INFO - Epoch 32 [300/729] - Loss: 0.2114
2026-05-02 00:32:15,069 - INFO - Epoch 32 [310/729] - Loss: 0.2121
2026-05-02 00:32:18,520 - INFO - Epoch 32 [320/729] - Loss: 0.2118
2026-05-02 00:32:21,977 - INFO - Epoch 32 [330/729] - Loss: 0.2145
2026-05-02 00:32:25,435 - INFO - Epoch 32 [340/729] - Loss: 0.2142
2026-05-02 00:32:28,890 - INFO - Epoch 32 [350/729] - Loss: 0.2150
2026-05-02 00:32:32,343 - INFO - Epoch 32 [360/729] - Loss: 0.2156
2026-05-02 00:32:35,796 - INFO - Epoch 32 [370/729] - Loss: 0.2160
2026-05-02 00:32:39,247 - INFO - Epoch 32 [380/729] - Loss: 0.2182
2026-05-02 00:32:42,717 - INFO - Epoch 32 [390/729] - Loss: 0.2187
2026-05-02 00:32:46,169 - INFO - Epoch 32 [400/729] - Loss: 0.2180
2026-05-02 00:32:49,628 - INFO - Epoch 32 [410/729] - Loss: 0.2190
2026-05-02 00:32:53,084 - INFO - Epoch 32 [420/729] - Loss: 0.2189
2026-05-02 00:32:56,534 - INFO - Epoch 32 [430/729] - Loss: 0.2188
2026-05-02 00:32:59,999 - INFO - Epoch 32 [440/729] - Loss: 0.2201
2026-05-02 00:33:03,493 - INFO - Epoch 32 [450/729] - Loss: 0.2201
2026-05-02 00:33:06,946 - INFO - Epoch 32 [460/729] - Loss: 0.2209
2026-05-02 00:33:10,391 - INFO - Epoch 32 [470/729] - Loss: 0.2204
2026-05-02 00:33:13,845 - INFO - Epoch 32 [480/729] - Loss: 0.2202
2026-05-02 00:33:17,291 - INFO - Epoch 32 [490/729] - Loss: 0.2197
2026-05-02 00:33:20,738 - INFO - Epoch 32 [500/729] - Loss: 0.2188
2026-05-02 00:33:24,215 - INFO - Epoch 32 [510/729] - Loss: 0.2198
2026-05-02 00:33:27,665 - INFO - Epoch 32 [520/729] - Loss: 0.2190
2026-05-02 00:33:31,114 - INFO - Epoch 32 [530/729] - Loss: 0.2189
2026-05-02 00:33:34,575 - INFO - Epoch 32 [540/729] - Loss: 0.2187
2026-05-02 00:33:38,031 - INFO - Epoch 32 [550/729] - Loss: 0.2185
2026-05-02 00:33:41,511 - INFO - Epoch 32 [560/729] - Loss: 0.2190
2026-05-02 00:33:44,964 - INFO - Epoch 32 [570/729] - Loss: 0.2191
2026-05-02 00:33:48,406 - INFO - Epoch 32 [580/729] - Loss: 0.2189
2026-05-02 00:33:51,849 - INFO - Epoch 32 [590/729] - Loss: 0.2197
2026-05-02 00:33:55,280 - INFO - Epoch 32 [600/729] - Loss: 0.2189
2026-05-02 00:33:58,715 - INFO - Epoch 32 [610/729] - Loss: 0.2189
2026-05-02 00:34:02,156 - INFO - Epoch 32 [620/729] - Loss: 0.2191
2026-05-02 00:34:05,621 - INFO - Epoch 32 [630/729] - Loss: 0.2196
2026-05-02 00:34:09,075 - INFO - Epoch 32 [640/729] - Loss: 0.2197
2026-05-02 00:34:12,505 - INFO - Epoch 32 [650/729] - Loss: 0.2191
2026-05-02 00:34:15,939 - INFO - Epoch 32 [660/729] - Loss: 0.2193
2026-05-02 00:34:19,384 - INFO - Epoch 32 [670/729] - Loss: 0.2195
2026-05-02 00:34:22,837 - INFO - Epoch 32 [680/729] - Loss: 0.2197
2026-05-02 00:34:26,284 - INFO - Epoch 32 [690/729] - Loss: 0.2196
2026-05-02 00:34:29,718 - INFO - Epoch 32 [700/729] - Loss: 0.2190
2026-05-02 00:34:33,187 - INFO - Epoch 32 [710/729] - Loss: 0.2199
2026-05-02 00:34:36,628 - INFO - Epoch 32 [720/729] - Loss: 0.2201
2026-05-02 00:35:22,999 - INFO - VAL Epoch 32 | Loss: 0.3051 | IoU: 0.8898 | Prec: 0.8335 | F1: 0.8421 | MAPE_L: 6.39% | MAPE_W: 26.44%
2026-05-02 00:35:23,791 - INFO - Epoch 33 [0/729] - Loss: 0.2083
2026-05-02 00:35:31,322 - INFO - Epoch 33 [10/729] - Loss: 0.2040
2026-05-02 00:35:34,765 - INFO - Epoch 33 [20/729] - Loss: 0.1919
2026-05-02 00:35:38,218 - INFO - Epoch 33 [30/729] - Loss: 0.2040
2026-05-02 00:35:41,676 - INFO - Epoch 33 [40/729] - Loss: 0.2170
2026-05-02 00:35:45,120 - INFO - Epoch 33 [50/729] - Loss: 0.2082
2026-05-02 00:35:48,570 - INFO - Epoch 33 [60/729] - Loss: 0.2110
2026-05-02 00:35:52,025 - INFO - Epoch 33 [70/729] - Loss: 0.2121
2026-05-02 00:35:55,479 - INFO - Epoch 33 [80/729] - Loss: 0.2168
2026-05-02 00:35:58,932 - INFO - Epoch 33 [90/729] - Loss: 0.2154
2026-05-02 00:36:02,383 - INFO - Epoch 33 [100/729] - Loss: 0.2166
2026-05-02 00:36:05,824 - INFO - Epoch 33 [110/729] - Loss: 0.2158
2026-05-02 00:36:09,274 - INFO - Epoch 33 [120/729] - Loss: 0.2163
2026-05-02 00:36:12,724 - INFO - Epoch 33 [130/729] - Loss: 0.2151
2026-05-02 00:36:16,177 - INFO - Epoch 33 [140/729] - Loss: 0.2148
2026-05-02 00:36:19,622 - INFO - Epoch 33 [150/729] - Loss: 0.2118
2026-05-02 00:36:23,100 - INFO - Epoch 33 [160/729] - Loss: 0.2143
2026-05-02 00:36:26,546 - INFO - Epoch 33 [170/729] - Loss: 0.2144
2026-05-02 00:36:30,032 - INFO - Epoch 33 [180/729] - Loss: 0.2162
2026-05-02 00:36:33,482 - INFO - Epoch 33 [190/729] - Loss: 0.2157
2026-05-02 00:36:36,935 - INFO - Epoch 33 [200/729] - Loss: 0.2148
2026-05-02 00:36:40,393 - INFO - Epoch 33 [210/729] - Loss: 0.2165
2026-05-02 00:36:43,839 - INFO - Epoch 33 [220/729] - Loss: 0.2152
2026-05-02 00:36:47,291 - INFO - Epoch 33 [230/729] - Loss: 0.2146
2026-05-02 00:36:50,752 - INFO - Epoch 33 [240/729] - Loss: 0.2144
2026-05-02 00:36:54,205 - INFO - Epoch 33 [250/729] - Loss: 0.2154
2026-05-02 00:36:57,664 - INFO - Epoch 33 [260/729] - Loss: 0.2159
2026-05-02 00:37:01,127 - INFO - Epoch 33 [270/729] - Loss: 0.2169
2026-05-02 00:37:04,602 - INFO - Epoch 33 [280/729] - Loss: 0.2172
2026-05-02 00:37:08,055 - INFO - Epoch 33 [290/729] - Loss: 0.2175
2026-05-02 00:37:11,505 - INFO - Epoch 33 [300/729] - Loss: 0.2160
2026-05-02 00:37:14,962 - INFO - Epoch 33 [310/729] - Loss: 0.2159
2026-05-02 00:37:18,427 - INFO - Epoch 33 [320/729] - Loss: 0.2165
2026-05-02 00:37:21,885 - INFO - Epoch 33 [330/729] - Loss: 0.2153
2026-05-02 00:37:25,353 - INFO - Epoch 33 [340/729] - Loss: 0.2166
2026-05-02 00:37:28,810 - INFO - Epoch 33 [350/729] - Loss: 0.2170
2026-05-02 00:37:32,264 - INFO - Epoch 33 [360/729] - Loss: 0.2160
2026-05-02 00:37:35,721 - INFO - Epoch 33 [370/729] - Loss: 0.2162
2026-05-02 00:37:39,173 - INFO - Epoch 33 [380/729] - Loss: 0.2160
2026-05-02 00:37:42,625 - INFO - Epoch 33 [390/729] - Loss: 0.2146
2026-05-02 00:37:46,082 - INFO - Epoch 33 [400/729] - Loss: 0.2154
2026-05-02 00:37:49,534 - INFO - Epoch 33 [410/729] - Loss: 0.2146
2026-05-02 00:37:52,993 - INFO - Epoch 33 [420/729] - Loss: 0.2144
2026-05-02 00:37:56,463 - INFO - Epoch 33 [430/729] - Loss: 0.2155
2026-05-02 00:37:59,915 - INFO - Epoch 33 [440/729] - Loss: 0.2150
2026-05-02 00:38:03,386 - INFO - Epoch 33 [450/729] - Loss: 0.2147
2026-05-02 00:38:06,834 - INFO - Epoch 33 [460/729] - Loss: 0.2154
2026-05-02 00:38:10,269 - INFO - Epoch 33 [470/729] - Loss: 0.2149
2026-05-02 00:38:13,711 - INFO - Epoch 33 [480/729] - Loss: 0.2142
2026-05-02 00:38:17,152 - INFO - Epoch 33 [490/729] - Loss: 0.2144
2026-05-02 00:38:20,590 - INFO - Epoch 33 [500/729] - Loss: 0.2154
2026-05-02 00:38:24,040 - INFO - Epoch 33 [510/729] - Loss: 0.2161
2026-05-02 00:38:27,474 - INFO - Epoch 33 [520/729] - Loss: 0.2154
2026-05-02 00:38:30,904 - INFO - Epoch 33 [530/729] - Loss: 0.2146
2026-05-02 00:38:34,378 - INFO - Epoch 33 [540/729] - Loss: 0.2154
2026-05-02 00:38:37,819 - INFO - Epoch 33 [550/729] - Loss: 0.2152
2026-05-02 00:38:41,260 - INFO - Epoch 33 [560/729] - Loss: 0.2149
2026-05-02 00:38:44,696 - INFO - Epoch 33 [570/729] - Loss: 0.2158
2026-05-02 00:38:48,140 - INFO - Epoch 33 [580/729] - Loss: 0.2166
2026-05-02 00:38:51,574 - INFO - Epoch 33 [590/729] - Loss: 0.2168
2026-05-02 00:38:55,005 - INFO - Epoch 33 [600/729] - Loss: 0.2169
2026-05-02 00:38:58,445 - INFO - Epoch 33 [610/729] - Loss: 0.2169
2026-05-02 00:39:01,908 - INFO - Epoch 33 [620/729] - Loss: 0.2179
2026-05-02 00:39:05,366 - INFO - Epoch 33 [630/729] - Loss: 0.2183
2026-05-02 00:39:08,809 - INFO - Epoch 33 [640/729] - Loss: 0.2178
2026-05-02 00:39:12,238 - INFO - Epoch 33 [650/729] - Loss: 0.2168
2026-05-02 00:39:15,699 - INFO - Epoch 33 [660/729] - Loss: 0.2178
2026-05-02 00:39:19,156 - INFO - Epoch 33 [670/729] - Loss: 0.2187
2026-05-02 00:39:22,605 - INFO - Epoch 33 [680/729] - Loss: 0.2189
2026-05-02 00:39:26,044 - INFO - Epoch 33 [690/729] - Loss: 0.2188
2026-05-02 00:39:29,478 - INFO - Epoch 33 [700/729] - Loss: 0.2181
2026-05-02 00:39:32,938 - INFO - Epoch 33 [710/729] - Loss: 0.2187
2026-05-02 00:39:36,381 - INFO - Epoch 33 [720/729] - Loss: 0.2188
2026-05-02 00:40:28,264 - INFO - VAL Epoch 33 | Loss: 0.3022 | IoU: 0.8897 | Prec: 0.7731 | F1: 0.8185 | MAPE_L: 5.92% | MAPE_W: 27.04%
2026-05-02 00:40:29,029 - INFO - Epoch 34 [0/729] - Loss: 0.2135
2026-05-02 00:40:32,478 - INFO - Epoch 34 [10/729] - Loss: 0.1932
2026-05-02 00:40:35,928 - INFO - Epoch 34 [20/729] - Loss: 0.1910
2026-05-02 00:40:39,381 - INFO - Epoch 34 [30/729] - Loss: 0.1928
2026-05-02 00:40:42,842 - INFO - Epoch 34 [40/729] - Loss: 0.1947
2026-05-02 00:40:46,290 - INFO - Epoch 34 [50/729] - Loss: 0.1934
2026-05-02 00:40:49,763 - INFO - Epoch 34 [60/729] - Loss: 0.2041
2026-05-02 00:40:53,216 - INFO - Epoch 34 [70/729] - Loss: 0.2013
2026-05-02 00:40:56,666 - INFO - Epoch 34 [80/729] - Loss: 0.2039
2026-05-02 00:41:00,114 - INFO - Epoch 34 [90/729] - Loss: 0.2030
2026-05-02 00:41:03,585 - INFO - Epoch 34 [100/729] - Loss: 0.2071
2026-05-02 00:41:07,044 - INFO - Epoch 34 [110/729] - Loss: 0.2084
2026-05-02 00:41:10,498 - INFO - Epoch 34 [120/729] - Loss: 0.2078
2026-05-02 00:41:13,959 - INFO - Epoch 34 [130/729] - Loss: 0.2108
2026-05-02 00:41:17,411 - INFO - Epoch 34 [140/729] - Loss: 0.2134
2026-05-02 00:41:20,850 - INFO - Epoch 34 [150/729] - Loss: 0.2100
2026-05-02 00:41:24,306 - INFO - Epoch 34 [160/729] - Loss: 0.2118
2026-05-02 00:41:27,754 - INFO - Epoch 34 [170/729] - Loss: 0.2097
2026-05-02 00:41:31,200 - INFO - Epoch 34 [180/729] - Loss: 0.2078
2026-05-02 00:41:34,686 - INFO - Epoch 34 [190/729] - Loss: 0.2082
2026-05-02 00:41:38,140 - INFO - Epoch 34 [200/729] - Loss: 0.2062
2026-05-02 00:41:41,600 - INFO - Epoch 34 [210/729] - Loss: 0.2071
2026-05-02 00:41:45,052 - INFO - Epoch 34 [220/729] - Loss: 0.2067
2026-05-02 00:41:48,510 - INFO - Epoch 34 [230/729] - Loss: 0.2076
2026-05-02 00:41:51,964 - INFO - Epoch 34 [240/729] - Loss: 0.2068
2026-05-02 00:41:55,408 - INFO - Epoch 34 [250/729] - Loss: 0.2047
2026-05-02 00:41:58,863 - INFO - Epoch 34 [260/729] - Loss: 0.2057
2026-05-02 00:42:02,334 - INFO - Epoch 34 [270/729] - Loss: 0.2056
2026-05-02 00:42:05,792 - INFO - Epoch 34 [280/729] - Loss: 0.2048
2026-05-02 00:42:09,258 - INFO - Epoch 34 [290/729] - Loss: 0.2062
2026-05-02 00:42:12,720 - INFO - Epoch 34 [300/729] - Loss: 0.2079
2026-05-02 00:42:16,211 - INFO - Epoch 34 [310/729] - Loss: 0.2100
2026-05-02 00:42:19,672 - INFO - Epoch 34 [320/729] - Loss: 0.2109
2026-05-02 00:42:23,122 - INFO - Epoch 34 [330/729] - Loss: 0.2098
2026-05-02 00:42:26,580 - INFO - Epoch 34 [340/729] - Loss: 0.2095
2026-05-02 00:42:30,040 - INFO - Epoch 34 [350/729] - Loss: 0.2094
2026-05-02 00:42:33,501 - INFO - Epoch 34 [360/729] - Loss: 0.2087
2026-05-02 00:42:36,957 - INFO - Epoch 34 [370/729] - Loss: 0.2090
2026-05-02 00:42:40,405 - INFO - Epoch 34 [380/729] - Loss: 0.2084
2026-05-02 00:42:43,867 - INFO - Epoch 34 [390/729] - Loss: 0.2106
2026-05-02 00:42:47,329 - INFO - Epoch 34 [400/729] - Loss: 0.2105
2026-05-02 00:42:50,788 - INFO - Epoch 34 [410/729] - Loss: 0.2109
2026-05-02 00:42:54,243 - INFO - Epoch 34 [420/729] - Loss: 0.2097
2026-05-02 00:42:57,700 - INFO - Epoch 34 [430/729] - Loss: 0.2107
2026-05-02 00:43:01,150 - INFO - Epoch 34 [440/729] - Loss: 0.2099
2026-05-02 00:43:04,611 - INFO - Epoch 34 [450/729] - Loss: 0.2094
2026-05-02 00:43:08,071 - INFO - Epoch 34 [460/729] - Loss: 0.2092
2026-05-02 00:43:11,532 - INFO - Epoch 34 [470/729] - Loss: 0.2094
2026-05-02 00:43:14,997 - INFO - Epoch 34 [480/729] - Loss: 0.2095
2026-05-02 00:43:18,471 - INFO - Epoch 34 [490/729] - Loss: 0.2104
2026-05-02 00:43:21,927 - INFO - Epoch 34 [500/729] - Loss: 0.2097
2026-05-02 00:43:25,392 - INFO - Epoch 34 [510/729] - Loss: 0.2104
2026-05-02 00:43:28,851 - INFO - Epoch 34 [520/729] - Loss: 0.2101
2026-05-02 00:43:32,327 - INFO - Epoch 34 [530/729] - Loss: 0.2109
2026-05-02 00:43:35,798 - INFO - Epoch 34 [540/729] - Loss: 0.2112
2026-05-02 00:43:39,258 - INFO - Epoch 34 [550/729] - Loss: 0.2109
2026-05-02 00:43:42,725 - INFO - Epoch 34 [560/729] - Loss: 0.2111
2026-05-02 00:43:46,182 - INFO - Epoch 34 [570/729] - Loss: 0.2112
2026-05-02 00:43:49,636 - INFO - Epoch 34 [580/729] - Loss: 0.2115
2026-05-02 00:43:53,090 - INFO - Epoch 34 [590/729] - Loss: 0.2114
2026-05-02 00:43:56,539 - INFO - Epoch 34 [600/729] - Loss: 0.2109
2026-05-02 00:44:00,020 - INFO - Epoch 34 [610/729] - Loss: 0.2109
2026-05-02 00:44:03,487 - INFO - Epoch 34 [620/729] - Loss: 0.2115
2026-05-02 00:44:06,944 - INFO - Epoch 34 [630/729] - Loss: 0.2123
2026-05-02 00:44:10,409 - INFO - Epoch 34 [640/729] - Loss: 0.2126
2026-05-02 00:44:13,854 - INFO - Epoch 34 [650/729] - Loss: 0.2117
2026-05-02 00:44:17,319 - INFO - Epoch 34 [660/729] - Loss: 0.2115
2026-05-02 00:44:20,768 - INFO - Epoch 34 [670/729] - Loss: 0.2114
2026-05-02 00:44:24,233 - INFO - Epoch 34 [680/729] - Loss: 0.2119
2026-05-02 00:44:27,677 - INFO - Epoch 34 [690/729] - Loss: 0.2114
2026-05-02 00:44:31,126 - INFO - Epoch 34 [700/729] - Loss: 0.2115
2026-05-02 00:44:34,591 - INFO - Epoch 34 [710/729] - Loss: 0.2112
2026-05-02 00:44:38,044 - INFO - Epoch 34 [720/729] - Loss: 0.2108
2026-05-02 00:45:24,767 - INFO - VAL Epoch 34 | Loss: 0.2976 | IoU: 0.8921 | Prec: 0.8623 | F1: 0.8508 | MAPE_L: 6.25% | MAPE_W: 26.37%
2026-05-02 00:45:25,143 - INFO -     [!] New Best Model Saved!
2026-05-02 00:45:25,971 - INFO - Epoch 35 [0/729] - Loss: 0.1531
2026-05-02 00:45:29,421 - INFO - Epoch 35 [10/729] - Loss: 0.2028
2026-05-02 00:45:32,869 - INFO - Epoch 35 [20/729] - Loss: 0.2150
2026-05-02 00:45:36,313 - INFO - Epoch 35 [30/729] - Loss: 0.2090
2026-05-02 00:45:39,768 - INFO - Epoch 35 [40/729] - Loss: 0.2173
2026-05-02 00:45:43,231 - INFO - Epoch 35 [50/729] - Loss: 0.2176
2026-05-02 00:45:46,679 - INFO - Epoch 35 [60/729] - Loss: 0.2160
2026-05-02 00:45:50,129 - INFO - Epoch 35 [70/729] - Loss: 0.2113
2026-05-02 00:45:53,572 - INFO - Epoch 35 [80/729] - Loss: 0.2101
2026-05-02 00:45:57,024 - INFO - Epoch 35 [90/729] - Loss: 0.2111
2026-05-02 00:46:00,472 - INFO - Epoch 35 [100/729] - Loss: 0.2110
2026-05-02 00:46:03,918 - INFO - Epoch 35 [110/729] - Loss: 0.2097
2026-05-02 00:46:07,373 - INFO - Epoch 35 [120/729] - Loss: 0.2079
2026-05-02 00:46:10,820 - INFO - Epoch 35 [130/729] - Loss: 0.2063
2026-05-02 00:46:14,273 - INFO - Epoch 35 [140/729] - Loss: 0.2073
2026-05-02 00:46:17,724 - INFO - Epoch 35 [150/729] - Loss: 0.2101
2026-05-02 00:46:21,173 - INFO - Epoch 35 [160/729] - Loss: 0.2085
2026-05-02 00:46:24,627 - INFO - Epoch 35 [170/729] - Loss: 0.2093
2026-05-02 00:46:28,073 - INFO - Epoch 35 [180/729] - Loss: 0.2097
2026-05-02 00:46:31,524 - INFO - Epoch 35 [190/729] - Loss: 0.2137
2026-05-02 00:46:34,975 - INFO - Epoch 35 [200/729] - Loss: 0.2134
2026-05-02 00:46:38,465 - INFO - Epoch 35 [210/729] - Loss: 0.2163
2026-05-02 00:46:41,931 - INFO - Epoch 35 [220/729] - Loss: 0.2205
2026-05-02 00:46:45,378 - INFO - Epoch 35 [230/729] - Loss: 0.2186
2026-05-02 00:46:48,821 - INFO - Epoch 35 [240/729] - Loss: 0.2178
2026-05-02 00:46:52,275 - INFO - Epoch 35 [250/729] - Loss: 0.2203
2026-05-02 00:46:55,720 - INFO - Epoch 35 [260/729] - Loss: 0.2187
2026-05-02 00:46:59,167 - INFO - Epoch 35 [270/729] - Loss: 0.2175
2026-05-02 00:47:02,612 - INFO - Epoch 35 [280/729] - Loss: 0.2172
2026-05-02 00:47:06,062 - INFO - Epoch 35 [290/729] - Loss: 0.2169
2026-05-02 00:47:09,506 - INFO - Epoch 35 [300/729] - Loss: 0.2160
2026-05-02 00:47:12,943 - INFO - Epoch 35 [310/729] - Loss: 0.2144
2026-05-02 00:47:16,399 - INFO - Epoch 35 [320/729] - Loss: 0.2146
2026-05-02 00:47:19,842 - INFO - Epoch 35 [330/729] - Loss: 0.2145
2026-05-02 00:47:23,284 - INFO - Epoch 35 [340/729] - Loss: 0.2135
2026-05-02 00:47:26,725 - INFO - Epoch 35 [350/729] - Loss: 0.2126
2026-05-02 00:47:30,176 - INFO - Epoch 35 [360/729] - Loss: 0.2122
2026-05-02 00:47:33,618 - INFO - Epoch 35 [370/729] - Loss: 0.2116
2026-05-02 00:47:37,089 - INFO - Epoch 35 [380/729] - Loss: 0.2109
2026-05-02 00:47:40,539 - INFO - Epoch 35 [390/729] - Loss: 0.2107
2026-05-02 00:47:43,980 - INFO - Epoch 35 [400/729] - Loss: 0.2097
2026-05-02 00:47:47,458 - INFO - Epoch 35 [410/729] - Loss: 0.2110
2026-05-02 00:47:50,909 - INFO - Epoch 35 [420/729] - Loss: 0.2106
2026-05-02 00:47:54,356 - INFO - Epoch 35 [430/729] - Loss: 0.2118
2026-05-02 00:47:57,809 - INFO - Epoch 35 [440/729] - Loss: 0.2116
2026-05-02 00:48:01,259 - INFO - Epoch 35 [450/729] - Loss: 0.2114
2026-05-02 00:48:04,712 - INFO - Epoch 35 [460/729] - Loss: 0.2113
2026-05-02 00:48:08,182 - INFO - Epoch 35 [470/729] - Loss: 0.2112
2026-05-02 00:48:11,637 - INFO - Epoch 35 [480/729] - Loss: 0.2109
2026-05-02 00:48:15,077 - INFO - Epoch 35 [490/729] - Loss: 0.2105
2026-05-02 00:48:18,528 - INFO - Epoch 35 [500/729] - Loss: 0.2111
2026-05-02 00:48:21,979 - INFO - Epoch 35 [510/729] - Loss: 0.2100
2026-05-02 00:48:25,443 - INFO - Epoch 35 [520/729] - Loss: 0.2104
2026-05-02 00:48:28,897 - INFO - Epoch 35 [530/729] - Loss: 0.2104
2026-05-02 00:48:32,350 - INFO - Epoch 35 [540/729] - Loss: 0.2107
2026-05-02 00:48:35,797 - INFO - Epoch 35 [550/729] - Loss: 0.2102
2026-05-02 00:48:39,248 - INFO - Epoch 35 [560/729] - Loss: 0.2107
2026-05-02 00:48:42,695 - INFO - Epoch 35 [570/729] - Loss: 0.2107
2026-05-02 00:48:46,140 - INFO - Epoch 35 [580/729] - Loss: 0.2097
2026-05-02 00:48:49,591 - INFO - Epoch 35 [590/729] - Loss: 0.2106
2026-05-02 00:48:53,038 - INFO - Epoch 35 [600/729] - Loss: 0.2104
2026-05-02 00:48:56,504 - INFO - Epoch 35 [610/729] - Loss: 0.2107
2026-05-02 00:48:59,955 - INFO - Epoch 35 [620/729] - Loss: 0.2112
2026-05-02 00:49:03,405 - INFO - Epoch 35 [630/729] - Loss: 0.2110
2026-05-02 00:49:06,866 - INFO - Epoch 35 [640/729] - Loss: 0.2113
2026-05-02 00:49:10,311 - INFO - Epoch 35 [650/729] - Loss: 0.2108
2026-05-02 00:49:13,797 - INFO - Epoch 35 [660/729] - Loss: 0.2123
2026-05-02 00:49:17,248 - INFO - Epoch 35 [670/729] - Loss: 0.2118
2026-05-02 00:49:20,718 - INFO - Epoch 35 [680/729] - Loss: 0.2118
2026-05-02 00:49:24,166 - INFO - Epoch 35 [690/729] - Loss: 0.2116
2026-05-02 00:49:27,611 - INFO - Epoch 35 [700/729] - Loss: 0.2113
2026-05-02 00:49:31,059 - INFO - Epoch 35 [710/729] - Loss: 0.2109
2026-05-02 00:49:34,510 - INFO - Epoch 35 [720/729] - Loss: 0.2109
2026-05-02 00:50:21,172 - INFO - VAL Epoch 35 | Loss: 0.3045 | IoU: 0.8905 | Prec: 0.8613 | F1: 0.8505 | MAPE_L: 5.75% | MAPE_W: 26.50%
2026-05-02 00:50:22,090 - INFO - Epoch 36 [0/729] - Loss: 0.0909
2026-05-02 00:50:25,550 - INFO - Epoch 36 [10/729] - Loss: 0.2108
2026-05-02 00:50:29,007 - INFO - Epoch 36 [20/729] - Loss: 0.2354
2026-05-02 00:50:32,467 - INFO - Epoch 36 [30/729] - Loss: 0.2430
2026-05-02 00:50:35,969 - INFO - Epoch 36 [40/729] - Loss: 0.2445
2026-05-02 00:50:39,441 - INFO - Epoch 36 [50/729] - Loss: 0.2366
2026-05-02 00:50:42,886 - INFO - Epoch 36 [60/729] - Loss: 0.2288
2026-05-02 00:50:46,336 - INFO - Epoch 36 [70/729] - Loss: 0.2255
2026-05-02 00:50:49,789 - INFO - Epoch 36 [80/729] - Loss: 0.2270
2026-05-02 00:50:53,260 - INFO - Epoch 36 [90/729] - Loss: 0.2195
2026-05-02 00:50:56,727 - INFO - Epoch 36 [100/729] - Loss: 0.2177
2026-05-02 00:51:00,173 - INFO - Epoch 36 [110/729] - Loss: 0.2147
2026-05-02 00:51:03,648 - INFO - Epoch 36 [120/729] - Loss: 0.2165
2026-05-02 00:51:07,099 - INFO - Epoch 36 [130/729] - Loss: 0.2153
2026-05-02 00:51:10,552 - INFO - Epoch 36 [140/729] - Loss: 0.2170
2026-05-02 00:51:13,997 - INFO - Epoch 36 [150/729] - Loss: 0.2177
2026-05-02 00:51:17,443 - INFO - Epoch 36 [160/729] - Loss: 0.2127
2026-05-02 00:51:20,893 - INFO - Epoch 36 [170/729] - Loss: 0.2124
2026-05-02 00:51:24,338 - INFO - Epoch 36 [180/729] - Loss: 0.2106
2026-05-02 00:51:27,795 - INFO - Epoch 36 [190/729] - Loss: 0.2116
2026-05-02 00:51:31,253 - INFO - Epoch 36 [200/729] - Loss: 0.2121
2026-05-02 00:51:34,704 - INFO - Epoch 36 [210/729] - Loss: 0.2133
2026-05-02 00:51:38,162 - INFO - Epoch 36 [220/729] - Loss: 0.2153
2026-05-02 00:51:41,612 - INFO - Epoch 36 [230/729] - Loss: 0.2139
2026-05-02 00:51:45,063 - INFO - Epoch 36 [240/729] - Loss: 0.2140
2026-05-02 00:51:48,516 - INFO - Epoch 36 [250/729] - Loss: 0.2157
2026-05-02 00:51:51,969 - INFO - Epoch 36 [260/729] - Loss: 0.2157
2026-05-02 00:51:55,416 - INFO - Epoch 36 [270/729] - Loss: 0.2149
2026-05-02 00:51:58,859 - INFO - Epoch 36 [280/729] - Loss: 0.2136
2026-05-02 00:52:02,324 - INFO - Epoch 36 [290/729] - Loss: 0.2158
2026-05-02 00:52:05,769 - INFO - Epoch 36 [300/729] - Loss: 0.2152
2026-05-02 00:52:09,227 - INFO - Epoch 36 [310/729] - Loss: 0.2150
2026-05-02 00:52:12,679 - INFO - Epoch 36 [320/729] - Loss: 0.2139
2026-05-02 00:52:16,126 - INFO - Epoch 36 [330/729] - Loss: 0.2132
2026-05-02 00:52:19,576 - INFO - Epoch 36 [340/729] - Loss: 0.2122
2026-05-02 00:52:23,039 - INFO - Epoch 36 [350/729] - Loss: 0.2130
2026-05-02 00:52:26,498 - INFO - Epoch 36 [360/729] - Loss: 0.2129
2026-05-02 00:52:29,942 - INFO - Epoch 36 [370/729] - Loss: 0.2115
2026-05-02 00:52:33,388 - INFO - Epoch 36 [380/729] - Loss: 0.2102
2026-05-02 00:52:36,840 - INFO - Epoch 36 [390/729] - Loss: 0.2100
2026-05-02 00:52:40,304 - INFO - Epoch 36 [400/729] - Loss: 0.2114
2026-05-02 00:52:43,765 - INFO - Epoch 36 [410/729] - Loss: 0.2117
2026-05-02 00:52:47,222 - INFO - Epoch 36 [420/729] - Loss: 0.2118
2026-05-02 00:52:50,674 - INFO - Epoch 36 [430/729] - Loss: 0.2121
2026-05-02 00:52:54,128 - INFO - Epoch 36 [440/729] - Loss: 0.2117
2026-05-02 00:52:57,580 - INFO - Epoch 36 [450/729] - Loss: 0.2110
2026-05-02 00:53:01,028 - INFO - Epoch 36 [460/729] - Loss: 0.2102
2026-05-02 00:53:04,480 - INFO - Epoch 36 [470/729] - Loss: 0.2109
2026-05-02 00:53:07,931 - INFO - Epoch 36 [480/729] - Loss: 0.2103
2026-05-02 00:53:11,380 - INFO - Epoch 36 [490/729] - Loss: 0.2111
2026-05-02 00:53:14,827 - INFO - Epoch 36 [500/729] - Loss: 0.2105
2026-05-02 00:53:18,282 - INFO - Epoch 36 [510/729] - Loss: 0.2107
2026-05-02 00:53:21,744 - INFO - Epoch 36 [520/729] - Loss: 0.2108
2026-05-02 00:53:25,197 - INFO - Epoch 36 [530/729] - Loss: 0.2113
2026-05-02 00:53:28,655 - INFO - Epoch 36 [540/729] - Loss: 0.2120
2026-05-02 00:53:32,108 - INFO - Epoch 36 [550/729] - Loss: 0.2121
2026-05-02 00:53:35,555 - INFO - Epoch 36 [560/729] - Loss: 0.2115
2026-05-02 00:53:39,017 - INFO - Epoch 36 [570/729] - Loss: 0.2115
2026-05-02 00:53:42,466 - INFO - Epoch 36 [580/729] - Loss: 0.2111
2026-05-02 00:53:45,946 - INFO - Epoch 36 [590/729] - Loss: 0.2113
2026-05-02 00:53:49,405 - INFO - Epoch 36 [600/729] - Loss: 0.2116
2026-05-02 00:53:52,851 - INFO - Epoch 36 [610/729] - Loss: 0.2113
2026-05-02 00:53:56,305 - INFO - Epoch 36 [620/729] - Loss: 0.2112
2026-05-02 00:53:59,756 - INFO - Epoch 36 [630/729] - Loss: 0.2115
2026-05-02 00:54:03,224 - INFO - Epoch 36 [640/729] - Loss: 0.2110
2026-05-02 00:54:06,667 - INFO - Epoch 36 [650/729] - Loss: 0.2107
2026-05-02 00:54:10,111 - INFO - Epoch 36 [660/729] - Loss: 0.2103
2026-05-02 00:54:13,555 - INFO - Epoch 36 [670/729] - Loss: 0.2100
2026-05-02 00:54:17,011 - INFO - Epoch 36 [680/729] - Loss: 0.2101
2026-05-02 00:54:20,460 - INFO - Epoch 36 [690/729] - Loss: 0.2100
2026-05-02 00:54:23,926 - INFO - Epoch 36 [700/729] - Loss: 0.2104
2026-05-02 00:54:27,377 - INFO - Epoch 36 [710/729] - Loss: 0.2100
2026-05-02 00:54:30,819 - INFO - Epoch 36 [720/729] - Loss: 0.2094
2026-05-02 00:55:17,410 - INFO - VAL Epoch 36 | Loss: 0.3077 | IoU: 0.8871 | Prec: 0.8588 | F1: 0.8557 | MAPE_L: 5.62% | MAPE_W: 26.10%
2026-05-02 00:55:18,249 - INFO - Epoch 37 [0/729] - Loss: 0.1194
2026-05-02 00:55:21,705 - INFO - Epoch 37 [10/729] - Loss: 0.1918
2026-05-02 00:55:25,162 - INFO - Epoch 37 [20/729] - Loss: 0.2070
2026-05-02 00:55:28,626 - INFO - Epoch 37 [30/729] - Loss: 0.2104
2026-05-02 00:55:32,085 - INFO - Epoch 37 [40/729] - Loss: 0.2140
2026-05-02 00:55:35,540 - INFO - Epoch 37 [50/729] - Loss: 0.2133
2026-05-02 00:55:38,999 - INFO - Epoch 37 [60/729] - Loss: 0.2123
2026-05-02 00:55:42,459 - INFO - Epoch 37 [70/729] - Loss: 0.2100
2026-05-02 00:55:45,916 - INFO - Epoch 37 [80/729] - Loss: 0.2104
2026-05-02 00:55:49,368 - INFO - Epoch 37 [90/729] - Loss: 0.2071
2026-05-02 00:55:52,823 - INFO - Epoch 37 [100/729] - Loss: 0.2067
2026-05-02 00:55:56,274 - INFO - Epoch 37 [110/729] - Loss: 0.2034
2026-05-02 00:55:59,753 - INFO - Epoch 37 [120/729] - Loss: 0.2024
2026-05-02 00:56:03,231 - INFO - Epoch 37 [130/729] - Loss: 0.2033
2026-05-02 00:56:06,692 - INFO - Epoch 37 [140/729] - Loss: 0.2054
2026-05-02 00:56:10,143 - INFO - Epoch 37 [150/729] - Loss: 0.2059
2026-05-02 00:56:13,609 - INFO - Epoch 37 [160/729] - Loss: 0.2077
2026-05-02 00:56:17,058 - INFO - Epoch 37 [170/729] - Loss: 0.2046
2026-05-02 00:56:20,512 - INFO - Epoch 37 [180/729] - Loss: 0.2027
2026-05-02 00:56:23,972 - INFO - Epoch 37 [190/729] - Loss: 0.2050
2026-05-02 00:56:27,431 - INFO - Epoch 37 [200/729] - Loss: 0.2041
2026-05-02 00:56:30,882 - INFO - Epoch 37 [210/729] - Loss: 0.2028
2026-05-02 00:56:34,340 - INFO - Epoch 37 [220/729] - Loss: 0.2027
2026-05-02 00:56:37,798 - INFO - Epoch 37 [230/729] - Loss: 0.2015
2026-05-02 00:56:41,265 - INFO - Epoch 37 [240/729] - Loss: 0.2019
2026-05-02 00:56:44,723 - INFO - Epoch 37 [250/729] - Loss: 0.2022
2026-05-02 00:56:48,184 - INFO - Epoch 37 [260/729] - Loss: 0.2022
2026-05-02 00:56:51,639 - INFO - Epoch 37 [270/729] - Loss: 0.2017
2026-05-02 00:56:55,090 - INFO - Epoch 37 [280/729] - Loss: 0.2009
2026-05-02 00:56:58,549 - INFO - Epoch 37 [290/729] - Loss: 0.2019
2026-05-02 00:57:02,013 - INFO - Epoch 37 [300/729] - Loss: 0.2011
2026-05-02 00:57:05,472 - INFO - Epoch 37 [310/729] - Loss: 0.2016
2026-05-02 00:57:08,924 - INFO - Epoch 37 [320/729] - Loss: 0.2005
2026-05-02 00:57:12,386 - INFO - Epoch 37 [330/729] - Loss: 0.2005
2026-05-02 00:57:15,842 - INFO - Epoch 37 [340/729] - Loss: 0.1998
2026-05-02 00:57:19,292 - INFO - Epoch 37 [350/729] - Loss: 0.1990
2026-05-02 00:57:22,768 - INFO - Epoch 37 [360/729] - Loss: 0.2001
2026-05-02 00:57:26,218 - INFO - Epoch 37 [370/729] - Loss: 0.1997
2026-05-02 00:57:29,676 - INFO - Epoch 37 [380/729] - Loss: 0.2004
2026-05-02 00:57:33,151 - INFO - Epoch 37 [390/729] - Loss: 0.2019
2026-05-02 00:57:36,599 - INFO - Epoch 37 [400/729] - Loss: 0.2014
2026-05-02 00:57:40,052 - INFO - Epoch 37 [410/729] - Loss: 0.2016
2026-05-02 00:57:43,517 - INFO - Epoch 37 [420/729] - Loss: 0.2015
2026-05-02 00:57:46,968 - INFO - Epoch 37 [430/729] - Loss: 0.2010
2026-05-02 00:57:50,422 - INFO - Epoch 37 [440/729] - Loss: 0.2010
2026-05-02 00:57:53,899 - INFO - Epoch 37 [450/729] - Loss: 0.2011
2026-05-02 00:57:57,363 - INFO - Epoch 37 [460/729] - Loss: 0.2031
2026-05-02 00:58:00,812 - INFO - Epoch 37 [470/729] - Loss: 0.2026
2026-05-02 00:58:04,270 - INFO - Epoch 37 [480/729] - Loss: 0.2021
2026-05-02 00:58:07,721 - INFO - Epoch 37 [490/729] - Loss: 0.2012
2026-05-02 00:58:11,177 - INFO - Epoch 37 [500/729] - Loss: 0.2008
2026-05-02 00:58:14,636 - INFO - Epoch 37 [510/729] - Loss: 0.2002
2026-05-02 00:58:18,090 - INFO - Epoch 37 [520/729] - Loss: 0.2000
2026-05-02 00:58:21,537 - INFO - Epoch 37 [530/729] - Loss: 0.1993
2026-05-02 00:58:24,990 - INFO - Epoch 37 [540/729] - Loss: 0.1992
2026-05-02 00:58:28,449 - INFO - Epoch 37 [550/729] - Loss: 0.1991
2026-05-02 00:58:31,927 - INFO - Epoch 37 [560/729] - Loss: 0.2001
2026-05-02 00:58:35,379 - INFO - Epoch 37 [570/729] - Loss: 0.2001
2026-05-02 00:58:38,829 - INFO - Epoch 37 [580/729] - Loss: 0.2007
2026-05-02 00:58:42,291 - INFO - Epoch 37 [590/729] - Loss: 0.2007
2026-05-02 00:58:45,779 - INFO - Epoch 37 [600/729] - Loss: 0.2011
2026-05-02 00:58:49,245 - INFO - Epoch 37 [610/729] - Loss: 0.2014
2026-05-02 00:58:52,695 - INFO - Epoch 37 [620/729] - Loss: 0.2010
2026-05-02 00:58:56,137 - INFO - Epoch 37 [630/729] - Loss: 0.2004
2026-05-02 00:58:59,599 - INFO - Epoch 37 [640/729] - Loss: 0.2010
2026-05-02 00:59:03,061 - INFO - Epoch 37 [650/729] - Loss: 0.2009
2026-05-02 00:59:06,515 - INFO - Epoch 37 [660/729] - Loss: 0.2010
2026-05-02 00:59:09,963 - INFO - Epoch 37 [670/729] - Loss: 0.2010
2026-05-02 00:59:13,427 - INFO - Epoch 37 [680/729] - Loss: 0.2010
2026-05-02 00:59:16,879 - INFO - Epoch 37 [690/729] - Loss: 0.2017
2026-05-02 00:59:20,338 - INFO - Epoch 37 [700/729] - Loss: 0.2020
2026-05-02 00:59:23,790 - INFO - Epoch 37 [710/729] - Loss: 0.2018
2026-05-02 00:59:27,241 - INFO - Epoch 37 [720/729] - Loss: 0.2013
2026-05-02 01:00:13,847 - INFO - VAL Epoch 37 | Loss: 0.3127 | IoU: 0.8877 | Prec: 0.9042 | F1: 0.8448 | MAPE_L: 5.74% | MAPE_W: 26.23%
2026-05-02 01:00:14,648 - INFO - Epoch 38 [0/729] - Loss: 0.2821
2026-05-02 01:00:18,082 - INFO - Epoch 38 [10/729] - Loss: 0.1821
2026-05-02 01:00:21,523 - INFO - Epoch 38 [20/729] - Loss: 0.1791
2026-05-02 01:00:24,973 - INFO - Epoch 38 [30/729] - Loss: 0.1814
2026-05-02 01:00:28,415 - INFO - Epoch 38 [40/729] - Loss: 0.1791
2026-05-02 01:00:31,856 - INFO - Epoch 38 [50/729] - Loss: 0.1828
2026-05-02 01:00:35,309 - INFO - Epoch 38 [60/729] - Loss: 0.1867
2026-05-02 01:00:38,770 - INFO - Epoch 38 [70/729] - Loss: 0.1915
2026-05-02 01:00:42,233 - INFO - Epoch 38 [80/729] - Loss: 0.1965
2026-05-02 01:00:45,715 - INFO - Epoch 38 [90/729] - Loss: 0.1992
2026-05-02 01:00:49,173 - INFO - Epoch 38 [100/729] - Loss: 0.2023
2026-05-02 01:00:52,630 - INFO - Epoch 38 [110/729] - Loss: 0.1996
2026-05-02 01:00:56,072 - INFO - Epoch 38 [120/729] - Loss: 0.1964
2026-05-02 01:00:59,532 - INFO - Epoch 38 [130/729] - Loss: 0.1972
2026-05-02 01:01:02,987 - INFO - Epoch 38 [140/729] - Loss: 0.1974
2026-05-02 01:01:06,427 - INFO - Epoch 38 [150/729] - Loss: 0.1958
2026-05-02 01:01:09,883 - INFO - Epoch 38 [160/729] - Loss: 0.1965
2026-05-02 01:01:13,346 - INFO - Epoch 38 [170/729] - Loss: 0.1974
2026-05-02 01:01:16,790 - INFO - Epoch 38 [180/729] - Loss: 0.1966
2026-05-02 01:01:20,257 - INFO - Epoch 38 [190/729] - Loss: 0.1948
2026-05-02 01:01:23,706 - INFO - Epoch 38 [200/729] - Loss: 0.1957
2026-05-02 01:01:27,141 - INFO - Epoch 38 [210/729] - Loss: 0.1951
2026-05-02 01:01:30,584 - INFO - Epoch 38 [220/729] - Loss: 0.1964
2026-05-02 01:01:34,025 - INFO - Epoch 38 [230/729] - Loss: 0.1955
2026-05-02 01:01:37,462 - INFO - Epoch 38 [240/729] - Loss: 0.1954
2026-05-02 01:01:40,911 - INFO - Epoch 38 [250/729] - Loss: 0.1961
2026-05-02 01:01:44,369 - INFO - Epoch 38 [260/729] - Loss: 0.1986
2026-05-02 01:01:47,803 - INFO - Epoch 38 [270/729] - Loss: 0.1984
2026-05-02 01:01:51,241 - INFO - Epoch 38 [280/729] - Loss: 0.1989
2026-05-02 01:01:54,692 - INFO - Epoch 38 [290/729] - Loss: 0.2007
2026-05-02 01:01:58,135 - INFO - Epoch 38 [300/729] - Loss: 0.1999
2026-05-02 01:02:01,577 - INFO - Epoch 38 [310/729] - Loss: 0.1989
2026-05-02 01:02:05,032 - INFO - Epoch 38 [320/729] - Loss: 0.2004
2026-05-02 01:02:08,488 - INFO - Epoch 38 [330/729] - Loss: 0.2016
2026-05-02 01:02:11,943 - INFO - Epoch 38 [340/729] - Loss: 0.2020
2026-05-02 01:02:15,378 - INFO - Epoch 38 [350/729] - Loss: 0.2008
2026-05-02 01:02:18,823 - INFO - Epoch 38 [360/729] - Loss: 0.2013
2026-05-02 01:02:22,267 - INFO - Epoch 38 [370/729] - Loss: 0.2011
2026-05-02 01:02:25,710 - INFO - Epoch 38 [380/729] - Loss: 0.2008
2026-05-02 01:02:29,167 - INFO - Epoch 38 [390/729] - Loss: 0.2011
2026-05-02 01:02:32,606 - INFO - Epoch 38 [400/729] - Loss: 0.2029
2026-05-02 01:02:36,052 - INFO - Epoch 38 [410/729] - Loss: 0.2035
2026-05-02 01:02:39,516 - INFO - Epoch 38 [420/729] - Loss: 0.2044
2026-05-02 01:02:42,961 - INFO - Epoch 38 [430/729] - Loss: 0.2046
2026-05-02 01:02:46,409 - INFO - Epoch 38 [440/729] - Loss: 0.2063
2026-05-02 01:02:49,855 - INFO - Epoch 38 [450/729] - Loss: 0.2061
2026-05-02 01:02:53,299 - INFO - Epoch 38 [460/729] - Loss: 0.2064
2026-05-02 01:02:56,733 - INFO - Epoch 38 [470/729] - Loss: 0.2055
2026-05-02 01:03:00,180 - INFO - Epoch 38 [480/729] - Loss: 0.2055
2026-05-02 01:03:03,638 - INFO - Epoch 38 [490/729] - Loss: 0.2054
2026-05-02 01:03:07,128 - INFO - Epoch 38 [500/729] - Loss: 0.2063
2026-05-02 01:03:10,565 - INFO - Epoch 38 [510/729] - Loss: 0.2056
2026-05-02 01:03:14,019 - INFO - Epoch 38 [520/729] - Loss: 0.2061
2026-05-02 01:03:17,467 - INFO - Epoch 38 [530/729] - Loss: 0.2061
2026-05-02 01:03:20,910 - INFO - Epoch 38 [540/729] - Loss: 0.2059
2026-05-02 01:03:24,353 - INFO - Epoch 38 [550/729] - Loss: 0.2054
2026-05-02 01:03:27,791 - INFO - Epoch 38 [560/729] - Loss: 0.2046
2026-05-02 01:03:31,234 - INFO - Epoch 38 [570/729] - Loss: 0.2047
2026-05-02 01:03:34,693 - INFO - Epoch 38 [580/729] - Loss: 0.2052
2026-05-02 01:03:38,141 - INFO - Epoch 38 [590/729] - Loss: 0.2051
2026-05-02 01:03:41,587 - INFO - Epoch 38 [600/729] - Loss: 0.2049
2026-05-02 01:03:45,036 - INFO - Epoch 38 [610/729] - Loss: 0.2046
2026-05-02 01:03:48,492 - INFO - Epoch 38 [620/729] - Loss: 0.2045
2026-05-02 01:03:51,942 - INFO - Epoch 38 [630/729] - Loss: 0.2038
2026-05-02 01:03:55,394 - INFO - Epoch 38 [640/729] - Loss: 0.2030
2026-05-02 01:03:58,843 - INFO - Epoch 38 [650/729] - Loss: 0.2027
2026-05-02 01:04:02,301 - INFO - Epoch 38 [660/729] - Loss: 0.2028
2026-05-02 01:04:05,748 - INFO - Epoch 38 [670/729] - Loss: 0.2024
2026-05-02 01:04:09,203 - INFO - Epoch 38 [680/729] - Loss: 0.2023
2026-05-02 01:04:12,679 - INFO - Epoch 38 [690/729] - Loss: 0.2031
2026-05-02 01:04:16,128 - INFO - Epoch 38 [700/729] - Loss: 0.2028
2026-05-02 01:04:19,575 - INFO - Epoch 38 [710/729] - Loss: 0.2027
2026-05-02 01:04:23,026 - INFO - Epoch 38 [720/729] - Loss: 0.2027
2026-05-02 01:05:09,502 - INFO - VAL Epoch 38 | Loss: 0.2986 | IoU: 0.8911 | Prec: 0.8537 | F1: 0.8548 | MAPE_L: 5.79% | MAPE_W: 26.30%
2026-05-02 01:05:09,882 - INFO -     [!] New Best Model Saved!
2026-05-02 01:05:10,618 - INFO - Epoch 39 [0/729] - Loss: 0.1328
2026-05-02 01:05:14,056 - INFO - Epoch 39 [10/729] - Loss: 0.1820
2026-05-02 01:05:17,531 - INFO - Epoch 39 [20/729] - Loss: 0.1950
2026-05-02 01:05:20,976 - INFO - Epoch 39 [30/729] - Loss: 0.1948
2026-05-02 01:05:24,414 - INFO - Epoch 39 [40/729] - Loss: 0.1906
2026-05-02 01:05:27,861 - INFO - Epoch 39 [50/729] - Loss: 0.1885
2026-05-02 01:05:31,295 - INFO - Epoch 39 [60/729] - Loss: 0.1880
2026-05-02 01:05:34,738 - INFO - Epoch 39 [70/729] - Loss: 0.1905
2026-05-02 01:05:38,176 - INFO - Epoch 39 [80/729] - Loss: 0.1902
2026-05-02 01:05:41,634 - INFO - Epoch 39 [90/729] - Loss: 0.1929
2026-05-02 01:05:45,082 - INFO - Epoch 39 [100/729] - Loss: 0.1973
2026-05-02 01:05:48,515 - INFO - Epoch 39 [110/729] - Loss: 0.1956
2026-05-02 01:05:51,946 - INFO - Epoch 39 [120/729] - Loss: 0.1932
2026-05-02 01:05:55,384 - INFO - Epoch 39 [130/729] - Loss: 0.1907
2026-05-02 01:05:58,818 - INFO - Epoch 39 [140/729] - Loss: 0.1903
2026-05-02 01:06:02,296 - INFO - Epoch 39 [150/729] - Loss: 0.1986
2026-05-02 01:06:05,738 - INFO - Epoch 39 [160/729] - Loss: 0.1984
2026-05-02 01:06:09,174 - INFO - Epoch 39 [170/729] - Loss: 0.1986
2026-05-02 01:06:12,612 - INFO - Epoch 39 [180/729] - Loss: 0.1998
2026-05-02 01:06:16,049 - INFO - Epoch 39 [190/729] - Loss: 0.1985
2026-05-02 01:06:19,486 - INFO - Epoch 39 [200/729] - Loss: 0.1973
2026-05-02 01:06:22,936 - INFO - Epoch 39 [210/729] - Loss: 0.1982
2026-05-02 01:06:26,372 - INFO - Epoch 39 [220/729] - Loss: 0.2014
2026-05-02 01:06:29,817 - INFO - Epoch 39 [230/729] - Loss: 0.2011
2026-05-02 01:06:33,261 - INFO - Epoch 39 [240/729] - Loss: 0.2009
2026-05-02 01:06:36,710 - INFO - Epoch 39 [250/729] - Loss: 0.2032
2026-05-02 01:06:40,170 - INFO - Epoch 39 [260/729] - Loss: 0.2044
2026-05-02 01:06:43,608 - INFO - Epoch 39 [270/729] - Loss: 0.2044
2026-05-02 01:06:47,043 - INFO - Epoch 39 [280/729] - Loss: 0.2029
2026-05-02 01:06:50,488 - INFO - Epoch 39 [290/729] - Loss: 0.2051
2026-05-02 01:06:53,928 - INFO - Epoch 39 [300/729] - Loss: 0.2055
2026-05-02 01:06:57,367 - INFO - Epoch 39 [310/729] - Loss: 0.2048
2026-05-02 01:07:00,815 - INFO - Epoch 39 [320/729] - Loss: 0.2068
2026-05-02 01:07:04,259 - INFO - Epoch 39 [330/729] - Loss: 0.2061
2026-05-02 01:07:07,692 - INFO - Epoch 39 [340/729] - Loss: 0.2056
2026-05-02 01:07:11,130 - INFO - Epoch 39 [350/729] - Loss: 0.2051
2026-05-02 01:07:14,571 - INFO - Epoch 39 [360/729] - Loss: 0.2044
2026-05-02 01:07:18,007 - INFO - Epoch 39 [370/729] - Loss: 0.2038
2026-05-02 01:07:21,439 - INFO - Epoch 39 [380/729] - Loss: 0.2028
2026-05-02 01:07:24,874 - INFO - Epoch 39 [390/729] - Loss: 0.2017
2026-05-02 01:07:28,314 - INFO - Epoch 39 [400/729] - Loss: 0.2019
2026-05-02 01:07:31,751 - INFO - Epoch 39 [410/729] - Loss: 0.2020
2026-05-02 01:07:35,219 - INFO - Epoch 39 [420/729] - Loss: 0.2025
2026-05-02 01:07:38,680 - INFO - Epoch 39 [430/729] - Loss: 0.2030
2026-05-02 01:07:42,122 - INFO - Epoch 39 [440/729] - Loss: 0.2030
2026-05-02 01:07:45,561 - INFO - Epoch 39 [450/729] - Loss: 0.2027
2026-05-02 01:07:48,995 - INFO - Epoch 39 [460/729] - Loss: 0.2016
2026-05-02 01:07:52,435 - INFO - Epoch 39 [470/729] - Loss: 0.2021
2026-05-02 01:07:55,904 - INFO - Epoch 39 [480/729] - Loss: 0.2014
2026-05-02 01:07:59,332 - INFO - Epoch 39 [490/729] - Loss: 0.2009
2026-05-02 01:08:02,793 - INFO - Epoch 39 [500/729] - Loss: 0.2012
2026-05-02 01:08:06,234 - INFO - Epoch 39 [510/729] - Loss: 0.2023
2026-05-02 01:08:09,684 - INFO - Epoch 39 [520/729] - Loss: 0.2028
2026-05-02 01:08:13,116 - INFO - Epoch 39 [530/729] - Loss: 0.2016
2026-05-02 01:08:16,554 - INFO - Epoch 39 [540/729] - Loss: 0.2015
2026-05-02 01:08:19,995 - INFO - Epoch 39 [550/729] - Loss: 0.2011
2026-05-02 01:08:23,439 - INFO - Epoch 39 [560/729] - Loss: 0.2012
2026-05-02 01:08:26,871 - INFO - Epoch 39 [570/729] - Loss: 0.1999
2026-05-02 01:08:30,332 - INFO - Epoch 39 [580/729] - Loss: 0.2000
2026-05-02 01:08:33,784 - INFO - Epoch 39 [590/729] - Loss: 0.2001
2026-05-02 01:08:37,211 - INFO - Epoch 39 [600/729] - Loss: 0.1990
2026-05-02 01:08:40,659 - INFO - Epoch 39 [610/729] - Loss: 0.1993
2026-05-02 01:08:44,096 - INFO - Epoch 39 [620/729] - Loss: 0.1998
2026-05-02 01:08:47,525 - INFO - Epoch 39 [630/729] - Loss: 0.1989
2026-05-02 01:08:50,963 - INFO - Epoch 39 [640/729] - Loss: 0.1985
2026-05-02 01:08:54,397 - INFO - Epoch 39 [650/729] - Loss: 0.1986
2026-05-02 01:08:57,830 - INFO - Epoch 39 [660/729] - Loss: 0.1982
2026-05-02 01:09:01,265 - INFO - Epoch 39 [670/729] - Loss: 0.1980
2026-05-02 01:09:04,713 - INFO - Epoch 39 [680/729] - Loss: 0.1981
2026-05-02 01:09:08,146 - INFO - Epoch 39 [690/729] - Loss: 0.1976
2026-05-02 01:09:11,584 - INFO - Epoch 39 [700/729] - Loss: 0.1974
2026-05-02 01:09:15,036 - INFO - Epoch 39 [710/729] - Loss: 0.1980
2026-05-02 01:09:18,473 - INFO - Epoch 39 [720/729] - Loss: 0.1984
2026-05-02 01:10:10,190 - INFO - VAL Epoch 39 | Loss: 0.3009 | IoU: 0.8884 | Prec: 0.8334 | F1: 0.8449 | MAPE_L: 5.59% | MAPE_W: 25.67%
2026-05-02 01:10:10,966 - INFO - Epoch 40 [0/729] - Loss: 0.1777
2026-05-02 01:10:14,406 - INFO - Epoch 40 [10/729] - Loss: 0.2000
2026-05-02 01:10:17,842 - INFO - Epoch 40 [20/729] - Loss: 0.1933
2026-05-02 01:10:21,313 - INFO - Epoch 40 [30/729] - Loss: 0.2020
2026-05-02 01:10:24,793 - INFO - Epoch 40 [40/729] - Loss: 0.2125
2026-05-02 01:10:28,243 - INFO - Epoch 40 [50/729] - Loss: 0.2160
2026-05-02 01:10:31,681 - INFO - Epoch 40 [60/729] - Loss: 0.2142
2026-05-02 01:10:35,130 - INFO - Epoch 40 [70/729] - Loss: 0.2126
2026-05-02 01:10:38,563 - INFO - Epoch 40 [80/729] - Loss: 0.2042
2026-05-02 01:10:42,011 - INFO - Epoch 40 [90/729] - Loss: 0.2020
2026-05-02 01:10:45,457 - INFO - Epoch 40 [100/729] - Loss: 0.2017
2026-05-02 01:10:48,903 - INFO - Epoch 40 [110/729] - Loss: 0.2044
2026-05-02 01:10:52,352 - INFO - Epoch 40 [120/729] - Loss: 0.2024
2026-05-02 01:10:55,804 - INFO - Epoch 40 [130/729] - Loss: 0.2036
2026-05-02 01:10:59,241 - INFO - Epoch 40 [140/729] - Loss: 0.2003
2026-05-02 01:11:02,686 - INFO - Epoch 40 [150/729] - Loss: 0.2014
2026-05-02 01:11:06,145 - INFO - Epoch 40 [160/729] - Loss: 0.2019
2026-05-02 01:11:09,590 - INFO - Epoch 40 [170/729] - Loss: 0.2015
2026-05-02 01:11:13,032 - INFO - Epoch 40 [180/729] - Loss: 0.1996
2026-05-02 01:11:16,478 - INFO - Epoch 40 [190/729] - Loss: 0.1983
2026-05-02 01:11:19,922 - INFO - Epoch 40 [200/729] - Loss: 0.1972
2026-05-02 01:11:23,395 - INFO - Epoch 40 [210/729] - Loss: 0.1984
2026-05-02 01:11:26,845 - INFO - Epoch 40 [220/729] - Loss: 0.1985
2026-05-02 01:11:30,305 - INFO - Epoch 40 [230/729] - Loss: 0.1990
2026-05-02 01:11:33,749 - INFO - Epoch 40 [240/729] - Loss: 0.1978
2026-05-02 01:11:37,198 - INFO - Epoch 40 [250/729] - Loss: 0.1984
2026-05-02 01:11:40,647 - INFO - Epoch 40 [260/729] - Loss: 0.1970
2026-05-02 01:11:44,084 - INFO - Epoch 40 [270/729] - Loss: 0.1955
2026-05-02 01:11:47,540 - INFO - Epoch 40 [280/729] - Loss: 0.1941
2026-05-02 01:11:50,995 - INFO - Epoch 40 [290/729] - Loss: 0.1930
2026-05-02 01:11:54,435 - INFO - Epoch 40 [300/729] - Loss: 0.1930
2026-05-02 01:11:57,892 - INFO - Epoch 40 [310/729] - Loss: 0.1936
2026-05-02 01:12:01,337 - INFO - Epoch 40 [320/729] - Loss: 0.1929
2026-05-02 01:12:04,778 - INFO - Epoch 40 [330/729] - Loss: 0.1924
2026-05-02 01:12:08,218 - INFO - Epoch 40 [340/729] - Loss: 0.1908
2026-05-02 01:12:11,649 - INFO - Epoch 40 [350/729] - Loss: 0.1910
2026-05-02 01:12:15,098 - INFO - Epoch 40 [360/729] - Loss: 0.1909
2026-05-02 01:12:18,555 - INFO - Epoch 40 [370/729] - Loss: 0.1914
2026-05-02 01:12:22,004 - INFO - Epoch 40 [380/729] - Loss: 0.1926
2026-05-02 01:12:25,462 - INFO - Epoch 40 [390/729] - Loss: 0.1934
2026-05-02 01:12:28,898 - INFO - Epoch 40 [400/729] - Loss: 0.1927
2026-05-02 01:12:32,343 - INFO - Epoch 40 [410/729] - Loss: 0.1929
2026-05-02 01:12:35,787 - INFO - Epoch 40 [420/729] - Loss: 0.1928
2026-05-02 01:12:39,247 - INFO - Epoch 40 [430/729] - Loss: 0.1926
2026-05-02 01:12:42,706 - INFO - Epoch 40 [440/729] - Loss: 0.1929
2026-05-02 01:12:46,462 - INFO - Epoch 40 [450/729] - Loss: 0.1933
2026-05-02 01:12:49,899 - INFO - Epoch 40 [460/729] - Loss: 0.1929
2026-05-02 01:12:53,344 - INFO - Epoch 40 [470/729] - Loss: 0.1939
2026-05-02 01:12:56,794 - INFO - Epoch 40 [480/729] - Loss: 0.1948
2026-05-02 01:13:00,240 - INFO - Epoch 40 [490/729] - Loss: 0.1951
2026-05-02 01:13:03,684 - INFO - Epoch 40 [500/729] - Loss: 0.1952
2026-05-02 01:13:07,120 - INFO - Epoch 40 [510/729] - Loss: 0.1945
2026-05-02 01:13:10,557 - INFO - Epoch 40 [520/729] - Loss: 0.1937
2026-05-02 01:13:13,991 - INFO - Epoch 40 [530/729] - Loss: 0.1930
2026-05-02 01:13:17,424 - INFO - Epoch 40 [540/729] - Loss: 0.1921
2026-05-02 01:13:20,865 - INFO - Epoch 40 [550/729] - Loss: 0.1914
2026-05-02 01:13:24,308 - INFO - Epoch 40 [560/729] - Loss: 0.1915
2026-05-02 01:13:27,752 - INFO - Epoch 40 [570/729] - Loss: 0.1918
2026-05-02 01:13:31,192 - INFO - Epoch 40 [580/729] - Loss: 0.1916
2026-05-02 01:13:34,627 - INFO - Epoch 40 [590/729] - Loss: 0.1908
2026-05-02 01:13:38,080 - INFO - Epoch 40 [600/729] - Loss: 0.1906
2026-05-02 01:13:41,523 - INFO - Epoch 40 [610/729] - Loss: 0.1899
2026-05-02 01:13:44,963 - INFO - Epoch 40 [620/729] - Loss: 0.1897
2026-05-02 01:13:48,401 - INFO - Epoch 40 [630/729] - Loss: 0.1892
2026-05-02 01:13:51,854 - INFO - Epoch 40 [640/729] - Loss: 0.1895
2026-05-02 01:13:55,297 - INFO - Epoch 40 [650/729] - Loss: 0.1896
2026-05-02 01:13:58,761 - INFO - Epoch 40 [660/729] - Loss: 0.1894
2026-05-02 01:14:02,229 - INFO - Epoch 40 [670/729] - Loss: 0.1900
2026-05-02 01:14:05,662 - INFO - Epoch 40 [680/729] - Loss: 0.1894
2026-05-02 01:14:09,114 - INFO - Epoch 40 [690/729] - Loss: 0.1902
2026-05-02 01:14:12,552 - INFO - Epoch 40 [700/729] - Loss: 0.1899
2026-05-02 01:14:15,998 - INFO - Epoch 40 [710/729] - Loss: 0.1897
2026-05-02 01:14:19,450 - INFO - Epoch 40 [720/729] - Loss: 0.1900
2026-05-02 01:15:11,308 - INFO - VAL Epoch 40 | Loss: 0.2986 | IoU: 0.8932 | Prec: 0.8412 | F1: 0.8506 | MAPE_L: 6.09% | MAPE_W: 26.57%
2026-05-02 01:15:12,061 - INFO - Epoch 41 [0/729] - Loss: 0.0895
2026-05-02 01:15:15,508 - INFO - Epoch 41 [10/729] - Loss: 0.2033
2026-05-02 01:15:18,955 - INFO - Epoch 41 [20/729] - Loss: 0.1943
2026-05-02 01:15:22,406 - INFO - Epoch 41 [30/729] - Loss: 0.1986
2026-05-02 01:15:25,865 - INFO - Epoch 41 [40/729] - Loss: 0.1879
2026-05-02 01:15:29,337 - INFO - Epoch 41 [50/729] - Loss: 0.1948
2026-05-02 01:15:32,790 - INFO - Epoch 41 [60/729] - Loss: 0.2016
2026-05-02 01:15:36,236 - INFO - Epoch 41 [70/729] - Loss: 0.1939
2026-05-02 01:15:39,694 - INFO - Epoch 41 [80/729] - Loss: 0.1976
2026-05-02 01:15:43,145 - INFO - Epoch 41 [90/729] - Loss: 0.2003
2026-05-02 01:15:46,596 - INFO - Epoch 41 [100/729] - Loss: 0.1996
2026-05-02 01:15:50,051 - INFO - Epoch 41 [110/729] - Loss: 0.1983
2026-05-02 01:15:53,511 - INFO - Epoch 41 [120/729] - Loss: 0.2005
2026-05-02 01:15:56,962 - INFO - Epoch 41 [130/729] - Loss: 0.2014
2026-05-02 01:16:00,405 - INFO - Epoch 41 [140/729] - Loss: 0.2006
2026-05-02 01:16:03,853 - INFO - Epoch 41 [150/729] - Loss: 0.2031
2026-05-02 01:16:07,317 - INFO - Epoch 41 [160/729] - Loss: 0.2053
2026-05-02 01:16:10,768 - INFO - Epoch 41 [170/729] - Loss: 0.2059
2026-05-02 01:16:14,216 - INFO - Epoch 41 [180/729] - Loss: 0.2074
2026-05-02 01:16:17,677 - INFO - Epoch 41 [190/729] - Loss: 0.2087
2026-05-02 01:16:21,126 - INFO - Epoch 41 [200/729] - Loss: 0.2068
2026-05-02 01:16:24,569 - INFO - Epoch 41 [210/729] - Loss: 0.2041
2026-05-02 01:16:28,422 - INFO - Epoch 41 [220/729] - Loss: 0.2027
2026-05-02 01:16:31,874 - INFO - Epoch 41 [230/729] - Loss: 0.2034
2026-05-02 01:16:35,320 - INFO - Epoch 41 [240/729] - Loss: 0.2040
2026-05-02 01:16:38,764 - INFO - Epoch 41 [250/729] - Loss: 0.2035
2026-05-02 01:16:42,211 - INFO - Epoch 41 [260/729] - Loss: 0.2022
2026-05-02 01:16:45,656 - INFO - Epoch 41 [270/729] - Loss: 0.2000
2026-05-02 01:16:49,094 - INFO - Epoch 41 [280/729] - Loss: 0.1984
2026-05-02 01:16:52,548 - INFO - Epoch 41 [290/729] - Loss: 0.1964
2026-05-02 01:16:56,007 - INFO - Epoch 41 [300/729] - Loss: 0.1975
2026-05-02 01:16:59,445 - INFO - Epoch 41 [310/729] - Loss: 0.1975
2026-05-02 01:17:02,934 - INFO - Epoch 41 [320/729] - Loss: 0.1989
2026-05-02 01:17:06,384 - INFO - Epoch 41 [330/729] - Loss: 0.1987
2026-05-02 01:17:09,823 - INFO - Epoch 41 [340/729] - Loss: 0.1982
2026-05-02 01:17:13,275 - INFO - Epoch 41 [350/729] - Loss: 0.1977
2026-05-02 01:17:16,715 - INFO - Epoch 41 [360/729] - Loss: 0.1968
2026-05-02 01:17:20,507 - INFO - Epoch 41 [370/729] - Loss: 0.1966
2026-05-02 01:17:23,954 - INFO - Epoch 41 [380/729] - Loss: 0.1970
2026-05-02 01:17:27,400 - INFO - Epoch 41 [390/729] - Loss: 0.1967
2026-05-02 01:17:30,845 - INFO - Epoch 41 [400/729] - Loss: 0.1962
2026-05-02 01:17:34,288 - INFO - Epoch 41 [410/729] - Loss: 0.1962
2026-05-02 01:17:37,732 - INFO - Epoch 41 [420/729] - Loss: 0.1957
2026-05-02 01:17:41,178 - INFO - Epoch 41 [430/729] - Loss: 0.1960
2026-05-02 01:17:44,631 - INFO - Epoch 41 [440/729] - Loss: 0.1966
2026-05-02 01:17:48,104 - INFO - Epoch 41 [450/729] - Loss: 0.1974
2026-05-02 01:17:51,556 - INFO - Epoch 41 [460/729] - Loss: 0.1979
2026-05-02 01:17:55,022 - INFO - Epoch 41 [470/729] - Loss: 0.1975
2026-05-02 01:17:58,470 - INFO - Epoch 41 [480/729] - Loss: 0.1972
2026-05-02 01:18:01,911 - INFO - Epoch 41 [490/729] - Loss: 0.1964
2026-05-02 01:18:05,363 - INFO - Epoch 41 [500/729] - Loss: 0.1963
2026-05-02 01:18:08,809 - INFO - Epoch 41 [510/729] - Loss: 0.1958
2026-05-02 01:18:12,262 - INFO - Epoch 41 [520/729] - Loss: 0.1957
2026-05-02 01:18:15,705 - INFO - Epoch 41 [530/729] - Loss: 0.1946
2026-05-02 01:18:19,166 - INFO - Epoch 41 [540/729] - Loss: 0.1948
2026-05-02 01:18:22,609 - INFO - Epoch 41 [550/729] - Loss: 0.1945
2026-05-02 01:18:26,058 - INFO - Epoch 41 [560/729] - Loss: 0.1946
2026-05-02 01:18:29,501 - INFO - Epoch 41 [570/729] - Loss: 0.1943
2026-05-02 01:18:32,957 - INFO - Epoch 41 [580/729] - Loss: 0.1947
2026-05-02 01:18:36,401 - INFO - Epoch 41 [590/729] - Loss: 0.1941
2026-05-02 01:18:39,839 - INFO - Epoch 41 [600/729] - Loss: 0.1932
2026-05-02 01:18:43,285 - INFO - Epoch 41 [610/729] - Loss: 0.1940
2026-05-02 01:18:46,742 - INFO - Epoch 41 [620/729] - Loss: 0.1943
2026-05-02 01:18:50,185 - INFO - Epoch 41 [630/729] - Loss: 0.1946
2026-05-02 01:18:53,644 - INFO - Epoch 41 [640/729] - Loss: 0.1948
2026-05-02 01:18:57,092 - INFO - Epoch 41 [650/729] - Loss: 0.1949
2026-05-02 01:19:00,540 - INFO - Epoch 41 [660/729] - Loss: 0.1955
2026-05-02 01:19:03,989 - INFO - Epoch 41 [670/729] - Loss: 0.1953
2026-05-02 01:19:07,462 - INFO - Epoch 41 [680/729] - Loss: 0.1958
2026-05-02 01:19:10,905 - INFO - Epoch 41 [690/729] - Loss: 0.1957
2026-05-02 01:19:14,355 - INFO - Epoch 41 [700/729] - Loss: 0.1961
2026-05-02 01:19:17,827 - INFO - Epoch 41 [710/729] - Loss: 0.1962
2026-05-02 01:19:21,265 - INFO - Epoch 41 [720/729] - Loss: 0.1960
2026-05-02 01:20:07,758 - INFO - VAL Epoch 41 | Loss: 0.2998 | IoU: 0.8899 | Prec: 0.8447 | F1: 0.8496 | MAPE_L: 5.70% | MAPE_W: 25.78%
2026-05-02 01:20:08,551 - INFO - Epoch 42 [0/729] - Loss: 0.2029
2026-05-02 01:20:11,979 - INFO - Epoch 42 [10/729] - Loss: 0.1841
2026-05-02 01:20:15,409 - INFO - Epoch 42 [20/729] - Loss: 0.1729
2026-05-02 01:20:18,854 - INFO - Epoch 42 [30/729] - Loss: 0.1918
2026-05-02 01:20:22,291 - INFO - Epoch 42 [40/729] - Loss: 0.1844
2026-05-02 01:20:25,720 - INFO - Epoch 42 [50/729] - Loss: 0.1765
2026-05-02 01:20:29,158 - INFO - Epoch 42 [60/729] - Loss: 0.1742
2026-05-02 01:20:32,631 - INFO - Epoch 42 [70/729] - Loss: 0.1819
2026-05-02 01:20:36,077 - INFO - Epoch 42 [80/729] - Loss: 0.1929
2026-05-02 01:20:39,512 - INFO - Epoch 42 [90/729] - Loss: 0.1949
2026-05-02 01:20:42,958 - INFO - Epoch 42 [100/729] - Loss: 0.1946
2026-05-02 01:20:46,404 - INFO - Epoch 42 [110/729] - Loss: 0.1934
2026-05-02 01:20:49,868 - INFO - Epoch 42 [120/729] - Loss: 0.1937
2026-05-02 01:20:53,309 - INFO - Epoch 42 [130/729] - Loss: 0.1930
2026-05-02 01:20:56,750 - INFO - Epoch 42 [140/729] - Loss: 0.1910
2026-05-02 01:21:00,185 - INFO - Epoch 42 [150/729] - Loss: 0.1897
2026-05-02 01:21:03,642 - INFO - Epoch 42 [160/729] - Loss: 0.1886
2026-05-02 01:21:07,075 - INFO - Epoch 42 [170/729] - Loss: 0.1869
2026-05-02 01:21:10,519 - INFO - Epoch 42 [180/729] - Loss: 0.1881
2026-05-02 01:21:13,956 - INFO - Epoch 42 [190/729] - Loss: 0.1910
2026-05-02 01:21:17,395 - INFO - Epoch 42 [200/729] - Loss: 0.1915
2026-05-02 01:21:20,829 - INFO - Epoch 42 [210/729] - Loss: 0.1922
2026-05-02 01:21:24,284 - INFO - Epoch 42 [220/729] - Loss: 0.1912
2026-05-02 01:21:27,728 - INFO - Epoch 42 [230/729] - Loss: 0.1900
2026-05-02 01:21:31,175 - INFO - Epoch 42 [240/729] - Loss: 0.1900
2026-05-02 01:21:34,609 - INFO - Epoch 42 [250/729] - Loss: 0.1917
2026-05-02 01:21:38,053 - INFO - Epoch 42 [260/729] - Loss: 0.1908
2026-05-02 01:21:41,493 - INFO - Epoch 42 [270/729] - Loss: 0.1914
2026-05-02 01:21:44,928 - INFO - Epoch 42 [280/729] - Loss: 0.1901
2026-05-02 01:21:48,374 - INFO - Epoch 42 [290/729] - Loss: 0.1911
2026-05-02 01:21:51,821 - INFO - Epoch 42 [300/729] - Loss: 0.1911
2026-05-02 01:21:55,252 - INFO - Epoch 42 [310/729] - Loss: 0.1902
2026-05-02 01:21:58,697 - INFO - Epoch 42 [320/729] - Loss: 0.1896
2026-05-02 01:22:02,160 - INFO - Epoch 42 [330/729] - Loss: 0.1897
2026-05-02 01:22:05,589 - INFO - Epoch 42 [340/729] - Loss: 0.1898
2026-05-02 01:22:09,025 - INFO - Epoch 42 [350/729] - Loss: 0.1897
2026-05-02 01:22:12,472 - INFO - Epoch 42 [360/729] - Loss: 0.1901
2026-05-02 01:22:15,904 - INFO - Epoch 42 [370/729] - Loss: 0.1896
2026-05-02 01:22:19,347 - INFO - Epoch 42 [380/729] - Loss: 0.1897
2026-05-02 01:22:22,790 - INFO - Epoch 42 [390/729] - Loss: 0.1903
2026-05-02 01:22:26,243 - INFO - Epoch 42 [400/729] - Loss: 0.1910
2026-05-02 01:22:29,682 - INFO - Epoch 42 [410/729] - Loss: 0.1915
2026-05-02 01:22:33,124 - INFO - Epoch 42 [420/729] - Loss: 0.1911
2026-05-02 01:22:36,557 - INFO - Epoch 42 [430/729] - Loss: 0.1909
2026-05-02 01:22:40,005 - INFO - Epoch 42 [440/729] - Loss: 0.1914
2026-05-02 01:22:43,467 - INFO - Epoch 42 [450/729] - Loss: 0.1920
2026-05-02 01:22:46,904 - INFO - Epoch 42 [460/729] - Loss: 0.1915
2026-05-02 01:22:50,341 - INFO - Epoch 42 [470/729] - Loss: 0.1913
2026-05-02 01:22:53,786 - INFO - Epoch 42 [480/729] - Loss: 0.1912
2026-05-02 01:22:57,252 - INFO - Epoch 42 [490/729] - Loss: 0.1917
2026-05-02 01:23:00,697 - INFO - Epoch 42 [500/729] - Loss: 0.1923
2026-05-02 01:23:04,153 - INFO - Epoch 42 [510/729] - Loss: 0.1928
2026-05-02 01:23:07,600 - INFO - Epoch 42 [520/729] - Loss: 0.1929
2026-05-02 01:23:11,041 - INFO - Epoch 42 [530/729] - Loss: 0.1930
2026-05-02 01:23:14,500 - INFO - Epoch 42 [540/729] - Loss: 0.1935
2026-05-02 01:23:17,948 - INFO - Epoch 42 [550/729] - Loss: 0.1935
2026-05-02 01:23:21,390 - INFO - Epoch 42 [560/729] - Loss: 0.1940
2026-05-02 01:23:24,837 - INFO - Epoch 42 [570/729] - Loss: 0.1940
2026-05-02 01:23:28,280 - INFO - Epoch 42 [580/729] - Loss: 0.1933
2026-05-02 01:23:31,729 - INFO - Epoch 42 [590/729] - Loss: 0.1933
2026-05-02 01:23:35,171 - INFO - Epoch 42 [600/729] - Loss: 0.1931
2026-05-02 01:23:38,619 - INFO - Epoch 42 [610/729] - Loss: 0.1930
2026-05-02 01:23:42,059 - INFO - Epoch 42 [620/729] - Loss: 0.1923
2026-05-02 01:23:45,526 - INFO - Epoch 42 [630/729] - Loss: 0.1926
2026-05-02 01:23:48,984 - INFO - Epoch 42 [640/729] - Loss: 0.1920
2026-05-02 01:23:52,436 - INFO - Epoch 42 [650/729] - Loss: 0.1920
2026-05-02 01:23:55,885 - INFO - Epoch 42 [660/729] - Loss: 0.1925
2026-05-02 01:23:59,327 - INFO - Epoch 42 [670/729] - Loss: 0.1919
2026-05-02 01:24:02,781 - INFO - Epoch 42 [680/729] - Loss: 0.1912
2026-05-02 01:24:06,228 - INFO - Epoch 42 [690/729] - Loss: 0.1911
2026-05-02 01:24:09,853 - INFO - Epoch 42 [700/729] - Loss: 0.1908
2026-05-02 01:24:13,299 - INFO - Epoch 42 [710/729] - Loss: 0.1911
2026-05-02 01:24:16,744 - INFO - Epoch 42 [720/729] - Loss: 0.1908
2026-05-02 01:25:14,270 - INFO - VAL Epoch 42 | Loss: 0.3085 | IoU: 0.8859 | Prec: 0.8798 | F1: 0.8590 | MAPE_L: 5.75% | MAPE_W: 25.90%
2026-05-02 01:25:15,098 - INFO - Epoch 43 [0/729] - Loss: 0.0937
2026-05-02 01:25:18,564 - INFO - Epoch 43 [10/729] - Loss: 0.1648
2026-05-02 01:25:22,030 - INFO - Epoch 43 [20/729] - Loss: 0.1784
2026-05-02 01:25:25,512 - INFO - Epoch 43 [30/729] - Loss: 0.1901
2026-05-02 01:25:28,978 - INFO - Epoch 43 [40/729] - Loss: 0.1894
2026-05-02 01:25:32,432 - INFO - Epoch 43 [50/729] - Loss: 0.1920
2026-05-02 01:25:35,893 - INFO - Epoch 43 [60/729] - Loss: 0.1901
2026-05-02 01:25:39,350 - INFO - Epoch 43 [70/729] - Loss: 0.1878
2026-05-02 01:25:42,811 - INFO - Epoch 43 [80/729] - Loss: 0.1863
2026-05-02 01:25:46,278 - INFO - Epoch 43 [90/729] - Loss: 0.1848
2026-05-02 01:25:49,745 - INFO - Epoch 43 [100/729] - Loss: 0.1851
2026-05-02 01:25:53,206 - INFO - Epoch 43 [110/729] - Loss: 0.1837
2026-05-02 01:25:56,666 - INFO - Epoch 43 [120/729] - Loss: 0.1851
2026-05-02 01:26:00,126 - INFO - Epoch 43 [130/729] - Loss: 0.1833
2026-05-02 01:26:03,591 - INFO - Epoch 43 [140/729] - Loss: 0.1832
2026-05-02 01:26:07,048 - INFO - Epoch 43 [150/729] - Loss: 0.1874
2026-05-02 01:26:10,508 - INFO - Epoch 43 [160/729] - Loss: 0.1875
2026-05-02 01:26:13,968 - INFO - Epoch 43 [170/729] - Loss: 0.1873
2026-05-02 01:26:17,440 - INFO - Epoch 43 [180/729] - Loss: 0.1906
2026-05-02 01:26:20,888 - INFO - Epoch 43 [190/729] - Loss: 0.1893
2026-05-02 01:26:24,356 - INFO - Epoch 43 [200/729] - Loss: 0.1900
2026-05-02 01:26:27,842 - INFO - Epoch 43 [210/729] - Loss: 0.1925
2026-05-02 01:26:31,294 - INFO - Epoch 43 [220/729] - Loss: 0.1894
2026-05-02 01:26:34,758 - INFO - Epoch 43 [230/729] - Loss: 0.1892
2026-05-02 01:26:38,214 - INFO - Epoch 43 [240/729] - Loss: 0.1887
2026-05-02 01:26:41,849 - INFO - Epoch 43 [250/729] - Loss: 0.1886
2026-05-02 01:26:45,309 - INFO - Epoch 43 [260/729] - Loss: 0.1895
2026-05-02 01:26:48,767 - INFO - Epoch 43 [270/729] - Loss: 0.1897
2026-05-02 01:26:52,226 - INFO - Epoch 43 [280/729] - Loss: 0.1893
2026-05-02 01:26:55,690 - INFO - Epoch 43 [290/729] - Loss: 0.1886
2026-05-02 01:26:59,144 - INFO - Epoch 43 [300/729] - Loss: 0.1877
2026-05-02 01:27:02,613 - INFO - Epoch 43 [310/729] - Loss: 0.1883
2026-05-02 01:27:06,081 - INFO - Epoch 43 [320/729] - Loss: 0.1887
2026-05-02 01:27:09,540 - INFO - Epoch 43 [330/729] - Loss: 0.1890
2026-05-02 01:27:13,014 - INFO - Epoch 43 [340/729] - Loss: 0.1899
2026-05-02 01:27:16,471 - INFO - Epoch 43 [350/729] - Loss: 0.1895
2026-05-02 01:27:19,962 - INFO - Epoch 43 [360/729] - Loss: 0.1892
2026-05-02 01:27:23,421 - INFO - Epoch 43 [370/729] - Loss: 0.1895
2026-05-02 01:27:26,884 - INFO - Epoch 43 [380/729] - Loss: 0.1897
2026-05-02 01:27:30,344 - INFO - Epoch 43 [390/729] - Loss: 0.1886
2026-05-02 01:27:33,800 - INFO - Epoch 43 [400/729] - Loss: 0.1889
2026-05-02 01:27:37,254 - INFO - Epoch 43 [410/729] - Loss: 0.1891
2026-05-02 01:27:40,745 - INFO - Epoch 43 [420/729] - Loss: 0.1900
2026-05-02 01:27:44,222 - INFO - Epoch 43 [430/729] - Loss: 0.1904
2026-05-02 01:27:47,689 - INFO - Epoch 43 [440/729] - Loss: 0.1905
2026-05-02 01:27:51,156 - INFO - Epoch 43 [450/729] - Loss: 0.1906
2026-05-02 01:27:54,618 - INFO - Epoch 43 [460/729] - Loss: 0.1906
2026-05-02 01:27:58,084 - INFO - Epoch 43 [470/729] - Loss: 0.1913
2026-05-02 01:28:01,549 - INFO - Epoch 43 [480/729] - Loss: 0.1907
2026-05-02 01:28:05,014 - INFO - Epoch 43 [490/729] - Loss: 0.1905
2026-05-02 01:28:08,476 - INFO - Epoch 43 [500/729] - Loss: 0.1907
2026-05-02 01:28:11,947 - INFO - Epoch 43 [510/729] - Loss: 0.1911
2026-05-02 01:28:15,404 - INFO - Epoch 43 [520/729] - Loss: 0.1910
2026-05-02 01:28:18,854 - INFO - Epoch 43 [530/729] - Loss: 0.1905
2026-05-02 01:28:22,311 - INFO - Epoch 43 [540/729] - Loss: 0.1902
2026-05-02 01:28:25,783 - INFO - Epoch 43 [550/729] - Loss: 0.1900
2026-05-02 01:28:29,260 - INFO - Epoch 43 [560/729] - Loss: 0.1899
2026-05-02 01:28:32,715 - INFO - Epoch 43 [570/729] - Loss: 0.1889
2026-05-02 01:28:36,207 - INFO - Epoch 43 [580/729] - Loss: 0.1890
2026-05-02 01:28:39,664 - INFO - Epoch 43 [590/729] - Loss: 0.1886
2026-05-02 01:28:43,148 - INFO - Epoch 43 [600/729] - Loss: 0.1897
2026-05-02 01:28:46,612 - INFO - Epoch 43 [610/729] - Loss: 0.1893
2026-05-02 01:28:50,065 - INFO - Epoch 43 [620/729] - Loss: 0.1891
2026-05-02 01:28:53,522 - INFO - Epoch 43 [630/729] - Loss: 0.1886
2026-05-02 01:28:56,997 - INFO - Epoch 43 [640/729] - Loss: 0.1889
2026-05-02 01:29:00,460 - INFO - Epoch 43 [650/729] - Loss: 0.1896
2026-05-02 01:29:03,914 - INFO - Epoch 43 [660/729] - Loss: 0.1891
2026-05-02 01:29:07,378 - INFO - Epoch 43 [670/729] - Loss: 0.1897
2026-05-02 01:29:10,827 - INFO - Epoch 43 [680/729] - Loss: 0.1891
2026-05-02 01:29:14,277 - INFO - Epoch 43 [690/729] - Loss: 0.1891
2026-05-02 01:29:17,723 - INFO - Epoch 43 [700/729] - Loss: 0.1884
2026-05-02 01:29:21,183 - INFO - Epoch 43 [710/729] - Loss: 0.1887
2026-05-02 01:29:24,646 - INFO - Epoch 43 [720/729] - Loss: 0.1888
2026-05-02 01:30:16,334 - INFO - VAL Epoch 43 | Loss: 0.3052 | IoU: 0.8862 | Prec: 0.8415 | F1: 0.8506 | MAPE_L: 5.74% | MAPE_W: 25.85%
2026-05-02 01:30:17,083 - INFO - Epoch 44 [0/729] - Loss: 0.1639
2026-05-02 01:30:20,536 - INFO - Epoch 44 [10/729] - Loss: 0.1832
2026-05-02 01:30:24,008 - INFO - Epoch 44 [20/729] - Loss: 0.1978
2026-05-02 01:30:27,444 - INFO - Epoch 44 [30/729] - Loss: 0.1892
2026-05-02 01:30:30,894 - INFO - Epoch 44 [40/729] - Loss: 0.1824
2026-05-02 01:30:34,355 - INFO - Epoch 44 [50/729] - Loss: 0.1922
2026-05-02 01:30:37,790 - INFO - Epoch 44 [60/729] - Loss: 0.1844
2026-05-02 01:30:41,235 - INFO - Epoch 44 [70/729] - Loss: 0.1806
2026-05-02 01:30:44,680 - INFO - Epoch 44 [80/729] - Loss: 0.1820
2026-05-02 01:30:48,128 - INFO - Epoch 44 [90/729] - Loss: 0.1834
2026-05-02 01:30:51,579 - INFO - Epoch 44 [100/729] - Loss: 0.1849
2026-05-02 01:30:55,027 - INFO - Epoch 44 [110/729] - Loss: 0.1851
2026-05-02 01:30:58,472 - INFO - Epoch 44 [120/729] - Loss: 0.1833
2026-05-02 01:31:01,927 - INFO - Epoch 44 [130/729] - Loss: 0.1839
2026-05-02 01:31:05,371 - INFO - Epoch 44 [140/729] - Loss: 0.1821
2026-05-02 01:31:08,824 - INFO - Epoch 44 [150/729] - Loss: 0.1824
2026-05-02 01:31:12,277 - INFO - Epoch 44 [160/729] - Loss: 0.1837
2026-05-02 01:31:15,727 - INFO - Epoch 44 [170/729] - Loss: 0.1846
2026-05-02 01:31:19,167 - INFO - Epoch 44 [180/729] - Loss: 0.1824
2026-05-02 01:31:22,612 - INFO - Epoch 44 [190/729] - Loss: 0.1813
2026-05-02 01:31:26,057 - INFO - Epoch 44 [200/729] - Loss: 0.1797
2026-05-02 01:31:29,503 - INFO - Epoch 44 [210/729] - Loss: 0.1794
2026-05-02 01:31:32,959 - INFO - Epoch 44 [220/729] - Loss: 0.1801
2026-05-02 01:31:36,408 - INFO - Epoch 44 [230/729] - Loss: 0.1801
2026-05-02 01:31:39,850 - INFO - Epoch 44 [240/729] - Loss: 0.1790
2026-05-02 01:31:43,299 - INFO - Epoch 44 [250/729] - Loss: 0.1782
2026-05-02 01:31:46,763 - INFO - Epoch 44 [260/729] - Loss: 0.1795
2026-05-02 01:31:50,204 - INFO - Epoch 44 [270/729] - Loss: 0.1794
2026-05-02 01:31:53,655 - INFO - Epoch 44 [280/729] - Loss: 0.1796
2026-05-02 01:31:57,125 - INFO - Epoch 44 [290/729] - Loss: 0.1817
2026-05-02 01:32:00,566 - INFO - Epoch 44 [300/729] - Loss: 0.1807
2026-05-02 01:32:04,014 - INFO - Epoch 44 [310/729] - Loss: 0.1812
2026-05-02 01:32:07,463 - INFO - Epoch 44 [320/729] - Loss: 0.1807
2026-05-02 01:32:10,909 - INFO - Epoch 44 [330/729] - Loss: 0.1797
2026-05-02 01:32:14,353 - INFO - Epoch 44 [340/729] - Loss: 0.1798
2026-05-02 01:32:17,815 - INFO - Epoch 44 [350/729] - Loss: 0.1818
2026-05-02 01:32:21,261 - INFO - Epoch 44 [360/729] - Loss: 0.1813
2026-05-02 01:32:24,738 - INFO - Epoch 44 [370/729] - Loss: 0.1835
2026-05-02 01:32:28,186 - INFO - Epoch 44 [380/729] - Loss: 0.1831
2026-05-02 01:32:31,641 - INFO - Epoch 44 [390/729] - Loss: 0.1836
2026-05-02 01:32:35,092 - INFO - Epoch 44 [400/729] - Loss: 0.1855
2026-05-02 01:32:38,540 - INFO - Epoch 44 [410/729] - Loss: 0.1858
2026-05-02 01:32:41,992 - INFO - Epoch 44 [420/729] - Loss: 0.1854
2026-05-02 01:32:45,442 - INFO - Epoch 44 [430/729] - Loss: 0.1851
2026-05-02 01:32:48,897 - INFO - Epoch 44 [440/729] - Loss: 0.1854
2026-05-02 01:32:52,351 - INFO - Epoch 44 [450/729] - Loss: 0.1847
2026-05-02 01:32:55,806 - INFO - Epoch 44 [460/729] - Loss: 0.1848
2026-05-02 01:32:59,255 - INFO - Epoch 44 [470/729] - Loss: 0.1845
2026-05-02 01:33:02,719 - INFO - Epoch 44 [480/729] - Loss: 0.1847
2026-05-02 01:33:06,176 - INFO - Epoch 44 [490/729] - Loss: 0.1844
2026-05-02 01:33:09,683 - INFO - Epoch 44 [500/729] - Loss: 0.1858
2026-05-02 01:33:13,138 - INFO - Epoch 44 [510/729] - Loss: 0.1858
2026-05-02 01:33:16,601 - INFO - Epoch 44 [520/729] - Loss: 0.1855
2026-05-02 01:33:20,061 - INFO - Epoch 44 [530/729] - Loss: 0.1859
2026-05-02 01:33:23,510 - INFO - Epoch 44 [540/729] - Loss: 0.1853
2026-05-02 01:33:26,993 - INFO - Epoch 44 [550/729] - Loss: 0.1853
2026-05-02 01:33:30,475 - INFO - Epoch 44 [560/729] - Loss: 0.1855
2026-05-02 01:33:33,927 - INFO - Epoch 44 [570/729] - Loss: 0.1850
2026-05-02 01:33:37,381 - INFO - Epoch 44 [580/729] - Loss: 0.1843
2026-05-02 01:33:40,833 - INFO - Epoch 44 [590/729] - Loss: 0.1843
2026-05-02 01:33:44,283 - INFO - Epoch 44 [600/729] - Loss: 0.1840
2026-05-02 01:33:47,763 - INFO - Epoch 44 [610/729] - Loss: 0.1846
2026-05-02 01:33:51,224 - INFO - Epoch 44 [620/729] - Loss: 0.1846
2026-05-02 01:33:54,707 - INFO - Epoch 44 [630/729] - Loss: 0.1858
2026-05-02 01:33:58,165 - INFO - Epoch 44 [640/729] - Loss: 0.1859
2026-05-02 01:34:01,626 - INFO - Epoch 44 [650/729] - Loss: 0.1859
2026-05-02 01:34:05,083 - INFO - Epoch 44 [660/729] - Loss: 0.1858
2026-05-02 01:34:08,540 - INFO - Epoch 44 [670/729] - Loss: 0.1858
2026-05-02 01:34:11,999 - INFO - Epoch 44 [680/729] - Loss: 0.1859
2026-05-02 01:34:15,448 - INFO - Epoch 44 [690/729] - Loss: 0.1856
2026-05-02 01:34:18,899 - INFO - Epoch 44 [700/729] - Loss: 0.1853
2026-05-02 01:34:22,354 - INFO - Epoch 44 [710/729] - Loss: 0.1850
2026-05-02 01:34:25,818 - INFO - Epoch 44 [720/729] - Loss: 0.1848
2026-05-02 01:35:18,499 - INFO - VAL Epoch 44 | Loss: 0.2961 | IoU: 0.8912 | Prec: 0.8769 | F1: 0.8627 | MAPE_L: 5.48% | MAPE_W: 25.77%
2026-05-02 01:35:18,875 - INFO -     [!] New Best Model Saved!
2026-05-02 01:35:19,585 - INFO - Epoch 45 [0/729] - Loss: 0.2479
2026-05-02 01:35:23,024 - INFO - Epoch 45 [10/729] - Loss: 0.1981
2026-05-02 01:35:26,470 - INFO - Epoch 45 [20/729] - Loss: 0.1957
2026-05-02 01:35:29,912 - INFO - Epoch 45 [30/729] - Loss: 0.1851
2026-05-02 01:35:33,365 - INFO - Epoch 45 [40/729] - Loss: 0.1779
2026-05-02 01:35:36,802 - INFO - Epoch 45 [50/729] - Loss: 0.1742
2026-05-02 01:35:40,240 - INFO - Epoch 45 [60/729] - Loss: 0.1722
2026-05-02 01:35:43,683 - INFO - Epoch 45 [70/729] - Loss: 0.1717
2026-05-02 01:35:47,129 - INFO - Epoch 45 [80/729] - Loss: 0.1726
2026-05-02 01:35:50,578 - INFO - Epoch 45 [90/729] - Loss: 0.1736
2026-05-02 01:35:54,019 - INFO - Epoch 45 [100/729] - Loss: 0.1702
2026-05-02 01:35:57,455 - INFO - Epoch 45 [110/729] - Loss: 0.1704
2026-05-02 01:36:00,889 - INFO - Epoch 45 [120/729] - Loss: 0.1698
2026-05-02 01:36:04,345 - INFO - Epoch 45 [130/729] - Loss: 0.1714
2026-05-02 01:36:07,788 - INFO - Epoch 45 [140/729] - Loss: 0.1733
2026-05-02 01:36:11,236 - INFO - Epoch 45 [150/729] - Loss: 0.1762
2026-05-02 01:36:14,685 - INFO - Epoch 45 [160/729] - Loss: 0.1751
2026-05-02 01:36:18,129 - INFO - Epoch 45 [170/729] - Loss: 0.1749
2026-05-02 01:36:21,566 - INFO - Epoch 45 [180/729] - Loss: 0.1749
2026-05-02 01:36:25,006 - INFO - Epoch 45 [190/729] - Loss: 0.1743
2026-05-02 01:36:28,446 - INFO - Epoch 45 [200/729] - Loss: 0.1737
2026-05-02 01:36:31,888 - INFO - Epoch 45 [210/729] - Loss: 0.1720
2026-05-02 01:36:35,324 - INFO - Epoch 45 [220/729] - Loss: 0.1714
2026-05-02 01:36:38,770 - INFO - Epoch 45 [230/729] - Loss: 0.1722
2026-05-02 01:36:42,204 - INFO - Epoch 45 [240/729] - Loss: 0.1721
2026-05-02 01:36:45,640 - INFO - Epoch 45 [250/729] - Loss: 0.1727
2026-05-02 01:36:49,097 - INFO - Epoch 45 [260/729] - Loss: 0.1730
2026-05-02 01:36:52,531 - INFO - Epoch 45 [270/729] - Loss: 0.1720
2026-05-02 01:36:55,964 - INFO - Epoch 45 [280/729] - Loss: 0.1710
2026-05-02 01:36:59,412 - INFO - Epoch 45 [290/729] - Loss: 0.1712
2026-05-02 01:37:02,854 - INFO - Epoch 45 [300/729] - Loss: 0.1697
2026-05-02 01:37:06,341 - INFO - Epoch 45 [310/729] - Loss: 0.1716
2026-05-02 01:37:09,779 - INFO - Epoch 45 [320/729] - Loss: 0.1705
2026-05-02 01:37:13,224 - INFO - Epoch 45 [330/729] - Loss: 0.1707
2026-05-02 01:37:16,686 - INFO - Epoch 45 [340/729] - Loss: 0.1716
2026-05-02 01:37:20,147 - INFO - Epoch 45 [350/729] - Loss: 0.1718
2026-05-02 01:37:23,586 - INFO - Epoch 45 [360/729] - Loss: 0.1720
2026-05-02 01:37:27,030 - INFO - Epoch 45 [370/729] - Loss: 0.1719
2026-05-02 01:37:30,472 - INFO - Epoch 45 [380/729] - Loss: 0.1726
2026-05-02 01:37:33,922 - INFO - Epoch 45 [390/729] - Loss: 0.1733
2026-05-02 01:37:37,395 - INFO - Epoch 45 [400/729] - Loss: 0.1745
2026-05-02 01:37:40,836 - INFO - Epoch 45 [410/729] - Loss: 0.1738
2026-05-02 01:37:44,294 - INFO - Epoch 45 [420/729] - Loss: 0.1745
2026-05-02 01:37:47,736 - INFO - Epoch 45 [430/729] - Loss: 0.1747
2026-05-02 01:37:51,181 - INFO - Epoch 45 [440/729] - Loss: 0.1743
2026-05-02 01:37:54,633 - INFO - Epoch 45 [450/729] - Loss: 0.1745
2026-05-02 01:37:58,072 - INFO - Epoch 45 [460/729] - Loss: 0.1740
2026-05-02 01:38:01,537 - INFO - Epoch 45 [470/729] - Loss: 0.1760
2026-05-02 01:38:04,976 - INFO - Epoch 45 [480/729] - Loss: 0.1759
2026-05-02 01:38:08,411 - INFO - Epoch 45 [490/729] - Loss: 0.1754
2026-05-02 01:38:11,851 - INFO - Epoch 45 [500/729] - Loss: 0.1755
2026-05-02 01:38:15,290 - INFO - Epoch 45 [510/729] - Loss: 0.1759
2026-05-02 01:38:19,066 - INFO - Epoch 45 [520/729] - Loss: 0.1760
2026-05-02 01:38:22,505 - INFO - Epoch 45 [530/729] - Loss: 0.1755
2026-05-02 01:38:25,942 - INFO - Epoch 45 [540/729] - Loss: 0.1754
2026-05-02 01:38:29,383 - INFO - Epoch 45 [550/729] - Loss: 0.1748
2026-05-02 01:38:32,858 - INFO - Epoch 45 [560/729] - Loss: 0.1761
2026-05-02 01:38:36,295 - INFO - Epoch 45 [570/729] - Loss: 0.1761
2026-05-02 01:38:39,735 - INFO - Epoch 45 [580/729] - Loss: 0.1756
2026-05-02 01:38:43,173 - INFO - Epoch 45 [590/729] - Loss: 0.1750
2026-05-02 01:38:46,624 - INFO - Epoch 45 [600/729] - Loss: 0.1750
2026-05-02 01:38:50,069 - INFO - Epoch 45 [610/729] - Loss: 0.1751
2026-05-02 01:38:53,503 - INFO - Epoch 45 [620/729] - Loss: 0.1749
2026-05-02 01:38:56,959 - INFO - Epoch 45 [630/729] - Loss: 0.1757
2026-05-02 01:39:00,402 - INFO - Epoch 45 [640/729] - Loss: 0.1753
2026-05-02 01:39:03,909 - INFO - Epoch 45 [650/729] - Loss: 0.1758
2026-05-02 01:39:07,366 - INFO - Epoch 45 [660/729] - Loss: 0.1757
2026-05-02 01:39:10,808 - INFO - Epoch 45 [670/729] - Loss: 0.1757
2026-05-02 01:39:14,253 - INFO - Epoch 45 [680/729] - Loss: 0.1757
2026-05-02 01:39:17,716 - INFO - Epoch 45 [690/729] - Loss: 0.1761
2026-05-02 01:39:21,167 - INFO - Epoch 45 [700/729] - Loss: 0.1766
2026-05-02 01:39:24,614 - INFO - Epoch 45 [710/729] - Loss: 0.1767
2026-05-02 01:39:28,057 - INFO - Epoch 45 [720/729] - Loss: 0.1765
2026-05-02 01:40:15,329 - INFO - VAL Epoch 45 | Loss: 0.2929 | IoU: 0.8893 | Prec: 0.8726 | F1: 0.8591 | MAPE_L: 5.60% | MAPE_W: 25.78%
2026-05-02 01:40:16,182 - INFO - Epoch 46 [0/729] - Loss: 0.2011
2026-05-02 01:40:19,625 - INFO - Epoch 46 [10/729] - Loss: 0.1628
2026-05-02 01:40:23,092 - INFO - Epoch 46 [20/729] - Loss: 0.2015
2026-05-02 01:40:26,540 - INFO - Epoch 46 [30/729] - Loss: 0.1832
2026-05-02 01:40:29,990 - INFO - Epoch 46 [40/729] - Loss: 0.1715
2026-05-02 01:40:33,439 - INFO - Epoch 46 [50/729] - Loss: 0.1711
2026-05-02 01:40:36,884 - INFO - Epoch 46 [60/729] - Loss: 0.1745
2026-05-02 01:40:40,338 - INFO - Epoch 46 [70/729] - Loss: 0.1760
2026-05-02 01:40:43,782 - INFO - Epoch 46 [80/729] - Loss: 0.1708
2026-05-02 01:40:47,234 - INFO - Epoch 46 [90/729] - Loss: 0.1726
2026-05-02 01:40:50,687 - INFO - Epoch 46 [100/729] - Loss: 0.1735
2026-05-02 01:40:54,125 - INFO - Epoch 46 [110/729] - Loss: 0.1693
2026-05-02 01:40:57,568 - INFO - Epoch 46 [120/729] - Loss: 0.1684
2026-05-02 01:41:01,027 - INFO - Epoch 46 [130/729] - Loss: 0.1703
2026-05-02 01:41:04,471 - INFO - Epoch 46 [140/729] - Loss: 0.1705
2026-05-02 01:41:07,919 - INFO - Epoch 46 [150/729] - Loss: 0.1713
2026-05-02 01:41:11,377 - INFO - Epoch 46 [160/729] - Loss: 0.1729
2026-05-02 01:41:14,819 - INFO - Epoch 46 [170/729] - Loss: 0.1727
2026-05-02 01:41:18,262 - INFO - Epoch 46 [180/729] - Loss: 0.1706
2026-05-02 01:41:21,710 - INFO - Epoch 46 [190/729] - Loss: 0.1712
2026-05-02 01:41:25,195 - INFO - Epoch 46 [200/729] - Loss: 0.1726
2026-05-02 01:41:28,640 - INFO - Epoch 46 [210/729] - Loss: 0.1728
2026-05-02 01:41:32,084 - INFO - Epoch 46 [220/729] - Loss: 0.1740
2026-05-02 01:41:35,531 - INFO - Epoch 46 [230/729] - Loss: 0.1734
2026-05-02 01:41:38,982 - INFO - Epoch 46 [240/729] - Loss: 0.1740
2026-05-02 01:41:42,433 - INFO - Epoch 46 [250/729] - Loss: 0.1749
2026-05-02 01:41:45,878 - INFO - Epoch 46 [260/729] - Loss: 0.1736
2026-05-02 01:41:49,332 - INFO - Epoch 46 [270/729] - Loss: 0.1740
2026-05-02 01:41:52,774 - INFO - Epoch 46 [280/729] - Loss: 0.1723
2026-05-02 01:41:56,231 - INFO - Epoch 46 [290/729] - Loss: 0.1718
2026-05-02 01:41:59,688 - INFO - Epoch 46 [300/729] - Loss: 0.1723
2026-05-02 01:42:04,131 - INFO - Epoch 46 [310/729] - Loss: 0.1730
2026-05-02 01:42:07,585 - INFO - Epoch 46 [320/729] - Loss: 0.1731
2026-05-02 01:42:11,025 - INFO - Epoch 46 [330/729] - Loss: 0.1725
2026-05-02 01:42:14,468 - INFO - Epoch 46 [340/729] - Loss: 0.1711
2026-05-02 01:42:17,925 - INFO - Epoch 46 [350/729] - Loss: 0.1721
2026-05-02 01:42:21,400 - INFO - Epoch 46 [360/729] - Loss: 0.1728
2026-05-02 01:42:24,850 - INFO - Epoch 46 [370/729] - Loss: 0.1732
2026-05-02 01:42:28,290 - INFO - Epoch 46 [380/729] - Loss: 0.1722
2026-05-02 01:42:31,735 - INFO - Epoch 46 [390/729] - Loss: 0.1721
2026-05-02 01:42:35,183 - INFO - Epoch 46 [400/729] - Loss: 0.1731
2026-05-02 01:42:38,646 - INFO - Epoch 46 [410/729] - Loss: 0.1742
2026-05-02 01:42:42,105 - INFO - Epoch 46 [420/729] - Loss: 0.1745
2026-05-02 01:42:45,550 - INFO - Epoch 46 [430/729] - Loss: 0.1752
2026-05-02 01:42:48,993 - INFO - Epoch 46 [440/729] - Loss: 0.1743
2026-05-02 01:42:52,443 - INFO - Epoch 46 [450/729] - Loss: 0.1754
2026-05-02 01:42:55,893 - INFO - Epoch 46 [460/729] - Loss: 0.1759
2026-05-02 01:42:59,362 - INFO - Epoch 46 [470/729] - Loss: 0.1766
2026-05-02 01:43:02,830 - INFO - Epoch 46 [480/729] - Loss: 0.1768
2026-05-02 01:43:06,275 - INFO - Epoch 46 [490/729] - Loss: 0.1773
2026-05-02 01:43:09,729 - INFO - Epoch 46 [500/729] - Loss: 0.1779
2026-05-02 01:43:13,177 - INFO - Epoch 46 [510/729] - Loss: 0.1781
2026-05-02 01:43:16,635 - INFO - Epoch 46 [520/729] - Loss: 0.1781
2026-05-02 01:43:20,099 - INFO - Epoch 46 [530/729] - Loss: 0.1784
2026-05-02 01:43:23,540 - INFO - Epoch 46 [540/729] - Loss: 0.1782
2026-05-02 01:43:26,986 - INFO - Epoch 46 [550/729] - Loss: 0.1778
2026-05-02 01:43:30,468 - INFO - Epoch 46 [560/729] - Loss: 0.1778
2026-05-02 01:43:33,915 - INFO - Epoch 46 [570/729] - Loss: 0.1775
2026-05-02 01:43:37,363 - INFO - Epoch 46 [580/729] - Loss: 0.1774
2026-05-02 01:43:40,812 - INFO - Epoch 46 [590/729] - Loss: 0.1778
2026-05-02 01:43:44,261 - INFO - Epoch 46 [600/729] - Loss: 0.1783
2026-05-02 01:43:47,709 - INFO - Epoch 46 [610/729] - Loss: 0.1783
2026-05-02 01:43:51,186 - INFO - Epoch 46 [620/729] - Loss: 0.1790
2026-05-02 01:43:54,625 - INFO - Epoch 46 [630/729] - Loss: 0.1786
2026-05-02 01:43:58,071 - INFO - Epoch 46 [640/729] - Loss: 0.1786
2026-05-02 01:44:01,518 - INFO - Epoch 46 [650/729] - Loss: 0.1786
2026-05-02 01:44:04,967 - INFO - Epoch 46 [660/729] - Loss: 0.1786
2026-05-02 01:44:08,413 - INFO - Epoch 46 [670/729] - Loss: 0.1785
2026-05-02 01:44:11,866 - INFO - Epoch 46 [680/729] - Loss: 0.1788
2026-05-02 01:44:15,308 - INFO - Epoch 46 [690/729] - Loss: 0.1788
2026-05-02 01:44:18,761 - INFO - Epoch 46 [700/729] - Loss: 0.1789
2026-05-02 01:44:22,220 - INFO - Epoch 46 [710/729] - Loss: 0.1793
2026-05-02 01:44:25,668 - INFO - Epoch 46 [720/729] - Loss: 0.1790
2026-05-02 01:45:12,176 - INFO - VAL Epoch 46 | Loss: 0.2995 | IoU: 0.8885 | Prec: 0.8977 | F1: 0.8623 | MAPE_L: 5.56% | MAPE_W: 25.70%
2026-05-02 01:45:12,931 - INFO - Epoch 47 [0/729] - Loss: 0.1857
2026-05-02 01:45:16,376 - INFO - Epoch 47 [10/729] - Loss: 0.1514
2026-05-02 01:45:19,828 - INFO - Epoch 47 [20/729] - Loss: 0.1607
2026-05-02 01:45:23,281 - INFO - Epoch 47 [30/729] - Loss: 0.1791
2026-05-02 01:45:26,736 - INFO - Epoch 47 [40/729] - Loss: 0.1765
2026-05-02 01:45:30,190 - INFO - Epoch 47 [50/729] - Loss: 0.1797
2026-05-02 01:45:33,636 - INFO - Epoch 47 [60/729] - Loss: 0.1801
2026-05-02 01:45:37,091 - INFO - Epoch 47 [70/729] - Loss: 0.1776
2026-05-02 01:45:40,535 - INFO - Epoch 47 [80/729] - Loss: 0.1744
2026-05-02 01:45:43,978 - INFO - Epoch 47 [90/729] - Loss: 0.1724
2026-05-02 01:45:47,435 - INFO - Epoch 47 [100/729] - Loss: 0.1718
2026-05-02 01:45:50,877 - INFO - Epoch 47 [110/729] - Loss: 0.1704
2026-05-02 01:45:54,328 - INFO - Epoch 47 [120/729] - Loss: 0.1698
2026-05-02 01:45:57,779 - INFO - Epoch 47 [130/729] - Loss: 0.1702
2026-05-02 01:46:01,227 - INFO - Epoch 47 [140/729] - Loss: 0.1728
2026-05-02 01:46:04,680 - INFO - Epoch 47 [150/729] - Loss: 0.1706
2026-05-02 01:46:08,175 - INFO - Epoch 47 [160/729] - Loss: 0.1736
2026-05-02 01:46:11,622 - INFO - Epoch 47 [170/729] - Loss: 0.1724
2026-05-02 01:46:15,074 - INFO - Epoch 47 [180/729] - Loss: 0.1728
2026-05-02 01:46:18,519 - INFO - Epoch 47 [190/729] - Loss: 0.1731
2026-05-02 01:46:21,964 - INFO - Epoch 47 [200/729] - Loss: 0.1722
2026-05-02 01:46:25,419 - INFO - Epoch 47 [210/729] - Loss: 0.1738
2026-05-02 01:46:28,867 - INFO - Epoch 47 [220/729] - Loss: 0.1733
2026-05-02 01:46:32,328 - INFO - Epoch 47 [230/729] - Loss: 0.1754
2026-05-02 01:46:35,775 - INFO - Epoch 47 [240/729] - Loss: 0.1742
2026-05-02 01:46:39,228 - INFO - Epoch 47 [250/729] - Loss: 0.1729
2026-05-02 01:46:42,689 - INFO - Epoch 47 [260/729] - Loss: 0.1730
2026-05-02 01:46:46,133 - INFO - Epoch 47 [270/729] - Loss: 0.1735
2026-05-02 01:46:49,584 - INFO - Epoch 47 [280/729] - Loss: 0.1738
2026-05-02 01:46:53,038 - INFO - Epoch 47 [290/729] - Loss: 0.1736
2026-05-02 01:46:56,485 - INFO - Epoch 47 [300/729] - Loss: 0.1732
2026-05-02 01:46:59,947 - INFO - Epoch 47 [310/729] - Loss: 0.1755
2026-05-02 01:47:03,402 - INFO - Epoch 47 [320/729] - Loss: 0.1754
2026-05-02 01:47:06,873 - INFO - Epoch 47 [330/729] - Loss: 0.1768
2026-05-02 01:47:10,319 - INFO - Epoch 47 [340/729] - Loss: 0.1763
2026-05-02 01:47:13,763 - INFO - Epoch 47 [350/729] - Loss: 0.1759
2026-05-02 01:47:17,214 - INFO - Epoch 47 [360/729] - Loss: 0.1755
2026-05-02 01:47:20,672 - INFO - Epoch 47 [370/729] - Loss: 0.1767
2026-05-02 01:47:24,119 - INFO - Epoch 47 [380/729] - Loss: 0.1767
2026-05-02 01:47:27,578 - INFO - Epoch 47 [390/729] - Loss: 0.1777
2026-05-02 01:47:31,029 - INFO - Epoch 47 [400/729] - Loss: 0.1777
2026-05-02 01:47:34,499 - INFO - Epoch 47 [410/729] - Loss: 0.1777
2026-05-02 01:47:37,949 - INFO - Epoch 47 [420/729] - Loss: 0.1776
2026-05-02 01:47:41,419 - INFO - Epoch 47 [430/729] - Loss: 0.1771
2026-05-02 01:47:44,864 - INFO - Epoch 47 [440/729] - Loss: 0.1766
2026-05-02 01:47:48,309 - INFO - Epoch 47 [450/729] - Loss: 0.1759
2026-05-02 01:47:51,756 - INFO - Epoch 47 [460/729] - Loss: 0.1757
2026-05-02 01:47:55,206 - INFO - Epoch 47 [470/729] - Loss: 0.1759
2026-05-02 01:47:58,656 - INFO - Epoch 47 [480/729] - Loss: 0.1755
2026-05-02 01:48:02,100 - INFO - Epoch 47 [490/729] - Loss: 0.1749
2026-05-02 01:48:05,552 - INFO - Epoch 47 [500/729] - Loss: 0.1758
2026-05-02 01:48:08,999 - INFO - Epoch 47 [510/729] - Loss: 0.1759
2026-05-02 01:48:12,448 - INFO - Epoch 47 [520/729] - Loss: 0.1757
2026-05-02 01:48:15,902 - INFO - Epoch 47 [530/729] - Loss: 0.1753
2026-05-02 01:48:19,348 - INFO - Epoch 47 [540/729] - Loss: 0.1752
2026-05-02 01:48:22,817 - INFO - Epoch 47 [550/729] - Loss: 0.1758
2026-05-02 01:48:26,273 - INFO - Epoch 47 [560/729] - Loss: 0.1760
2026-05-02 01:48:29,721 - INFO - Epoch 47 [570/729] - Loss: 0.1760
2026-05-02 01:48:33,189 - INFO - Epoch 47 [580/729] - Loss: 0.1767
2026-05-02 01:48:36,654 - INFO - Epoch 47 [590/729] - Loss: 0.1769
2026-05-02 01:48:40,099 - INFO - Epoch 47 [600/729] - Loss: 0.1768
2026-05-02 01:48:43,576 - INFO - Epoch 47 [610/729] - Loss: 0.1776
2026-05-02 01:48:47,046 - INFO - Epoch 47 [620/729] - Loss: 0.1785
2026-05-02 01:48:50,486 - INFO - Epoch 47 [630/729] - Loss: 0.1782
2026-05-02 01:48:53,941 - INFO - Epoch 47 [640/729] - Loss: 0.1785
2026-05-02 01:48:57,388 - INFO - Epoch 47 [650/729] - Loss: 0.1783
2026-05-02 01:49:00,840 - INFO - Epoch 47 [660/729] - Loss: 0.1787
2026-05-02 01:49:04,284 - INFO - Epoch 47 [670/729] - Loss: 0.1782
2026-05-02 01:49:07,733 - INFO - Epoch 47 [680/729] - Loss: 0.1786
2026-05-02 01:49:11,187 - INFO - Epoch 47 [690/729] - Loss: 0.1788
2026-05-02 01:49:14,630 - INFO - Epoch 47 [700/729] - Loss: 0.1792
2026-05-02 01:49:18,088 - INFO - Epoch 47 [710/729] - Loss: 0.1797
2026-05-02 01:49:21,540 - INFO - Epoch 47 [720/729] - Loss: 0.1804
2026-05-02 01:50:08,120 - INFO - VAL Epoch 47 | Loss: 0.2969 | IoU: 0.8900 | Prec: 0.8658 | F1: 0.8602 | MAPE_L: 6.34% | MAPE_W: 28.99%
2026-05-02 01:50:08,880 - INFO - Epoch 48 [0/729] - Loss: 0.1052
2026-05-02 01:50:16,784 - INFO - Epoch 48 [10/729] - Loss: 0.1567
2026-05-02 01:50:20,225 - INFO - Epoch 48 [20/729] - Loss: 0.1600
2026-05-02 01:50:23,649 - INFO - Epoch 48 [30/729] - Loss: 0.1502
2026-05-02 01:50:27,095 - INFO - Epoch 48 [40/729] - Loss: 0.1714
2026-05-02 01:50:30,532 - INFO - Epoch 48 [50/729] - Loss: 0.1775
2026-05-02 01:50:33,966 - INFO - Epoch 48 [60/729] - Loss: 0.1782
2026-05-02 01:50:37,398 - INFO - Epoch 48 [70/729] - Loss: 0.1807
2026-05-02 01:50:40,843 - INFO - Epoch 48 [80/729] - Loss: 0.1875
2026-05-02 01:50:44,289 - INFO - Epoch 48 [90/729] - Loss: 0.1924
2026-05-02 01:50:47,728 - INFO - Epoch 48 [100/729] - Loss: 0.1914
2026-05-02 01:50:51,153 - INFO - Epoch 48 [110/729] - Loss: 0.1871
2026-05-02 01:50:54,584 - INFO - Epoch 48 [120/729] - Loss: 0.1863
2026-05-02 01:50:58,015 - INFO - Epoch 48 [130/729] - Loss: 0.1823
2026-05-02 01:51:01,457 - INFO - Epoch 48 [140/729] - Loss: 0.1861
2026-05-02 01:51:04,936 - INFO - Epoch 48 [150/729] - Loss: 0.1872
2026-05-02 01:51:09,382 - INFO - Epoch 48 [160/729] - Loss: 0.1873
2026-05-02 01:51:12,821 - INFO - Epoch 48 [170/729] - Loss: 0.1900
2026-05-02 01:51:16,287 - INFO - Epoch 48 [180/729] - Loss: 0.1902
2026-05-02 01:51:19,723 - INFO - Epoch 48 [190/729] - Loss: 0.1896
2026-05-02 01:51:23,175 - INFO - Epoch 48 [200/729] - Loss: 0.1901
2026-05-02 01:51:26,611 - INFO - Epoch 48 [210/729] - Loss: 0.1896
2026-05-02 01:51:30,067 - INFO - Epoch 48 [220/729] - Loss: 0.1907
2026-05-02 01:51:33,524 - INFO - Epoch 48 [230/729] - Loss: 0.1934
2026-05-02 01:51:36,962 - INFO - Epoch 48 [240/729] - Loss: 0.1930
2026-05-02 01:51:40,835 - INFO - Epoch 48 [250/729] - Loss: 0.1929
2026-05-02 01:51:44,297 - INFO - Epoch 48 [260/729] - Loss: 0.1933
2026-05-02 01:51:47,726 - INFO - Epoch 48 [270/729] - Loss: 0.1920
2026-05-02 01:51:51,166 - INFO - Epoch 48 [280/729] - Loss: 0.1914
2026-05-02 01:51:54,618 - INFO - Epoch 48 [290/729] - Loss: 0.1901
2026-05-02 01:51:58,046 - INFO - Epoch 48 [300/729] - Loss: 0.1886
2026-05-02 01:52:01,483 - INFO - Epoch 48 [310/729] - Loss: 0.1881
2026-05-02 01:52:04,944 - INFO - Epoch 48 [320/729] - Loss: 0.1868
2026-05-02 01:52:08,366 - INFO - Epoch 48 [330/729] - Loss: 0.1854
2026-05-02 01:52:11,808 - INFO - Epoch 48 [340/729] - Loss: 0.1853
2026-05-02 01:52:15,244 - INFO - Epoch 48 [350/729] - Loss: 0.1851
2026-05-02 01:52:18,686 - INFO - Epoch 48 [360/729] - Loss: 0.1845
2026-05-02 01:52:22,120 - INFO - Epoch 48 [370/729] - Loss: 0.1839
2026-05-02 01:52:25,556 - INFO - Epoch 48 [380/729] - Loss: 0.1842
2026-05-02 01:52:28,990 - INFO - Epoch 48 [390/729] - Loss: 0.1838
2026-05-02 01:52:32,421 - INFO - Epoch 48 [400/729] - Loss: 0.1842
2026-05-02 01:52:35,869 - INFO - Epoch 48 [410/729] - Loss: 0.1852
2026-05-02 01:52:39,309 - INFO - Epoch 48 [420/729] - Loss: 0.1852
2026-05-02 01:52:42,750 - INFO - Epoch 48 [430/729] - Loss: 0.1854
2026-05-02 01:52:46,180 - INFO - Epoch 48 [440/729] - Loss: 0.1851
2026-05-02 01:52:49,637 - INFO - Epoch 48 [450/729] - Loss: 0.1851
2026-05-02 01:52:53,080 - INFO - Epoch 48 [460/729] - Loss: 0.1861
2026-05-02 01:52:56,515 - INFO - Epoch 48 [470/729] - Loss: 0.1859
2026-05-02 01:52:59,959 - INFO - Epoch 48 [480/729] - Loss: 0.1858
2026-05-02 01:53:03,395 - INFO - Epoch 48 [490/729] - Loss: 0.1849
2026-05-02 01:53:06,834 - INFO - Epoch 48 [500/729] - Loss: 0.1847
2026-05-02 01:53:10,288 - INFO - Epoch 48 [510/729] - Loss: 0.1849
2026-05-02 01:53:13,732 - INFO - Epoch 48 [520/729] - Loss: 0.1845
2026-05-02 01:53:17,164 - INFO - Epoch 48 [530/729] - Loss: 0.1845
2026-05-02 01:53:20,608 - INFO - Epoch 48 [540/729] - Loss: 0.1847
2026-05-02 01:53:24,051 - INFO - Epoch 48 [550/729] - Loss: 0.1842
2026-05-02 01:53:27,490 - INFO - Epoch 48 [560/729] - Loss: 0.1837
2026-05-02 01:53:30,937 - INFO - Epoch 48 [570/729] - Loss: 0.1841
2026-05-02 01:53:34,369 - INFO - Epoch 48 [580/729] - Loss: 0.1835
2026-05-02 01:53:37,808 - INFO - Epoch 48 [590/729] - Loss: 0.1833
2026-05-02 01:53:41,234 - INFO - Epoch 48 [600/729] - Loss: 0.1822
2026-05-02 01:53:44,683 - INFO - Epoch 48 [610/729] - Loss: 0.1818
2026-05-02 01:53:48,138 - INFO - Epoch 48 [620/729] - Loss: 0.1817
2026-05-02 01:53:51,591 - INFO - Epoch 48 [630/729] - Loss: 0.1819
2026-05-02 01:53:55,052 - INFO - Epoch 48 [640/729] - Loss: 0.1817
2026-05-02 01:53:58,523 - INFO - Epoch 48 [650/729] - Loss: 0.1818
2026-05-02 01:54:01,973 - INFO - Epoch 48 [660/729] - Loss: 0.1818
2026-05-02 01:54:06,017 - INFO - Epoch 48 [670/729] - Loss: 0.1812
2026-05-02 01:54:09,474 - INFO - Epoch 48 [680/729] - Loss: 0.1806
2026-05-02 01:54:12,938 - INFO - Epoch 48 [690/729] - Loss: 0.1803
2026-05-02 01:54:16,392 - INFO - Epoch 48 [700/729] - Loss: 0.1800
2026-05-02 01:54:19,851 - INFO - Epoch 48 [710/729] - Loss: 0.1798
2026-05-02 01:54:23,309 - INFO - Epoch 48 [720/729] - Loss: 0.1803
2026-05-02 01:55:10,732 - INFO - VAL Epoch 48 | Loss: 0.2980 | IoU: 0.8946 | Prec: 0.8738 | F1: 0.8645 | MAPE_L: 5.77% | MAPE_W: 25.63%
2026-05-02 01:55:12,145 - INFO -     [!] New Best Model Saved!
2026-05-02 01:55:12,867 - INFO - Epoch 49 [0/729] - Loss: 0.4077
2026-05-02 01:55:16,327 - INFO - Epoch 49 [10/729] - Loss: 0.1934
2026-05-02 01:55:19,773 - INFO - Epoch 49 [20/729] - Loss: 0.1748
2026-05-02 01:55:23,219 - INFO - Epoch 49 [30/729] - Loss: 0.1744
2026-05-02 01:55:26,681 - INFO - Epoch 49 [40/729] - Loss: 0.1717
2026-05-02 01:55:30,125 - INFO - Epoch 49 [50/729] - Loss: 0.1702
2026-05-02 01:55:33,582 - INFO - Epoch 49 [60/729] - Loss: 0.1733
2026-05-02 01:55:37,031 - INFO - Epoch 49 [70/729] - Loss: 0.1700
2026-05-02 01:55:40,491 - INFO - Epoch 49 [80/729] - Loss: 0.1673
2026-05-02 01:55:43,934 - INFO - Epoch 49 [90/729] - Loss: 0.1668
2026-05-02 01:55:47,396 - INFO - Epoch 49 [100/729] - Loss: 0.1691
2026-05-02 01:55:50,841 - INFO - Epoch 49 [110/729] - Loss: 0.1677
2026-05-02 01:55:54,293 - INFO - Epoch 49 [120/729] - Loss: 0.1712
2026-05-02 01:55:57,745 - INFO - Epoch 49 [130/729] - Loss: 0.1722
2026-05-02 01:56:01,188 - INFO - Epoch 49 [140/729] - Loss: 0.1715
2026-05-02 01:56:04,647 - INFO - Epoch 49 [150/729] - Loss: 0.1718
2026-05-02 01:56:08,095 - INFO - Epoch 49 [160/729] - Loss: 0.1726
2026-05-02 01:56:11,540 - INFO - Epoch 49 [170/729] - Loss: 0.1731
2026-05-02 01:56:14,989 - INFO - Epoch 49 [180/729] - Loss: 0.1769
2026-05-02 01:56:18,431 - INFO - Epoch 49 [190/729] - Loss: 0.1763
2026-05-02 01:56:21,925 - INFO - Epoch 49 [200/729] - Loss: 0.1793
2026-05-02 01:56:25,357 - INFO - Epoch 49 [210/729] - Loss: 0.1784
2026-05-02 01:56:28,800 - INFO - Epoch 49 [220/729] - Loss: 0.1781
2026-05-02 01:56:32,245 - INFO - Epoch 49 [230/729] - Loss: 0.1776
2026-05-02 01:56:35,727 - INFO - Epoch 49 [240/729] - Loss: 0.1780
2026-05-02 01:56:39,162 - INFO - Epoch 49 [250/729] - Loss: 0.1760
2026-05-02 01:56:42,608 - INFO - Epoch 49 [260/729] - Loss: 0.1763
2026-05-02 01:56:46,050 - INFO - Epoch 49 [270/729] - Loss: 0.1761
2026-05-02 01:56:49,500 - INFO - Epoch 49 [280/729] - Loss: 0.1762
2026-05-02 01:56:52,994 - INFO - Epoch 49 [290/729] - Loss: 0.1777
2026-05-02 01:56:56,444 - INFO - Epoch 49 [300/729] - Loss: 0.1780
2026-05-02 01:56:59,886 - INFO - Epoch 49 [310/729] - Loss: 0.1779
2026-05-02 01:57:03,336 - INFO - Epoch 49 [320/729] - Loss: 0.1793
2026-05-02 01:57:06,780 - INFO - Epoch 49 [330/729] - Loss: 0.1798
2026-05-02 01:57:10,218 - INFO - Epoch 49 [340/729] - Loss: 0.1790
2026-05-02 01:57:13,654 - INFO - Epoch 49 [350/729] - Loss: 0.1792
2026-05-02 01:57:17,114 - INFO - Epoch 49 [360/729] - Loss: 0.1804
2026-05-02 01:57:20,558 - INFO - Epoch 49 [370/729] - Loss: 0.1807
2026-05-02 01:57:23,998 - INFO - Epoch 49 [380/729] - Loss: 0.1805
2026-05-02 01:57:27,440 - INFO - Epoch 49 [390/729] - Loss: 0.1799
2026-05-02 01:57:30,887 - INFO - Epoch 49 [400/729] - Loss: 0.1800
2026-05-02 01:57:34,680 - INFO - Epoch 49 [410/729] - Loss: 0.1793
2026-05-02 01:57:38,119 - INFO - Epoch 49 [420/729] - Loss: 0.1795
2026-05-02 01:57:41,554 - INFO - Epoch 49 [430/729] - Loss: 0.1790
2026-05-02 01:57:44,997 - INFO - Epoch 49 [440/729] - Loss: 0.1788
2026-05-02 01:57:48,441 - INFO - Epoch 49 [450/729] - Loss: 0.1785
2026-05-02 01:57:51,880 - INFO - Epoch 49 [460/729] - Loss: 0.1788
2026-05-02 01:57:55,326 - INFO - Epoch 49 [470/729] - Loss: 0.1786
2026-05-02 01:57:58,779 - INFO - Epoch 49 [480/729] - Loss: 0.1783
2026-05-02 01:58:02,235 - INFO - Epoch 49 [490/729] - Loss: 0.1799
2026-05-02 01:58:05,684 - INFO - Epoch 49 [500/729] - Loss: 0.1802
2026-05-02 01:58:09,117 - INFO - Epoch 49 [510/729] - Loss: 0.1793
2026-05-02 01:58:12,575 - INFO - Epoch 49 [520/729] - Loss: 0.1796
2026-05-02 01:58:16,685 - INFO - Epoch 49 [530/729] - Loss: 0.1788
2026-05-02 01:58:20,125 - INFO - Epoch 49 [540/729] - Loss: 0.1781
2026-05-02 01:58:23,588 - INFO - Epoch 49 [550/729] - Loss: 0.1790
2026-05-02 01:58:27,029 - INFO - Epoch 49 [560/729] - Loss: 0.1788
2026-05-02 01:58:30,475 - INFO - Epoch 49 [570/729] - Loss: 0.1785
2026-05-02 01:58:33,925 - INFO - Epoch 49 [580/729] - Loss: 0.1783
2026-05-02 01:58:37,374 - INFO - Epoch 49 [590/729] - Loss: 0.1781
2026-05-02 01:58:40,818 - INFO - Epoch 49 [600/729] - Loss: 0.1781
2026-05-02 01:58:44,264 - INFO - Epoch 49 [610/729] - Loss: 0.1776
2026-05-02 01:58:47,702 - INFO - Epoch 49 [620/729] - Loss: 0.1772
2026-05-02 01:58:51,145 - INFO - Epoch 49 [630/729] - Loss: 0.1770
2026-05-02 01:58:54,594 - INFO - Epoch 49 [640/729] - Loss: 0.1767
2026-05-02 01:58:58,042 - INFO - Epoch 49 [650/729] - Loss: 0.1772
2026-05-02 01:59:01,489 - INFO - Epoch 49 [660/729] - Loss: 0.1770
2026-05-02 01:59:04,940 - INFO - Epoch 49 [670/729] - Loss: 0.1769
2026-05-02 01:59:08,387 - INFO - Epoch 49 [680/729] - Loss: 0.1764
2026-05-02 01:59:11,846 - INFO - Epoch 49 [690/729] - Loss: 0.1763
2026-05-02 01:59:15,294 - INFO - Epoch 49 [700/729] - Loss: 0.1765
2026-05-02 01:59:18,740 - INFO - Epoch 49 [710/729] - Loss: 0.1760
2026-05-02 01:59:22,180 - INFO - Epoch 49 [720/729] - Loss: 0.1755
2026-05-02 02:00:09,017 - INFO - VAL Epoch 49 | Loss: 0.2985 | IoU: 0.8960 | Prec: 0.8551 | F1: 0.8577 | MAPE_L: 5.47% | MAPE_W: 26.80%
2026-05-02 02:00:09,773 - INFO - Epoch 50 [0/729] - Loss: 0.1298
2026-05-02 02:00:13,213 - INFO - Epoch 50 [10/729] - Loss: 0.1678
2026-05-02 02:00:16,663 - INFO - Epoch 50 [20/729] - Loss: 0.1733
2026-05-02 02:00:20,095 - INFO - Epoch 50 [30/729] - Loss: 0.1630
2026-05-02 02:00:23,813 - INFO - Epoch 50 [40/729] - Loss: 0.1617
2026-05-02 02:00:27,257 - INFO - Epoch 50 [50/729] - Loss: 0.1683
2026-05-02 02:00:30,699 - INFO - Epoch 50 [60/729] - Loss: 0.1675
2026-05-02 02:00:34,157 - INFO - Epoch 50 [70/729] - Loss: 0.1722
2026-05-02 02:00:37,601 - INFO - Epoch 50 [80/729] - Loss: 0.1714
2026-05-02 02:00:41,047 - INFO - Epoch 50 [90/729] - Loss: 0.1736
2026-05-02 02:00:44,503 - INFO - Epoch 50 [100/729] - Loss: 0.1795
2026-05-02 02:00:47,973 - INFO - Epoch 50 [110/729] - Loss: 0.1807
2026-05-02 02:00:51,423 - INFO - Epoch 50 [120/729] - Loss: 0.1825
2026-05-02 02:00:54,869 - INFO - Epoch 50 [130/729] - Loss: 0.1808
2026-05-02 02:00:58,313 - INFO - Epoch 50 [140/729] - Loss: 0.1794
2026-05-02 02:01:01,787 - INFO - Epoch 50 [150/729] - Loss: 0.1808
2026-05-02 02:01:05,231 - INFO - Epoch 50 [160/729] - Loss: 0.1788
2026-05-02 02:01:08,674 - INFO - Epoch 50 [170/729] - Loss: 0.1795
2026-05-02 02:01:12,149 - INFO - Epoch 50 [180/729] - Loss: 0.1805
2026-05-02 02:01:15,592 - INFO - Epoch 50 [190/729] - Loss: 0.1794
2026-05-02 02:01:19,043 - INFO - Epoch 50 [200/729] - Loss: 0.1784
2026-05-02 02:01:22,490 - INFO - Epoch 50 [210/729] - Loss: 0.1775
2026-05-02 02:01:25,937 - INFO - Epoch 50 [220/729] - Loss: 0.1779
2026-05-02 02:01:29,399 - INFO - Epoch 50 [230/729] - Loss: 0.1798
2026-05-02 02:01:32,856 - INFO - Epoch 50 [240/729] - Loss: 0.1800
2026-05-02 02:01:36,299 - INFO - Epoch 50 [250/729] - Loss: 0.1788
2026-05-02 02:01:39,748 - INFO - Epoch 50 [260/729] - Loss: 0.1768
2026-05-02 02:01:43,206 - INFO - Epoch 50 [270/729] - Loss: 0.1786
2026-05-02 02:01:46,769 - INFO - Epoch 50 [280/729] - Loss: 0.1781
2026-05-02 02:01:50,217 - INFO - Epoch 50 [290/729] - Loss: 0.1769
2026-05-02 02:01:53,679 - INFO - Epoch 50 [300/729] - Loss: 0.1774
2026-05-02 02:01:57,182 - INFO - Epoch 50 [310/729] - Loss: 0.1795
2026-05-02 02:02:00,641 - INFO - Epoch 50 [320/729] - Loss: 0.1825
2026-05-02 02:02:04,103 - INFO - Epoch 50 [330/729] - Loss: 0.1823
2026-05-02 02:02:07,553 - INFO - Epoch 50 [340/729] - Loss: 0.1815
2026-05-02 02:02:11,009 - INFO - Epoch 50 [350/729] - Loss: 0.1813
2026-05-02 02:02:14,463 - INFO - Epoch 50 [360/729] - Loss: 0.1809
2026-05-02 02:02:17,910 - INFO - Epoch 50 [370/729] - Loss: 0.1803
2026-05-02 02:02:21,353 - INFO - Epoch 50 [380/729] - Loss: 0.1794
2026-05-02 02:02:24,803 - INFO - Epoch 50 [390/729] - Loss: 0.1800
2026-05-02 02:02:28,250 - INFO - Epoch 50 [400/729] - Loss: 0.1803
2026-05-02 02:02:31,697 - INFO - Epoch 50 [410/729] - Loss: 0.1802
2026-05-02 02:02:35,147 - INFO - Epoch 50 [420/729] - Loss: 0.1794
2026-05-02 02:02:38,610 - INFO - Epoch 50 [430/729] - Loss: 0.1809
2026-05-02 02:02:42,068 - INFO - Epoch 50 [440/729] - Loss: 0.1817
2026-05-02 02:02:45,511 - INFO - Epoch 50 [450/729] - Loss: 0.1804
2026-05-02 02:02:48,972 - INFO - Epoch 50 [460/729] - Loss: 0.1805
2026-05-02 02:02:52,419 - INFO - Epoch 50 [470/729] - Loss: 0.1800
2026-05-02 02:02:55,870 - INFO - Epoch 50 [480/729] - Loss: 0.1794
2026-05-02 02:02:59,317 - INFO - Epoch 50 [490/729] - Loss: 0.1792
2026-05-02 02:03:02,782 - INFO - Epoch 50 [500/729] - Loss: 0.1792
2026-05-02 02:03:06,225 - INFO - Epoch 50 [510/729] - Loss: 0.1784
2026-05-02 02:03:09,678 - INFO - Epoch 50 [520/729] - Loss: 0.1778
2026-05-02 02:03:13,128 - INFO - Epoch 50 [530/729] - Loss: 0.1777
2026-05-02 02:03:16,597 - INFO - Epoch 50 [540/729] - Loss: 0.1776
2026-05-02 02:03:20,048 - INFO - Epoch 50 [550/729] - Loss: 0.1781
2026-05-02 02:03:23,495 - INFO - Epoch 50 [560/729] - Loss: 0.1777
2026-05-02 02:03:26,941 - INFO - Epoch 50 [570/729] - Loss: 0.1776
2026-05-02 02:03:30,390 - INFO - Epoch 50 [580/729] - Loss: 0.1769
2026-05-02 02:03:33,843 - INFO - Epoch 50 [590/729] - Loss: 0.1769
2026-05-02 02:03:37,322 - INFO - Epoch 50 [600/729] - Loss: 0.1776
2026-05-02 02:03:40,772 - INFO - Epoch 50 [610/729] - Loss: 0.1772
2026-05-02 02:03:44,218 - INFO - Epoch 50 [620/729] - Loss: 0.1767
2026-05-02 02:03:47,671 - INFO - Epoch 50 [630/729] - Loss: 0.1766
2026-05-02 02:03:51,123 - INFO - Epoch 50 [640/729] - Loss: 0.1762
2026-05-02 02:03:54,573 - INFO - Epoch 50 [650/729] - Loss: 0.1761
2026-05-02 02:03:58,028 - INFO - Epoch 50 [660/729] - Loss: 0.1759
2026-05-02 02:04:01,520 - INFO - Epoch 50 [670/729] - Loss: 0.1763
2026-05-02 02:04:04,974 - INFO - Epoch 50 [680/729] - Loss: 0.1759
2026-05-02 02:04:08,425 - INFO - Epoch 50 [690/729] - Loss: 0.1761
2026-05-02 02:04:11,874 - INFO - Epoch 50 [700/729] - Loss: 0.1762
2026-05-02 02:04:15,599 - INFO - Epoch 50 [710/729] - Loss: 0.1761
2026-05-02 02:04:19,051 - INFO - Epoch 50 [720/729] - Loss: 0.1758
2026-05-02 02:05:10,326 - INFO - VAL Epoch 50 | Loss: 0.2952 | IoU: 0.8952 | Prec: 0.8568 | F1: 0.8609 | MAPE_L: 5.46% | MAPE_W: 25.84%
2026-05-02 02:05:11,115 - INFO - Epoch 51 [0/729] - Loss: 0.1132
2026-05-02 02:05:14,547 - INFO - Epoch 51 [10/729] - Loss: 0.1519
2026-05-02 02:05:17,978 - INFO - Epoch 51 [20/729] - Loss: 0.1591
2026-05-02 02:05:21,415 - INFO - Epoch 51 [30/729] - Loss: 0.1653
2026-05-02 02:05:24,854 - INFO - Epoch 51 [40/729] - Loss: 0.1585
2026-05-02 02:05:28,279 - INFO - Epoch 51 [50/729] - Loss: 0.1520
2026-05-02 02:05:31,708 - INFO - Epoch 51 [60/729] - Loss: 0.1509
2026-05-02 02:05:35,154 - INFO - Epoch 51 [70/729] - Loss: 0.1560
2026-05-02 02:05:38,584 - INFO - Epoch 51 [80/729] - Loss: 0.1536
2026-05-02 02:05:42,016 - INFO - Epoch 51 [90/729] - Loss: 0.1556
2026-05-02 02:05:45,445 - INFO - Epoch 51 [100/729] - Loss: 0.1522
2026-05-02 02:05:48,885 - INFO - Epoch 51 [110/729] - Loss: 0.1535
2026-05-02 02:05:52,322 - INFO - Epoch 51 [120/729] - Loss: 0.1566
2026-05-02 02:05:55,756 - INFO - Epoch 51 [130/729] - Loss: 0.1550
2026-05-02 02:05:59,202 - INFO - Epoch 51 [140/729] - Loss: 0.1574
2026-05-02 02:06:02,632 - INFO - Epoch 51 [150/729] - Loss: 0.1558
2026-05-02 02:06:06,096 - INFO - Epoch 51 [160/729] - Loss: 0.1597
2026-05-02 02:06:09,524 - INFO - Epoch 51 [170/729] - Loss: 0.1580
2026-05-02 02:06:12,965 - INFO - Epoch 51 [180/729] - Loss: 0.1592
2026-05-02 02:06:16,399 - INFO - Epoch 51 [190/729] - Loss: 0.1608
2026-05-02 02:06:19,859 - INFO - Epoch 51 [200/729] - Loss: 0.1633
2026-05-02 02:06:23,291 - INFO - Epoch 51 [210/729] - Loss: 0.1621
2026-05-02 02:06:26,730 - INFO - Epoch 51 [220/729] - Loss: 0.1619
2026-05-02 02:06:30,166 - INFO - Epoch 51 [230/729] - Loss: 0.1608
2026-05-02 02:06:33,613 - INFO - Epoch 51 [240/729] - Loss: 0.1617
2026-05-02 02:06:37,062 - INFO - Epoch 51 [250/729] - Loss: 0.1625
2026-05-02 02:06:40,502 - INFO - Epoch 51 [260/729] - Loss: 0.1625
2026-05-02 02:06:43,935 - INFO - Epoch 51 [270/729] - Loss: 0.1618
2026-05-02 02:06:47,370 - INFO - Epoch 51 [280/729] - Loss: 0.1614
2026-05-02 02:06:50,816 - INFO - Epoch 51 [290/729] - Loss: 0.1619
2026-05-02 02:06:54,263 - INFO - Epoch 51 [300/729] - Loss: 0.1630
2026-05-02 02:06:57,712 - INFO - Epoch 51 [310/729] - Loss: 0.1638
2026-05-02 02:07:01,150 - INFO - Epoch 51 [320/729] - Loss: 0.1638
2026-05-02 02:07:04,591 - INFO - Epoch 51 [330/729] - Loss: 0.1635
2026-05-02 02:07:08,025 - INFO - Epoch 51 [340/729] - Loss: 0.1633
2026-05-02 02:07:11,461 - INFO - Epoch 51 [350/729] - Loss: 0.1635
2026-05-02 02:07:14,897 - INFO - Epoch 51 [360/729] - Loss: 0.1628
2026-05-02 02:07:18,331 - INFO - Epoch 51 [370/729] - Loss: 0.1622
2026-05-02 02:07:21,777 - INFO - Epoch 51 [380/729] - Loss: 0.1626
2026-05-02 02:07:25,217 - INFO - Epoch 51 [390/729] - Loss: 0.1625
2026-05-02 02:07:28,695 - INFO - Epoch 51 [400/729] - Loss: 0.1635
2026-05-02 02:07:32,142 - INFO - Epoch 51 [410/729] - Loss: 0.1639
2026-05-02 02:07:35,582 - INFO - Epoch 51 [420/729] - Loss: 0.1642
2026-05-02 02:07:39,032 - INFO - Epoch 51 [430/729] - Loss: 0.1650
2026-05-02 02:07:42,476 - INFO - Epoch 51 [440/729] - Loss: 0.1654
2026-05-02 02:07:45,933 - INFO - Epoch 51 [450/729] - Loss: 0.1658
2026-05-02 02:07:49,370 - INFO - Epoch 51 [460/729] - Loss: 0.1653
2026-05-02 02:07:52,827 - INFO - Epoch 51 [470/729] - Loss: 0.1661
2026-05-02 02:07:56,278 - INFO - Epoch 51 [480/729] - Loss: 0.1658
2026-05-02 02:07:59,718 - INFO - Epoch 51 [490/729] - Loss: 0.1659
2026-05-02 02:08:03,170 - INFO - Epoch 51 [500/729] - Loss: 0.1669
2026-05-02 02:08:06,610 - INFO - Epoch 51 [510/729] - Loss: 0.1678
2026-05-02 02:08:10,082 - INFO - Epoch 51 [520/729] - Loss: 0.1682
2026-05-02 02:08:13,523 - INFO - Epoch 51 [530/729] - Loss: 0.1679
2026-05-02 02:08:16,958 - INFO - Epoch 51 [540/729] - Loss: 0.1678
2026-05-02 02:08:20,411 - INFO - Epoch 51 [550/729] - Loss: 0.1684
2026-05-02 02:08:23,848 - INFO - Epoch 51 [560/729] - Loss: 0.1687
2026-05-02 02:08:27,296 - INFO - Epoch 51 [570/729] - Loss: 0.1688
2026-05-02 02:08:30,732 - INFO - Epoch 51 [580/729] - Loss: 0.1679
2026-05-02 02:08:34,166 - INFO - Epoch 51 [590/729] - Loss: 0.1679
2026-05-02 02:08:37,603 - INFO - Epoch 51 [600/729] - Loss: 0.1676
2026-05-02 02:08:41,048 - INFO - Epoch 51 [610/729] - Loss: 0.1680
2026-05-02 02:08:44,480 - INFO - Epoch 51 [620/729] - Loss: 0.1678
2026-05-02 02:08:47,915 - INFO - Epoch 51 [630/729] - Loss: 0.1676
2026-05-02 02:08:51,351 - INFO - Epoch 51 [640/729] - Loss: 0.1670
2026-05-02 02:08:55,487 - INFO - Epoch 51 [650/729] - Loss: 0.1679
2026-05-02 02:08:58,950 - INFO - Epoch 51 [660/729] - Loss: 0.1685
2026-05-02 02:09:02,394 - INFO - Epoch 51 [670/729] - Loss: 0.1682
2026-05-02 02:09:05,842 - INFO - Epoch 51 [680/729] - Loss: 0.1684
2026-05-02 02:09:09,283 - INFO - Epoch 51 [690/729] - Loss: 0.1686
2026-05-02 02:09:12,716 - INFO - Epoch 51 [700/729] - Loss: 0.1683
2026-05-02 02:09:16,151 - INFO - Epoch 51 [710/729] - Loss: 0.1677
2026-05-02 02:09:19,580 - INFO - Epoch 51 [720/729] - Loss: 0.1673
2026-05-02 02:10:06,125 - INFO - VAL Epoch 51 | Loss: 0.2911 | IoU: 0.8964 | Prec: 0.8630 | F1: 0.8626 | MAPE_L: 5.62% | MAPE_W: 25.57%
2026-05-02 02:10:06,979 - INFO - Epoch 52 [0/729] - Loss: 0.1901
2026-05-02 02:10:10,423 - INFO - Epoch 52 [10/729] - Loss: 0.1709
2026-05-02 02:10:13,865 - INFO - Epoch 52 [20/729] - Loss: 0.1614
2026-05-02 02:10:17,332 - INFO - Epoch 52 [30/729] - Loss: 0.1749
2026-05-02 02:10:20,786 - INFO - Epoch 52 [40/729] - Loss: 0.1799
2026-05-02 02:10:24,227 - INFO - Epoch 52 [50/729] - Loss: 0.1713
2026-05-02 02:10:27,677 - INFO - Epoch 52 [60/729] - Loss: 0.1685
2026-05-02 02:10:31,135 - INFO - Epoch 52 [70/729] - Loss: 0.1703
2026-05-02 02:10:34,609 - INFO - Epoch 52 [80/729] - Loss: 0.1749
2026-05-02 02:10:38,057 - INFO - Epoch 52 [90/729] - Loss: 0.1748
2026-05-02 02:10:41,511 - INFO - Epoch 52 [100/729] - Loss: 0.1737
2026-05-02 02:10:44,959 - INFO - Epoch 52 [110/729] - Loss: 0.1753
2026-05-02 02:10:48,409 - INFO - Epoch 52 [120/729] - Loss: 0.1770
2026-05-02 02:10:51,856 - INFO - Epoch 52 [130/729] - Loss: 0.1747
2026-05-02 02:10:55,303 - INFO - Epoch 52 [140/729] - Loss: 0.1751
2026-05-02 02:10:58,741 - INFO - Epoch 52 [150/729] - Loss: 0.1717
2026-05-02 02:11:02,200 - INFO - Epoch 52 [160/729] - Loss: 0.1723
2026-05-02 02:11:05,653 - INFO - Epoch 52 [170/729] - Loss: 0.1731
2026-05-02 02:11:09,100 - INFO - Epoch 52 [180/729] - Loss: 0.1753
2026-05-02 02:11:12,543 - INFO - Epoch 52 [190/729] - Loss: 0.1746
2026-05-02 02:11:16,000 - INFO - Epoch 52 [200/729] - Loss: 0.1762
2026-05-02 02:11:19,454 - INFO - Epoch 52 [210/729] - Loss: 0.1762
2026-05-02 02:11:22,921 - INFO - Epoch 52 [220/729] - Loss: 0.1756
2026-05-02 02:11:26,970 - INFO - Epoch 52 [230/729] - Loss: 0.1738
2026-05-02 02:11:30,410 - INFO - Epoch 52 [240/729] - Loss: 0.1722
2026-05-02 02:11:33,880 - INFO - Epoch 52 [250/729] - Loss: 0.1737
2026-05-02 02:11:37,331 - INFO - Epoch 52 [260/729] - Loss: 0.1733
2026-05-02 02:11:40,783 - INFO - Epoch 52 [270/729] - Loss: 0.1735
2026-05-02 02:11:44,242 - INFO - Epoch 52 [280/729] - Loss: 0.1739
2026-05-02 02:11:47,716 - INFO - Epoch 52 [290/729] - Loss: 0.1752
2026-05-02 02:11:51,165 - INFO - Epoch 52 [300/729] - Loss: 0.1745
2026-05-02 02:11:54,608 - INFO - Epoch 52 [310/729] - Loss: 0.1743
2026-05-02 02:11:58,053 - INFO - Epoch 52 [320/729] - Loss: 0.1740
2026-05-02 02:12:01,498 - INFO - Epoch 52 [330/729] - Loss: 0.1727
2026-05-02 02:12:04,971 - INFO - Epoch 52 [340/729] - Loss: 0.1735
2026-05-02 02:12:08,410 - INFO - Epoch 52 [350/729] - Loss: 0.1728
2026-05-02 02:12:11,855 - INFO - Epoch 52 [360/729] - Loss: 0.1713
2026-05-02 02:12:15,302 - INFO - Epoch 52 [370/729] - Loss: 0.1711
2026-05-02 02:12:18,746 - INFO - Epoch 52 [380/729] - Loss: 0.1711
2026-05-02 02:12:22,195 - INFO - Epoch 52 [390/729] - Loss: 0.1709
2026-05-02 02:12:25,636 - INFO - Epoch 52 [400/729] - Loss: 0.1699
2026-05-02 02:12:29,084 - INFO - Epoch 52 [410/729] - Loss: 0.1702
2026-05-02 02:12:32,549 - INFO - Epoch 52 [420/729] - Loss: 0.1703
2026-05-02 02:12:36,005 - INFO - Epoch 52 [430/729] - Loss: 0.1703
2026-05-02 02:12:39,457 - INFO - Epoch 52 [440/729] - Loss: 0.1702
2026-05-02 02:12:42,916 - INFO - Epoch 52 [450/729] - Loss: 0.1707
2026-05-02 02:12:46,361 - INFO - Epoch 52 [460/729] - Loss: 0.1698
2026-05-02 02:12:49,804 - INFO - Epoch 52 [470/729] - Loss: 0.1696
2026-05-02 02:12:53,281 - INFO - Epoch 52 [480/729] - Loss: 0.1694
2026-05-02 02:12:56,716 - INFO - Epoch 52 [490/729] - Loss: 0.1686
2026-05-02 02:13:00,166 - INFO - Epoch 52 [500/729] - Loss: 0.1683
2026-05-02 02:13:03,622 - INFO - Epoch 52 [510/729] - Loss: 0.1681
2026-05-02 02:13:07,065 - INFO - Epoch 52 [520/729] - Loss: 0.1680
2026-05-02 02:13:10,507 - INFO - Epoch 52 [530/729] - Loss: 0.1682
2026-05-02 02:13:13,945 - INFO - Epoch 52 [540/729] - Loss: 0.1679
2026-05-02 02:13:17,397 - INFO - Epoch 52 [550/729] - Loss: 0.1684
2026-05-02 02:13:20,842 - INFO - Epoch 52 [560/729] - Loss: 0.1682
2026-05-02 02:13:24,283 - INFO - Epoch 52 [570/729] - Loss: 0.1680
2026-05-02 02:13:27,737 - INFO - Epoch 52 [580/729] - Loss: 0.1677
2026-05-02 02:13:31,177 - INFO - Epoch 52 [590/729] - Loss: 0.1676
2026-05-02 02:13:34,613 - INFO - Epoch 52 [600/729] - Loss: 0.1672
2026-05-02 02:13:38,054 - INFO - Epoch 52 [610/729] - Loss: 0.1666
2026-05-02 02:13:41,491 - INFO - Epoch 52 [620/729] - Loss: 0.1665
2026-05-02 02:13:44,936 - INFO - Epoch 52 [630/729] - Loss: 0.1666
2026-05-02 02:13:48,378 - INFO - Epoch 52 [640/729] - Loss: 0.1664
2026-05-02 02:13:51,825 - INFO - Epoch 52 [650/729] - Loss: 0.1663
2026-05-02 02:13:55,266 - INFO - Epoch 52 [660/729] - Loss: 0.1660
2026-05-02 02:13:58,712 - INFO - Epoch 52 [670/729] - Loss: 0.1657
2026-05-02 02:14:02,172 - INFO - Epoch 52 [680/729] - Loss: 0.1662
2026-05-02 02:14:05,622 - INFO - Epoch 52 [690/729] - Loss: 0.1670
2026-05-02 02:14:09,067 - INFO - Epoch 52 [700/729] - Loss: 0.1667
2026-05-02 02:14:12,505 - INFO - Epoch 52 [710/729] - Loss: 0.1666
2026-05-02 02:14:15,943 - INFO - Epoch 52 [720/729] - Loss: 0.1663
2026-05-02 02:15:02,714 - INFO - VAL Epoch 52 | Loss: 0.3028 | IoU: 0.8934 | Prec: 0.8915 | F1: 0.8699 | MAPE_L: 5.66% | MAPE_W: 25.59%
2026-05-02 02:15:03,082 - INFO -     [!] New Best Model Saved!
2026-05-02 02:15:03,819 - INFO - Epoch 53 [0/729] - Loss: 0.2667
2026-05-02 02:15:07,272 - INFO - Epoch 53 [10/729] - Loss: 0.1818
2026-05-02 02:15:10,725 - INFO - Epoch 53 [20/729] - Loss: 0.1713
2026-05-02 02:15:14,188 - INFO - Epoch 53 [30/729] - Loss: 0.1673
2026-05-02 02:15:17,640 - INFO - Epoch 53 [40/729] - Loss: 0.1557
2026-05-02 02:15:21,093 - INFO - Epoch 53 [50/729] - Loss: 0.1542
2026-05-02 02:15:24,553 - INFO - Epoch 53 [60/729] - Loss: 0.1548
2026-05-02 02:15:28,035 - INFO - Epoch 53 [70/729] - Loss: 0.1661
2026-05-02 02:15:31,489 - INFO - Epoch 53 [80/729] - Loss: 0.1637
2026-05-02 02:15:34,980 - INFO - Epoch 53 [90/729] - Loss: 0.1653
2026-05-02 02:15:38,438 - INFO - Epoch 53 [100/729] - Loss: 0.1637
2026-05-02 02:15:41,894 - INFO - Epoch 53 [110/729] - Loss: 0.1621
2026-05-02 02:15:45,352 - INFO - Epoch 53 [120/729] - Loss: 0.1619
2026-05-02 02:15:48,819 - INFO - Epoch 53 [130/729] - Loss: 0.1619
2026-05-02 02:15:52,271 - INFO - Epoch 53 [140/729] - Loss: 0.1600
2026-05-02 02:15:55,720 - INFO - Epoch 53 [150/729] - Loss: 0.1584
2026-05-02 02:15:59,178 - INFO - Epoch 53 [160/729] - Loss: 0.1593
2026-05-02 02:16:02,661 - INFO - Epoch 53 [170/729] - Loss: 0.1611
2026-05-02 02:16:06,113 - INFO - Epoch 53 [180/729] - Loss: 0.1597
2026-05-02 02:16:09,563 - INFO - Epoch 53 [190/729] - Loss: 0.1602
2026-05-02 02:16:13,022 - INFO - Epoch 53 [200/729] - Loss: 0.1600
2026-05-02 02:16:16,484 - INFO - Epoch 53 [210/729] - Loss: 0.1613
2026-05-02 02:16:19,934 - INFO - Epoch 53 [220/729] - Loss: 0.1600
2026-05-02 02:16:23,415 - INFO - Epoch 53 [230/729] - Loss: 0.1610
2026-05-02 02:16:26,869 - INFO - Epoch 53 [240/729] - Loss: 0.1614
2026-05-02 02:16:30,322 - INFO - Epoch 53 [250/729] - Loss: 0.1608
2026-05-02 02:16:33,789 - INFO - Epoch 53 [260/729] - Loss: 0.1612
2026-05-02 02:16:37,249 - INFO - Epoch 53 [270/729] - Loss: 0.1614
2026-05-02 02:16:40,694 - INFO - Epoch 53 [280/729] - Loss: 0.1601
2026-05-02 02:16:44,151 - INFO - Epoch 53 [290/729] - Loss: 0.1596
2026-05-02 02:16:47,600 - INFO - Epoch 53 [300/729] - Loss: 0.1586
2026-05-02 02:16:51,053 - INFO - Epoch 53 [310/729] - Loss: 0.1576
2026-05-02 02:16:54,515 - INFO - Epoch 53 [320/729] - Loss: 0.1590
2026-05-02 02:16:57,987 - INFO - Epoch 53 [330/729] - Loss: 0.1589
2026-05-02 02:17:01,447 - INFO - Epoch 53 [340/729] - Loss: 0.1593
2026-05-02 02:17:04,917 - INFO - Epoch 53 [350/729] - Loss: 0.1603
2026-05-02 02:17:08,376 - INFO - Epoch 53 [360/729] - Loss: 0.1601
2026-05-02 02:17:11,830 - INFO - Epoch 53 [370/729] - Loss: 0.1596
2026-05-02 02:17:15,287 - INFO - Epoch 53 [380/729] - Loss: 0.1594
2026-05-02 02:17:18,743 - INFO - Epoch 53 [390/729] - Loss: 0.1586
2026-05-02 02:17:22,199 - INFO - Epoch 53 [400/729] - Loss: 0.1585
2026-05-02 02:17:25,651 - INFO - Epoch 53 [410/729] - Loss: 0.1586
2026-05-02 02:17:29,112 - INFO - Epoch 53 [420/729] - Loss: 0.1590
2026-05-02 02:17:32,566 - INFO - Epoch 53 [430/729] - Loss: 0.1588
2026-05-02 02:17:36,027 - INFO - Epoch 53 [440/729] - Loss: 0.1594
2026-05-02 02:17:39,481 - INFO - Epoch 53 [450/729] - Loss: 0.1593
2026-05-02 02:17:42,939 - INFO - Epoch 53 [460/729] - Loss: 0.1599
2026-05-02 02:17:46,390 - INFO - Epoch 53 [470/729] - Loss: 0.1593
2026-05-02 02:17:49,856 - INFO - Epoch 53 [480/729] - Loss: 0.1612
2026-05-02 02:17:53,320 - INFO - Epoch 53 [490/729] - Loss: 0.1612
2026-05-02 02:17:56,775 - INFO - Epoch 53 [500/729] - Loss: 0.1610
2026-05-02 02:18:00,236 - INFO - Epoch 53 [510/729] - Loss: 0.1618
2026-05-02 02:18:03,701 - INFO - Epoch 53 [520/729] - Loss: 0.1620
2026-05-02 02:18:07,172 - INFO - Epoch 53 [530/729] - Loss: 0.1626
2026-05-02 02:18:10,628 - INFO - Epoch 53 [540/729] - Loss: 0.1623
2026-05-02 02:18:14,086 - INFO - Epoch 53 [550/729] - Loss: 0.1628
2026-05-02 02:18:17,560 - INFO - Epoch 53 [560/729] - Loss: 0.1632
2026-05-02 02:18:21,008 - INFO - Epoch 53 [570/729] - Loss: 0.1625
2026-05-02 02:18:24,471 - INFO - Epoch 53 [580/729] - Loss: 0.1623
2026-05-02 02:18:27,941 - INFO - Epoch 53 [590/729] - Loss: 0.1628
2026-05-02 02:18:31,534 - INFO - Epoch 53 [600/729] - Loss: 0.1631
2026-05-02 02:18:34,994 - INFO - Epoch 53 [610/729] - Loss: 0.1626
2026-05-02 02:18:38,471 - INFO - Epoch 53 [620/729] - Loss: 0.1636
2026-05-02 02:18:41,931 - INFO - Epoch 53 [630/729] - Loss: 0.1638
2026-05-02 02:18:45,390 - INFO - Epoch 53 [640/729] - Loss: 0.1636
2026-05-02 02:18:48,844 - INFO - Epoch 53 [650/729] - Loss: 0.1634
2026-05-02 02:18:52,300 - INFO - Epoch 53 [660/729] - Loss: 0.1631
2026-05-02 02:18:55,760 - INFO - Epoch 53 [670/729] - Loss: 0.1635
2026-05-02 02:18:59,235 - INFO - Epoch 53 [680/729] - Loss: 0.1637
2026-05-02 02:19:02,715 - INFO - Epoch 53 [690/729] - Loss: 0.1637
2026-05-02 02:19:06,183 - INFO - Epoch 53 [700/729] - Loss: 0.1636
2026-05-02 02:19:09,647 - INFO - Epoch 53 [710/729] - Loss: 0.1639
2026-05-02 02:19:13,138 - INFO - Epoch 53 [720/729] - Loss: 0.1640
2026-05-02 02:20:09,816 - INFO - VAL Epoch 53 | Loss: 0.2909 | IoU: 0.8947 | Prec: 0.8349 | F1: 0.8559 | MAPE_L: 5.47% | MAPE_W: 25.79%
2026-05-02 02:20:10,622 - INFO - Epoch 54 [0/729] - Loss: 0.1252
2026-05-02 02:20:14,077 - INFO - Epoch 54 [10/729] - Loss: 0.1630
2026-05-02 02:20:17,541 - INFO - Epoch 54 [20/729] - Loss: 0.1763
2026-05-02 02:20:20,993 - INFO - Epoch 54 [30/729] - Loss: 0.1668
2026-05-02 02:20:24,459 - INFO - Epoch 54 [40/729] - Loss: 0.1679
2026-05-02 02:20:27,925 - INFO - Epoch 54 [50/729] - Loss: 0.1766
2026-05-02 02:20:31,395 - INFO - Epoch 54 [60/729] - Loss: 0.1860
2026-05-02 02:20:34,857 - INFO - Epoch 54 [70/729] - Loss: 0.1877
2026-05-02 02:20:38,314 - INFO - Epoch 54 [80/729] - Loss: 0.1902
2026-05-02 02:20:41,762 - INFO - Epoch 54 [90/729] - Loss: 0.1849
2026-05-02 02:20:45,220 - INFO - Epoch 54 [100/729] - Loss: 0.1830
2026-05-02 02:20:48,667 - INFO - Epoch 54 [110/729] - Loss: 0.1800
2026-05-02 02:20:52,120 - INFO - Epoch 54 [120/729] - Loss: 0.1778
2026-05-02 02:20:55,578 - INFO - Epoch 54 [130/729] - Loss: 0.1763
2026-05-02 02:20:59,029 - INFO - Epoch 54 [140/729] - Loss: 0.1747
2026-05-02 02:21:02,483 - INFO - Epoch 54 [150/729] - Loss: 0.1747
2026-05-02 02:21:05,944 - INFO - Epoch 54 [160/729] - Loss: 0.1761
2026-05-02 02:21:09,395 - INFO - Epoch 54 [170/729] - Loss: 0.1744
2026-05-02 02:21:12,881 - INFO - Epoch 54 [180/729] - Loss: 0.1749
2026-05-02 02:21:16,339 - INFO - Epoch 54 [190/729] - Loss: 0.1747
2026-05-02 02:21:19,791 - INFO - Epoch 54 [200/729] - Loss: 0.1717
2026-05-02 02:21:23,245 - INFO - Epoch 54 [210/729] - Loss: 0.1707
2026-05-02 02:21:26,701 - INFO - Epoch 54 [220/729] - Loss: 0.1708
2026-05-02 02:21:30,182 - INFO - Epoch 54 [230/729] - Loss: 0.1696
2026-05-02 02:21:33,633 - INFO - Epoch 54 [240/729] - Loss: 0.1692
2026-05-02 02:21:37,080 - INFO - Epoch 54 [250/729] - Loss: 0.1680
2026-05-02 02:21:40,539 - INFO - Epoch 54 [260/729] - Loss: 0.1679
2026-05-02 02:21:44,004 - INFO - Epoch 54 [270/729] - Loss: 0.1682
2026-05-02 02:21:47,451 - INFO - Epoch 54 [280/729] - Loss: 0.1661
2026-05-02 02:21:50,907 - INFO - Epoch 54 [290/729] - Loss: 0.1657
2026-05-02 02:21:54,361 - INFO - Epoch 54 [300/729] - Loss: 0.1656
2026-05-02 02:21:57,814 - INFO - Epoch 54 [310/729] - Loss: 0.1657
2026-05-02 02:22:01,276 - INFO - Epoch 54 [320/729] - Loss: 0.1656
2026-05-02 02:22:04,732 - INFO - Epoch 54 [330/729] - Loss: 0.1658
2026-05-02 02:22:08,181 - INFO - Epoch 54 [340/729] - Loss: 0.1661
2026-05-02 02:22:11,686 - INFO - Epoch 54 [350/729] - Loss: 0.1646
2026-05-02 02:22:15,140 - INFO - Epoch 54 [360/729] - Loss: 0.1639
2026-05-02 02:22:18,603 - INFO - Epoch 54 [370/729] - Loss: 0.1642
2026-05-02 02:22:22,058 - INFO - Epoch 54 [380/729] - Loss: 0.1643
2026-05-02 02:22:25,516 - INFO - Epoch 54 [390/729] - Loss: 0.1640
2026-05-02 02:22:28,975 - INFO - Epoch 54 [400/729] - Loss: 0.1643
2026-05-02 02:22:32,436 - INFO - Epoch 54 [410/729] - Loss: 0.1645
2026-05-02 02:22:35,918 - INFO - Epoch 54 [420/729] - Loss: 0.1660
2026-05-02 02:22:39,373 - INFO - Epoch 54 [430/729] - Loss: 0.1659
2026-05-02 02:22:42,858 - INFO - Epoch 54 [440/729] - Loss: 0.1669
2026-05-02 02:22:46,311 - INFO - Epoch 54 [450/729] - Loss: 0.1663
2026-05-02 02:22:49,757 - INFO - Epoch 54 [460/729] - Loss: 0.1654
2026-05-02 02:22:53,202 - INFO - Epoch 54 [470/729] - Loss: 0.1649
2026-05-02 02:22:56,656 - INFO - Epoch 54 [480/729] - Loss: 0.1643
2026-05-02 02:23:00,116 - INFO - Epoch 54 [490/729] - Loss: 0.1641
2026-05-02 02:23:03,565 - INFO - Epoch 54 [500/729] - Loss: 0.1636
2026-05-02 02:23:07,014 - INFO - Epoch 54 [510/729] - Loss: 0.1627
2026-05-02 02:23:10,476 - INFO - Epoch 54 [520/729] - Loss: 0.1627
2026-05-02 02:23:13,938 - INFO - Epoch 54 [530/729] - Loss: 0.1623
2026-05-02 02:23:17,388 - INFO - Epoch 54 [540/729] - Loss: 0.1621
2026-05-02 02:23:20,855 - INFO - Epoch 54 [550/729] - Loss: 0.1624
2026-05-02 02:23:24,311 - INFO - Epoch 54 [560/729] - Loss: 0.1622
2026-05-02 02:23:27,756 - INFO - Epoch 54 [570/729] - Loss: 0.1614
2026-05-02 02:23:31,216 - INFO - Epoch 54 [580/729] - Loss: 0.1615
2026-05-02 02:23:34,682 - INFO - Epoch 54 [590/729] - Loss: 0.1615
2026-05-02 02:23:38,156 - INFO - Epoch 54 [600/729] - Loss: 0.1615
2026-05-02 02:23:41,617 - INFO - Epoch 54 [610/729] - Loss: 0.1614
2026-05-02 02:23:45,071 - INFO - Epoch 54 [620/729] - Loss: 0.1614
2026-05-02 02:23:48,522 - INFO - Epoch 54 [630/729] - Loss: 0.1616
2026-05-02 02:23:52,006 - INFO - Epoch 54 [640/729] - Loss: 0.1621
2026-05-02 02:23:55,461 - INFO - Epoch 54 [650/729] - Loss: 0.1623
2026-05-02 02:23:58,907 - INFO - Epoch 54 [660/729] - Loss: 0.1620
2026-05-02 02:24:02,357 - INFO - Epoch 54 [670/729] - Loss: 0.1618
2026-05-02 02:24:05,815 - INFO - Epoch 54 [680/729] - Loss: 0.1616
2026-05-02 02:24:09,261 - INFO - Epoch 54 [690/729] - Loss: 0.1614
2026-05-02 02:24:12,718 - INFO - Epoch 54 [700/729] - Loss: 0.1614
2026-05-02 02:24:16,168 - INFO - Epoch 54 [710/729] - Loss: 0.1620
2026-05-02 02:24:19,626 - INFO - Epoch 54 [720/729] - Loss: 0.1624
2026-05-02 02:25:06,620 - INFO - VAL Epoch 54 | Loss: 0.2890 | IoU: 0.8940 | Prec: 0.8601 | F1: 0.8644 | MAPE_L: 5.18% | MAPE_W: 25.48%
2026-05-02 02:25:07,382 - INFO - Epoch 55 [0/729] - Loss: 0.2010
2026-05-02 02:25:10,815 - INFO - Epoch 55 [10/729] - Loss: 0.1269
2026-05-02 02:25:14,252 - INFO - Epoch 55 [20/729] - Loss: 0.1369
2026-05-02 02:25:17,691 - INFO - Epoch 55 [30/729] - Loss: 0.1367
2026-05-02 02:25:21,132 - INFO - Epoch 55 [40/729] - Loss: 0.1379
2026-05-02 02:25:24,569 - INFO - Epoch 55 [50/729] - Loss: 0.1381
2026-05-02 02:25:28,009 - INFO - Epoch 55 [60/729] - Loss: 0.1384
2026-05-02 02:25:31,464 - INFO - Epoch 55 [70/729] - Loss: 0.1477
2026-05-02 02:25:34,913 - INFO - Epoch 55 [80/729] - Loss: 0.1516
2026-05-02 02:25:38,346 - INFO - Epoch 55 [90/729] - Loss: 0.1503
2026-05-02 02:25:41,792 - INFO - Epoch 55 [100/729] - Loss: 0.1489
2026-05-02 02:25:45,230 - INFO - Epoch 55 [110/729] - Loss: 0.1494
2026-05-02 02:25:48,670 - INFO - Epoch 55 [120/729] - Loss: 0.1488
2026-05-02 02:25:52,109 - INFO - Epoch 55 [130/729] - Loss: 0.1500
2026-05-02 02:25:55,556 - INFO - Epoch 55 [140/729] - Loss: 0.1525
2026-05-02 02:25:58,992 - INFO - Epoch 55 [150/729] - Loss: 0.1539
2026-05-02 02:26:02,446 - INFO - Epoch 55 [160/729] - Loss: 0.1528
2026-05-02 02:26:05,882 - INFO - Epoch 55 [170/729] - Loss: 0.1525
2026-05-02 02:26:09,322 - INFO - Epoch 55 [180/729] - Loss: 0.1535
2026-05-02 02:26:12,785 - INFO - Epoch 55 [190/729] - Loss: 0.1533
2026-05-02 02:26:16,228 - INFO - Epoch 55 [200/729] - Loss: 0.1544
2026-05-02 02:26:19,659 - INFO - Epoch 55 [210/729] - Loss: 0.1532
2026-05-02 02:26:23,112 - INFO - Epoch 55 [220/729] - Loss: 0.1519
2026-05-02 02:26:26,550 - INFO - Epoch 55 [230/729] - Loss: 0.1508
2026-05-02 02:26:29,994 - INFO - Epoch 55 [240/729] - Loss: 0.1508
2026-05-02 02:26:33,430 - INFO - Epoch 55 [250/729] - Loss: 0.1510
2026-05-02 02:26:36,871 - INFO - Epoch 55 [260/729] - Loss: 0.1509
2026-05-02 02:26:40,301 - INFO - Epoch 55 [270/729] - Loss: 0.1495
2026-05-02 02:26:43,738 - INFO - Epoch 55 [280/729] - Loss: 0.1504
2026-05-02 02:26:47,190 - INFO - Epoch 55 [290/729] - Loss: 0.1518
2026-05-02 02:26:50,645 - INFO - Epoch 55 [300/729] - Loss: 0.1541
2026-05-02 02:26:54,080 - INFO - Epoch 55 [310/729] - Loss: 0.1540
2026-05-02 02:26:57,533 - INFO - Epoch 55 [320/729] - Loss: 0.1544
2026-05-02 02:27:00,966 - INFO - Epoch 55 [330/729] - Loss: 0.1533
2026-05-02 02:27:04,403 - INFO - Epoch 55 [340/729] - Loss: 0.1532
2026-05-02 02:27:07,835 - INFO - Epoch 55 [350/729] - Loss: 0.1525
2026-05-02 02:27:11,275 - INFO - Epoch 55 [360/729] - Loss: 0.1528
2026-05-02 02:27:14,750 - INFO - Epoch 55 [370/729] - Loss: 0.1540
2026-05-02 02:27:18,188 - INFO - Epoch 55 [380/729] - Loss: 0.1538
2026-05-02 02:27:21,623 - INFO - Epoch 55 [390/729] - Loss: 0.1535
2026-05-02 02:27:25,067 - INFO - Epoch 55 [400/729] - Loss: 0.1542
2026-05-02 02:27:28,513 - INFO - Epoch 55 [410/729] - Loss: 0.1544
2026-05-02 02:27:31,990 - INFO - Epoch 55 [420/729] - Loss: 0.1555
2026-05-02 02:27:35,444 - INFO - Epoch 55 [430/729] - Loss: 0.1562
2026-05-02 02:27:38,899 - INFO - Epoch 55 [440/729] - Loss: 0.1563
2026-05-02 02:27:42,340 - INFO - Epoch 55 [450/729] - Loss: 0.1560
2026-05-02 02:27:45,777 - INFO - Epoch 55 [460/729] - Loss: 0.1555
2026-05-02 02:27:49,225 - INFO - Epoch 55 [470/729] - Loss: 0.1566
2026-05-02 02:27:52,669 - INFO - Epoch 55 [480/729] - Loss: 0.1567
2026-05-02 02:27:56,102 - INFO - Epoch 55 [490/729] - Loss: 0.1565
2026-05-02 02:27:59,541 - INFO - Epoch 55 [500/729] - Loss: 0.1566
2026-05-02 02:28:02,991 - INFO - Epoch 55 [510/729] - Loss: 0.1566
2026-05-02 02:28:06,444 - INFO - Epoch 55 [520/729] - Loss: 0.1567
2026-05-02 02:28:09,881 - INFO - Epoch 55 [530/729] - Loss: 0.1564
2026-05-02 02:28:13,324 - INFO - Epoch 55 [540/729] - Loss: 0.1566
2026-05-02 02:28:16,764 - INFO - Epoch 55 [550/729] - Loss: 0.1561
2026-05-02 02:28:20,211 - INFO - Epoch 55 [560/729] - Loss: 0.1565
2026-05-02 02:28:23,662 - INFO - Epoch 55 [570/729] - Loss: 0.1570
2026-05-02 02:28:27,099 - INFO - Epoch 55 [580/729] - Loss: 0.1568
2026-05-02 02:28:30,570 - INFO - Epoch 55 [590/729] - Loss: 0.1572
2026-05-02 02:28:34,005 - INFO - Epoch 55 [600/729] - Loss: 0.1571
2026-05-02 02:28:37,454 - INFO - Epoch 55 [610/729] - Loss: 0.1573
2026-05-02 02:28:40,891 - INFO - Epoch 55 [620/729] - Loss: 0.1571
2026-05-02 02:28:44,334 - INFO - Epoch 55 [630/729] - Loss: 0.1573
2026-05-02 02:28:47,774 - INFO - Epoch 55 [640/729] - Loss: 0.1573
2026-05-02 02:28:51,239 - INFO - Epoch 55 [650/729] - Loss: 0.1581
2026-05-02 02:28:54,676 - INFO - Epoch 55 [660/729] - Loss: 0.1579
2026-05-02 02:28:58,117 - INFO - Epoch 55 [670/729] - Loss: 0.1580
2026-05-02 02:29:01,565 - INFO - Epoch 55 [680/729] - Loss: 0.1575
2026-05-02 02:29:05,009 - INFO - Epoch 55 [690/729] - Loss: 0.1575
2026-05-02 02:29:08,443 - INFO - Epoch 55 [700/729] - Loss: 0.1570
2026-05-02 02:29:11,891 - INFO - Epoch 55 [710/729] - Loss: 0.1566
2026-05-02 02:29:15,334 - INFO - Epoch 55 [720/729] - Loss: 0.1567
2026-05-02 02:30:02,144 - INFO - VAL Epoch 55 | Loss: 0.2872 | IoU: 0.8992 | Prec: 0.8565 | F1: 0.8646 | MAPE_L: 5.34% | MAPE_W: 25.50%
2026-05-02 02:30:02,908 - INFO - Epoch 56 [0/729] - Loss: 0.0754
2026-05-02 02:30:06,349 - INFO - Epoch 56 [10/729] - Loss: 0.1227
2026-05-02 02:30:09,800 - INFO - Epoch 56 [20/729] - Loss: 0.1338
2026-05-02 02:30:13,243 - INFO - Epoch 56 [30/729] - Loss: 0.1358
2026-05-02 02:30:16,697 - INFO - Epoch 56 [40/729] - Loss: 0.1347
2026-05-02 02:30:20,141 - INFO - Epoch 56 [50/729] - Loss: 0.1342
2026-05-02 02:30:23,584 - INFO - Epoch 56 [60/729] - Loss: 0.1338
2026-05-02 02:30:27,035 - INFO - Epoch 56 [70/729] - Loss: 0.1387
2026-05-02 02:30:30,516 - INFO - Epoch 56 [80/729] - Loss: 0.1435
2026-05-02 02:30:33,956 - INFO - Epoch 56 [90/729] - Loss: 0.1414
2026-05-02 02:30:37,402 - INFO - Epoch 56 [100/729] - Loss: 0.1399
2026-05-02 02:30:40,885 - INFO - Epoch 56 [110/729] - Loss: 0.1439
2026-05-02 02:30:44,328 - INFO - Epoch 56 [120/729] - Loss: 0.1444
2026-05-02 02:30:47,774 - INFO - Epoch 56 [130/729] - Loss: 0.1455
2026-05-02 02:30:51,219 - INFO - Epoch 56 [140/729] - Loss: 0.1474
2026-05-02 02:30:54,665 - INFO - Epoch 56 [150/729] - Loss: 0.1486
2026-05-02 02:30:58,123 - INFO - Epoch 56 [160/729] - Loss: 0.1493
2026-05-02 02:31:01,573 - INFO - Epoch 56 [170/729] - Loss: 0.1486
2026-05-02 02:31:05,020 - INFO - Epoch 56 [180/729] - Loss: 0.1485
2026-05-02 02:31:08,467 - INFO - Epoch 56 [190/729] - Loss: 0.1508
2026-05-02 02:31:11,930 - INFO - Epoch 56 [200/729] - Loss: 0.1535
2026-05-02 02:31:15,370 - INFO - Epoch 56 [210/729] - Loss: 0.1530
2026-05-02 02:31:18,812 - INFO - Epoch 56 [220/729] - Loss: 0.1527
2026-05-02 02:31:22,263 - INFO - Epoch 56 [230/729] - Loss: 0.1539
2026-05-02 02:31:25,704 - INFO - Epoch 56 [240/729] - Loss: 0.1537
2026-05-02 02:31:29,158 - INFO - Epoch 56 [250/729] - Loss: 0.1540
2026-05-02 02:31:33,521 - INFO - Epoch 56 [260/729] - Loss: 0.1569
2026-05-02 02:31:36,968 - INFO - Epoch 56 [270/729] - Loss: 0.1563
2026-05-02 02:31:40,418 - INFO - Epoch 56 [280/729] - Loss: 0.1564
2026-05-02 02:31:43,884 - INFO - Epoch 56 [290/729] - Loss: 0.1570
2026-05-02 02:31:47,340 - INFO - Epoch 56 [300/729] - Loss: 0.1572
2026-05-02 02:31:50,787 - INFO - Epoch 56 [310/729] - Loss: 0.1568
2026-05-02 02:31:54,245 - INFO - Epoch 56 [320/729] - Loss: 0.1578
2026-05-02 02:31:57,703 - INFO - Epoch 56 [330/729] - Loss: 0.1577
2026-05-02 02:32:01,154 - INFO - Epoch 56 [340/729] - Loss: 0.1580
2026-05-02 02:32:04,604 - INFO - Epoch 56 [350/729] - Loss: 0.1571
2026-05-02 02:32:08,057 - INFO - Epoch 56 [360/729] - Loss: 0.1569
2026-05-02 02:32:11,511 - INFO - Epoch 56 [370/729] - Loss: 0.1571
2026-05-02 02:32:14,966 - INFO - Epoch 56 [380/729] - Loss: 0.1574
2026-05-02 02:32:18,420 - INFO - Epoch 56 [390/729] - Loss: 0.1569
2026-05-02 02:32:21,879 - INFO - Epoch 56 [400/729] - Loss: 0.1582
2026-05-02 02:32:25,331 - INFO - Epoch 56 [410/729] - Loss: 0.1577
2026-05-02 02:32:28,786 - INFO - Epoch 56 [420/729] - Loss: 0.1578
2026-05-02 02:32:32,235 - INFO - Epoch 56 [430/729] - Loss: 0.1574
2026-05-02 02:32:35,723 - INFO - Epoch 56 [440/729] - Loss: 0.1583
2026-05-02 02:32:39,388 - INFO - Epoch 56 [450/729] - Loss: 0.1578
2026-05-02 02:32:42,869 - INFO - Epoch 56 [460/729] - Loss: 0.1578
2026-05-02 02:32:46,317 - INFO - Epoch 56 [470/729] - Loss: 0.1578
2026-05-02 02:32:49,766 - INFO - Epoch 56 [480/729] - Loss: 0.1569
2026-05-02 02:32:53,212 - INFO - Epoch 56 [490/729] - Loss: 0.1565
2026-05-02 02:32:56,659 - INFO - Epoch 56 [500/729] - Loss: 0.1561
2026-05-02 02:33:00,115 - INFO - Epoch 56 [510/729] - Loss: 0.1562
2026-05-02 02:33:03,571 - INFO - Epoch 56 [520/729] - Loss: 0.1559
2026-05-02 02:33:07,019 - INFO - Epoch 56 [530/729] - Loss: 0.1556
2026-05-02 02:33:10,463 - INFO - Epoch 56 [540/729] - Loss: 0.1555
2026-05-02 02:33:13,905 - INFO - Epoch 56 [550/729] - Loss: 0.1548
2026-05-02 02:33:17,360 - INFO - Epoch 56 [560/729] - Loss: 0.1546
2026-05-02 02:33:20,804 - INFO - Epoch 56 [570/729] - Loss: 0.1548
2026-05-02 02:33:24,248 - INFO - Epoch 56 [580/729] - Loss: 0.1543
2026-05-02 02:33:27,691 - INFO - Epoch 56 [590/729] - Loss: 0.1541
2026-05-02 02:33:31,144 - INFO - Epoch 56 [600/729] - Loss: 0.1541
2026-05-02 02:33:34,590 - INFO - Epoch 56 [610/729] - Loss: 0.1536
2026-05-02 02:33:38,034 - INFO - Epoch 56 [620/729] - Loss: 0.1538
2026-05-02 02:33:41,494 - INFO - Epoch 56 [630/729] - Loss: 0.1542
2026-05-02 02:33:44,972 - INFO - Epoch 56 [640/729] - Loss: 0.1546
2026-05-02 02:33:48,419 - INFO - Epoch 56 [650/729] - Loss: 0.1543
2026-05-02 02:33:51,868 - INFO - Epoch 56 [660/729] - Loss: 0.1543
2026-05-02 02:33:55,321 - INFO - Epoch 56 [670/729] - Loss: 0.1543
2026-05-02 02:33:58,797 - INFO - Epoch 56 [680/729] - Loss: 0.1548
2026-05-02 02:34:02,250 - INFO - Epoch 56 [690/729] - Loss: 0.1549
2026-05-02 02:34:05,696 - INFO - Epoch 56 [700/729] - Loss: 0.1549
2026-05-02 02:34:09,145 - INFO - Epoch 56 [710/729] - Loss: 0.1546
2026-05-02 02:34:12,591 - INFO - Epoch 56 [720/729] - Loss: 0.1545
2026-05-02 02:34:58,934 - INFO - VAL Epoch 56 | Loss: 0.2887 | IoU: 0.8966 | Prec: 0.8548 | F1: 0.8649 | MAPE_L: 5.37% | MAPE_W: 25.73%
2026-05-02 02:34:59,646 - INFO - Epoch 57 [0/729] - Loss: 0.1494
2026-05-02 02:35:03,102 - INFO - Epoch 57 [10/729] - Loss: 0.1637
2026-05-02 02:35:06,541 - INFO - Epoch 57 [20/729] - Loss: 0.1556
2026-05-02 02:35:09,988 - INFO - Epoch 57 [30/729] - Loss: 0.1579
2026-05-02 02:35:13,435 - INFO - Epoch 57 [40/729] - Loss: 0.1593
2026-05-02 02:35:16,882 - INFO - Epoch 57 [50/729] - Loss: 0.1609
2026-05-02 02:35:20,324 - INFO - Epoch 57 [60/729] - Loss: 0.1538
2026-05-02 02:35:23,768 - INFO - Epoch 57 [70/729] - Loss: 0.1525
2026-05-02 02:35:27,207 - INFO - Epoch 57 [80/729] - Loss: 0.1504
2026-05-02 02:35:30,645 - INFO - Epoch 57 [90/729] - Loss: 0.1479
2026-05-02 02:35:34,089 - INFO - Epoch 57 [100/729] - Loss: 0.1491
2026-05-02 02:35:37,531 - INFO - Epoch 57 [110/729] - Loss: 0.1496
2026-05-02 02:35:40,972 - INFO - Epoch 57 [120/729] - Loss: 0.1545
2026-05-02 02:35:44,417 - INFO - Epoch 57 [130/729] - Loss: 0.1548
2026-05-02 02:35:47,857 - INFO - Epoch 57 [140/729] - Loss: 0.1537
2026-05-02 02:35:51,293 - INFO - Epoch 57 [150/729] - Loss: 0.1532
2026-05-02 02:35:54,740 - INFO - Epoch 57 [160/729] - Loss: 0.1539
2026-05-02 02:35:58,179 - INFO - Epoch 57 [170/729] - Loss: 0.1533
2026-05-02 02:36:01,618 - INFO - Epoch 57 [180/729] - Loss: 0.1510
2026-05-02 02:36:05,092 - INFO - Epoch 57 [190/729] - Loss: 0.1514
2026-05-02 02:36:08,545 - INFO - Epoch 57 [200/729] - Loss: 0.1527
2026-05-02 02:36:11,980 - INFO - Epoch 57 [210/729] - Loss: 0.1517
2026-05-02 02:36:15,431 - INFO - Epoch 57 [220/729] - Loss: 0.1524
2026-05-02 02:36:18,871 - INFO - Epoch 57 [230/729] - Loss: 0.1514
2026-05-02 02:36:22,307 - INFO - Epoch 57 [240/729] - Loss: 0.1503
2026-05-02 02:36:25,743 - INFO - Epoch 57 [250/729] - Loss: 0.1515
2026-05-02 02:36:29,186 - INFO - Epoch 57 [260/729] - Loss: 0.1509
2026-05-02 02:36:32,631 - INFO - Epoch 57 [270/729] - Loss: 0.1520
2026-05-02 02:36:36,072 - INFO - Epoch 57 [280/729] - Loss: 0.1520
2026-05-02 02:36:39,510 - INFO - Epoch 57 [290/729] - Loss: 0.1531
2026-05-02 02:36:42,944 - INFO - Epoch 57 [300/729] - Loss: 0.1524
2026-05-02 02:36:46,379 - INFO - Epoch 57 [310/729] - Loss: 0.1529
2026-05-02 02:36:49,841 - INFO - Epoch 57 [320/729] - Loss: 0.1543
2026-05-02 02:36:53,288 - INFO - Epoch 57 [330/729] - Loss: 0.1549
2026-05-02 02:36:56,723 - INFO - Epoch 57 [340/729] - Loss: 0.1540
2026-05-02 02:37:00,170 - INFO - Epoch 57 [350/729] - Loss: 0.1548
2026-05-02 02:37:03,628 - INFO - Epoch 57 [360/729] - Loss: 0.1547
2026-05-02 02:37:07,070 - INFO - Epoch 57 [370/729] - Loss: 0.1544
2026-05-02 02:37:11,710 - INFO - Epoch 57 [380/729] - Loss: 0.1543
2026-05-02 02:37:15,179 - INFO - Epoch 57 [390/729] - Loss: 0.1554
2026-05-02 02:37:18,616 - INFO - Epoch 57 [400/729] - Loss: 0.1551
2026-05-02 02:37:22,057 - INFO - Epoch 57 [410/729] - Loss: 0.1554
2026-05-02 02:37:25,525 - INFO - Epoch 57 [420/729] - Loss: 0.1555
2026-05-02 02:37:28,967 - INFO - Epoch 57 [430/729] - Loss: 0.1559
2026-05-02 02:37:32,404 - INFO - Epoch 57 [440/729] - Loss: 0.1550
2026-05-02 02:37:35,846 - INFO - Epoch 57 [450/729] - Loss: 0.1544
2026-05-02 02:37:39,282 - INFO - Epoch 57 [460/729] - Loss: 0.1549
2026-05-02 02:37:42,723 - INFO - Epoch 57 [470/729] - Loss: 0.1551
2026-05-02 02:37:46,173 - INFO - Epoch 57 [480/729] - Loss: 0.1558
2026-05-02 02:37:49,614 - INFO - Epoch 57 [490/729] - Loss: 0.1561
2026-05-02 02:37:53,062 - INFO - Epoch 57 [500/729] - Loss: 0.1567
2026-05-02 02:37:56,493 - INFO - Epoch 57 [510/729] - Loss: 0.1563
2026-05-02 02:37:59,941 - INFO - Epoch 57 [520/729] - Loss: 0.1565
2026-05-02 02:38:03,385 - INFO - Epoch 57 [530/729] - Loss: 0.1565
2026-05-02 02:38:06,836 - INFO - Epoch 57 [540/729] - Loss: 0.1569
2026-05-02 02:38:10,309 - INFO - Epoch 57 [550/729] - Loss: 0.1578
2026-05-02 02:38:13,752 - INFO - Epoch 57 [560/729] - Loss: 0.1585
2026-05-02 02:38:17,337 - INFO - Epoch 57 [570/729] - Loss: 0.1585
2026-05-02 02:38:20,784 - INFO - Epoch 57 [580/729] - Loss: 0.1584
2026-05-02 02:38:24,225 - INFO - Epoch 57 [590/729] - Loss: 0.1580
2026-05-02 02:38:27,666 - INFO - Epoch 57 [600/729] - Loss: 0.1580
2026-05-02 02:38:31,117 - INFO - Epoch 57 [610/729] - Loss: 0.1585
2026-05-02 02:38:34,566 - INFO - Epoch 57 [620/729] - Loss: 0.1583
2026-05-02 02:38:38,016 - INFO - Epoch 57 [630/729] - Loss: 0.1586
2026-05-02 02:38:41,484 - INFO - Epoch 57 [640/729] - Loss: 0.1592
2026-05-02 02:38:44,920 - INFO - Epoch 57 [650/729] - Loss: 0.1590
2026-05-02 02:38:48,362 - INFO - Epoch 57 [660/729] - Loss: 0.1587
2026-05-02 02:38:51,798 - INFO - Epoch 57 [670/729] - Loss: 0.1582
2026-05-02 02:38:55,239 - INFO - Epoch 57 [680/729] - Loss: 0.1581
2026-05-02 02:38:58,705 - INFO - Epoch 57 [690/729] - Loss: 0.1587
2026-05-02 02:39:02,143 - INFO - Epoch 57 [700/729] - Loss: 0.1583
2026-05-02 02:39:05,603 - INFO - Epoch 57 [710/729] - Loss: 0.1586
2026-05-02 02:39:09,053 - INFO - Epoch 57 [720/729] - Loss: 0.1590
2026-05-02 02:40:00,406 - INFO - VAL Epoch 57 | Loss: 0.2930 | IoU: 0.8968 | Prec: 0.8674 | F1: 0.8683 | MAPE_L: 5.37% | MAPE_W: 25.88%
2026-05-02 02:40:00,841 - INFO -     [!] New Best Model Saved!
2026-05-02 02:40:01,569 - INFO - Epoch 58 [0/729] - Loss: 0.0905
2026-05-02 02:40:05,023 - INFO - Epoch 58 [10/729] - Loss: 0.1756
2026-05-02 02:40:08,471 - INFO - Epoch 58 [20/729] - Loss: 0.1497
2026-05-02 02:40:11,924 - INFO - Epoch 58 [30/729] - Loss: 0.1526
2026-05-02 02:40:15,397 - INFO - Epoch 58 [40/729] - Loss: 0.1592
2026-05-02 02:40:18,854 - INFO - Epoch 58 [50/729] - Loss: 0.1543
2026-05-02 02:40:22,329 - INFO - Epoch 58 [60/729] - Loss: 0.1566
2026-05-02 02:40:25,780 - INFO - Epoch 58 [70/729] - Loss: 0.1510
2026-05-02 02:40:29,229 - INFO - Epoch 58 [80/729] - Loss: 0.1482
2026-05-02 02:40:32,691 - INFO - Epoch 58 [90/729] - Loss: 0.1487
2026-05-02 02:40:36,145 - INFO - Epoch 58 [100/729] - Loss: 0.1478
2026-05-02 02:40:39,594 - INFO - Epoch 58 [110/729] - Loss: 0.1455
2026-05-02 02:40:43,051 - INFO - Epoch 58 [120/729] - Loss: 0.1471
2026-05-02 02:40:46,522 - INFO - Epoch 58 [130/729] - Loss: 0.1516
2026-05-02 02:40:49,979 - INFO - Epoch 58 [140/729] - Loss: 0.1534
2026-05-02 02:40:53,438 - INFO - Epoch 58 [150/729] - Loss: 0.1532
2026-05-02 02:40:56,901 - INFO - Epoch 58 [160/729] - Loss: 0.1557
2026-05-02 02:41:00,358 - INFO - Epoch 58 [170/729] - Loss: 0.1564
2026-05-02 02:41:03,806 - INFO - Epoch 58 [180/729] - Loss: 0.1557
2026-05-02 02:41:07,258 - INFO - Epoch 58 [190/729] - Loss: 0.1552
2026-05-02 02:41:10,726 - INFO - Epoch 58 [200/729] - Loss: 0.1557
2026-05-02 02:41:14,171 - INFO - Epoch 58 [210/729] - Loss: 0.1542
2026-05-02 02:41:17,620 - INFO - Epoch 58 [220/729] - Loss: 0.1535
2026-05-02 02:41:21,076 - INFO - Epoch 58 [230/729] - Loss: 0.1532
2026-05-02 02:41:24,523 - INFO - Epoch 58 [240/729] - Loss: 0.1527
2026-05-02 02:41:27,973 - INFO - Epoch 58 [250/729] - Loss: 0.1519
2026-05-02 02:41:31,457 - INFO - Epoch 58 [260/729] - Loss: 0.1515
2026-05-02 02:41:34,922 - INFO - Epoch 58 [270/729] - Loss: 0.1519
2026-05-02 02:41:38,384 - INFO - Epoch 58 [280/729] - Loss: 0.1510
2026-05-02 02:41:41,838 - INFO - Epoch 58 [290/729] - Loss: 0.1508
2026-05-02 02:41:45,290 - INFO - Epoch 58 [300/729] - Loss: 0.1503
2026-05-02 02:41:48,739 - INFO - Epoch 58 [310/729] - Loss: 0.1498
2026-05-02 02:41:52,193 - INFO - Epoch 58 [320/729] - Loss: 0.1490
2026-05-02 02:41:55,650 - INFO - Epoch 58 [330/729] - Loss: 0.1491
2026-05-02 02:41:59,115 - INFO - Epoch 58 [340/729] - Loss: 0.1502
2026-05-02 02:42:02,577 - INFO - Epoch 58 [350/729] - Loss: 0.1498
2026-05-02 02:42:06,035 - INFO - Epoch 58 [360/729] - Loss: 0.1498
2026-05-02 02:42:09,489 - INFO - Epoch 58 [370/729] - Loss: 0.1500
2026-05-02 02:42:12,932 - INFO - Epoch 58 [380/729] - Loss: 0.1489
2026-05-02 02:42:16,390 - INFO - Epoch 58 [390/729] - Loss: 0.1488
2026-05-02 02:42:19,846 - INFO - Epoch 58 [400/729] - Loss: 0.1492
2026-05-02 02:42:23,300 - INFO - Epoch 58 [410/729] - Loss: 0.1491
2026-05-02 02:42:26,799 - INFO - Epoch 58 [420/729] - Loss: 0.1498
2026-05-02 02:42:30,252 - INFO - Epoch 58 [430/729] - Loss: 0.1496
2026-05-02 02:42:33,701 - INFO - Epoch 58 [440/729] - Loss: 0.1490
2026-05-02 02:42:37,149 - INFO - Epoch 58 [450/729] - Loss: 0.1479
2026-05-02 02:42:40,594 - INFO - Epoch 58 [460/729] - Loss: 0.1472
2026-05-02 02:42:44,071 - INFO - Epoch 58 [470/729] - Loss: 0.1478
2026-05-02 02:42:47,522 - INFO - Epoch 58 [480/729] - Loss: 0.1476
2026-05-02 02:42:50,983 - INFO - Epoch 58 [490/729] - Loss: 0.1480
2026-05-02 02:42:54,451 - INFO - Epoch 58 [500/729] - Loss: 0.1485
2026-05-02 02:42:57,905 - INFO - Epoch 58 [510/729] - Loss: 0.1489
2026-05-02 02:43:01,331 - INFO - Epoch 58 [520/729] - Loss: 0.1488
2026-05-02 02:43:04,779 - INFO - Epoch 58 [530/729] - Loss: 0.1490
2026-05-02 02:43:08,231 - INFO - Epoch 58 [540/729] - Loss: 0.1491
2026-05-02 02:43:11,660 - INFO - Epoch 58 [550/729] - Loss: 0.1488
2026-05-02 02:43:15,089 - INFO - Epoch 58 [560/729] - Loss: 0.1490
2026-05-02 02:43:18,524 - INFO - Epoch 58 [570/729] - Loss: 0.1498
2026-05-02 02:43:21,955 - INFO - Epoch 58 [580/729] - Loss: 0.1492
2026-05-02 02:43:25,387 - INFO - Epoch 58 [590/729] - Loss: 0.1498
2026-05-02 02:43:28,818 - INFO - Epoch 58 [600/729] - Loss: 0.1500
2026-05-02 02:43:32,250 - INFO - Epoch 58 [610/729] - Loss: 0.1504
2026-05-02 02:43:35,686 - INFO - Epoch 58 [620/729] - Loss: 0.1509
2026-05-02 02:43:39,117 - INFO - Epoch 58 [630/729] - Loss: 0.1506
2026-05-02 02:43:42,550 - INFO - Epoch 58 [640/729] - Loss: 0.1506
2026-05-02 02:43:45,979 - INFO - Epoch 58 [650/729] - Loss: 0.1508
2026-05-02 02:43:49,410 - INFO - Epoch 58 [660/729] - Loss: 0.1516
2026-05-02 02:43:52,841 - INFO - Epoch 58 [670/729] - Loss: 0.1517
2026-05-02 02:43:56,268 - INFO - Epoch 58 [680/729] - Loss: 0.1514
2026-05-02 02:43:59,709 - INFO - Epoch 58 [690/729] - Loss: 0.1520
2026-05-02 02:44:03,155 - INFO - Epoch 58 [700/729] - Loss: 0.1517
2026-05-02 02:44:06,595 - INFO - Epoch 58 [710/729] - Loss: 0.1527
2026-05-02 02:44:10,039 - INFO - Epoch 58 [720/729] - Loss: 0.1534
2026-05-02 02:44:56,628 - INFO - VAL Epoch 58 | Loss: 0.2933 | IoU: 0.8956 | Prec: 0.8501 | F1: 0.8623 | MAPE_L: 5.30% | MAPE_W: 25.77%
2026-05-02 02:44:57,331 - INFO - Epoch 59 [0/729] - Loss: 0.3165
2026-05-02 02:45:00,775 - INFO - Epoch 59 [10/729] - Loss: 0.1706
2026-05-02 02:45:04,228 - INFO - Epoch 59 [20/729] - Loss: 0.1476
2026-05-02 02:45:07,677 - INFO - Epoch 59 [30/729] - Loss: 0.1585
2026-05-02 02:45:11,125 - INFO - Epoch 59 [40/729] - Loss: 0.1547
2026-05-02 02:45:14,561 - INFO - Epoch 59 [50/729] - Loss: 0.1489
2026-05-02 02:45:18,014 - INFO - Epoch 59 [60/729] - Loss: 0.1505
2026-05-02 02:45:21,466 - INFO - Epoch 59 [70/729] - Loss: 0.1506
2026-05-02 02:45:24,909 - INFO - Epoch 59 [80/729] - Loss: 0.1479
2026-05-02 02:45:28,346 - INFO - Epoch 59 [90/729] - Loss: 0.1433
2026-05-02 02:45:31,799 - INFO - Epoch 59 [100/729] - Loss: 0.1438
2026-05-02 02:45:35,251 - INFO - Epoch 59 [110/729] - Loss: 0.1440
2026-05-02 02:45:38,701 - INFO - Epoch 59 [120/729] - Loss: 0.1430
2026-05-02 02:45:42,155 - INFO - Epoch 59 [130/729] - Loss: 0.1440
2026-05-02 02:45:45,603 - INFO - Epoch 59 [140/729] - Loss: 0.1470
2026-05-02 02:45:49,062 - INFO - Epoch 59 [150/729] - Loss: 0.1475
2026-05-02 02:45:52,523 - INFO - Epoch 59 [160/729] - Loss: 0.1487
2026-05-02 02:45:55,962 - INFO - Epoch 59 [170/729] - Loss: 0.1465
2026-05-02 02:45:59,399 - INFO - Epoch 59 [180/729] - Loss: 0.1457
2026-05-02 02:46:02,856 - INFO - Epoch 59 [190/729] - Loss: 0.1460
2026-05-02 02:46:06,308 - INFO - Epoch 59 [200/729] - Loss: 0.1469
2026-05-02 02:46:09,763 - INFO - Epoch 59 [210/729] - Loss: 0.1485
2026-05-02 02:46:13,216 - INFO - Epoch 59 [220/729] - Loss: 0.1509
2026-05-02 02:46:16,669 - INFO - Epoch 59 [230/729] - Loss: 0.1528
2026-05-02 02:46:20,116 - INFO - Epoch 59 [240/729] - Loss: 0.1525
2026-05-02 02:46:23,593 - INFO - Epoch 59 [250/729] - Loss: 0.1526
2026-05-02 02:46:27,042 - INFO - Epoch 59 [260/729] - Loss: 0.1519
2026-05-02 02:46:30,503 - INFO - Epoch 59 [270/729] - Loss: 0.1512
2026-05-02 02:46:33,959 - INFO - Epoch 59 [280/729] - Loss: 0.1521
2026-05-02 02:46:37,421 - INFO - Epoch 59 [290/729] - Loss: 0.1527
2026-05-02 02:46:40,868 - INFO - Epoch 59 [300/729] - Loss: 0.1524
2026-05-02 02:46:44,318 - INFO - Epoch 59 [310/729] - Loss: 0.1523
2026-05-02 02:46:47,766 - INFO - Epoch 59 [320/729] - Loss: 0.1519
2026-05-02 02:46:51,229 - INFO - Epoch 59 [330/729] - Loss: 0.1533
2026-05-02 02:46:54,693 - INFO - Epoch 59 [340/729] - Loss: 0.1550
2026-05-02 02:46:58,142 - INFO - Epoch 59 [350/729] - Loss: 0.1547
2026-05-02 02:47:01,599 - INFO - Epoch 59 [360/729] - Loss: 0.1547
2026-05-02 02:47:05,049 - INFO - Epoch 59 [370/729] - Loss: 0.1554
2026-05-02 02:47:08,715 - INFO - Epoch 59 [380/729] - Loss: 0.1549
2026-05-02 02:47:12,166 - INFO - Epoch 59 [390/729] - Loss: 0.1546
2026-05-02 02:47:15,656 - INFO - Epoch 59 [400/729] - Loss: 0.1558
2026-05-02 02:47:19,112 - INFO - Epoch 59 [410/729] - Loss: 0.1561
2026-05-02 02:47:22,576 - INFO - Epoch 59 [420/729] - Loss: 0.1564
2026-05-02 02:47:26,024 - INFO - Epoch 59 [430/729] - Loss: 0.1566
2026-05-02 02:47:29,471 - INFO - Epoch 59 [440/729] - Loss: 0.1566
2026-05-02 02:47:32,920 - INFO - Epoch 59 [450/729] - Loss: 0.1564
2026-05-02 02:47:36,374 - INFO - Epoch 59 [460/729] - Loss: 0.1566
2026-05-02 02:47:39,815 - INFO - Epoch 59 [470/729] - Loss: 0.1560
2026-05-02 02:47:43,259 - INFO - Epoch 59 [480/729] - Loss: 0.1561
2026-05-02 02:47:46,713 - INFO - Epoch 59 [490/729] - Loss: 0.1560
2026-05-02 02:47:50,158 - INFO - Epoch 59 [500/729] - Loss: 0.1556
2026-05-02 02:47:53,632 - INFO - Epoch 59 [510/729] - Loss: 0.1559
2026-05-02 02:47:57,094 - INFO - Epoch 59 [520/729] - Loss: 0.1567
2026-05-02 02:48:00,539 - INFO - Epoch 59 [530/729] - Loss: 0.1568
2026-05-02 02:48:03,983 - INFO - Epoch 59 [540/729] - Loss: 0.1567
2026-05-02 02:48:07,431 - INFO - Epoch 59 [550/729] - Loss: 0.1563
2026-05-02 02:48:10,875 - INFO - Epoch 59 [560/729] - Loss: 0.1562
2026-05-02 02:48:14,328 - INFO - Epoch 59 [570/729] - Loss: 0.1561
2026-05-02 02:48:17,778 - INFO - Epoch 59 [580/729] - Loss: 0.1557
2026-05-02 02:48:21,233 - INFO - Epoch 59 [590/729] - Loss: 0.1559
2026-05-02 02:48:24,677 - INFO - Epoch 59 [600/729] - Loss: 0.1555
2026-05-02 02:48:28,129 - INFO - Epoch 59 [610/729] - Loss: 0.1557
2026-05-02 02:48:31,573 - INFO - Epoch 59 [620/729] - Loss: 0.1555
2026-05-02 02:48:35,039 - INFO - Epoch 59 [630/729] - Loss: 0.1561
2026-05-02 02:48:38,490 - INFO - Epoch 59 [640/729] - Loss: 0.1562
2026-05-02 02:48:41,934 - INFO - Epoch 59 [650/729] - Loss: 0.1563
2026-05-02 02:48:45,386 - INFO - Epoch 59 [660/729] - Loss: 0.1569
2026-05-02 02:48:48,832 - INFO - Epoch 59 [670/729] - Loss: 0.1569
2026-05-02 02:48:52,283 - INFO - Epoch 59 [680/729] - Loss: 0.1566
2026-05-02 02:48:55,730 - INFO - Epoch 59 [690/729] - Loss: 0.1567
2026-05-02 02:48:59,178 - INFO - Epoch 59 [700/729] - Loss: 0.1570
2026-05-02 02:49:02,655 - INFO - Epoch 59 [710/729] - Loss: 0.1572
2026-05-02 02:49:06,101 - INFO - Epoch 59 [720/729] - Loss: 0.1572
2026-05-02 02:49:57,780 - INFO - VAL Epoch 59 | Loss: 0.3106 | IoU: 0.8895 | Prec: 0.8878 | F1: 0.8769 | MAPE_L: 5.73% | MAPE_W: 25.77%
2026-05-02 02:49:58,191 - INFO -     [!] New Best Model Saved!
2026-05-02 02:49:58,942 - INFO - Epoch 60 [0/729] - Loss: 0.2541
2026-05-02 02:50:02,375 - INFO - Epoch 60 [10/729] - Loss: 0.1445
2026-05-02 02:50:05,822 - INFO - Epoch 60 [20/729] - Loss: 0.1462
2026-05-02 02:50:09,273 - INFO - Epoch 60 [30/729] - Loss: 0.1580
2026-05-02 02:50:12,717 - INFO - Epoch 60 [40/729] - Loss: 0.1530
2026-05-02 02:50:16,156 - INFO - Epoch 60 [50/729] - Loss: 0.1509
2026-05-02 02:50:19,598 - INFO - Epoch 60 [60/729] - Loss: 0.1485
2026-05-02 02:50:23,074 - INFO - Epoch 60 [70/729] - Loss: 0.1524
2026-05-02 02:50:26,521 - INFO - Epoch 60 [80/729] - Loss: 0.1520
2026-05-02 02:50:29,966 - INFO - Epoch 60 [90/729] - Loss: 0.1494
2026-05-02 02:50:33,407 - INFO - Epoch 60 [100/729] - Loss: 0.1466
2026-05-02 02:50:36,849 - INFO - Epoch 60 [110/729] - Loss: 0.1459
2026-05-02 02:50:40,293 - INFO - Epoch 60 [120/729] - Loss: 0.1465
2026-05-02 02:50:43,733 - INFO - Epoch 60 [130/729] - Loss: 0.1462
2026-05-02 02:50:47,183 - INFO - Epoch 60 [140/729] - Loss: 0.1477
2026-05-02 02:50:50,626 - INFO - Epoch 60 [150/729] - Loss: 0.1485
2026-05-02 02:50:54,067 - INFO - Epoch 60 [160/729] - Loss: 0.1480
2026-05-02 02:50:57,508 - INFO - Epoch 60 [170/729] - Loss: 0.1471
2026-05-02 02:51:00,948 - INFO - Epoch 60 [180/729] - Loss: 0.1479
2026-05-02 02:51:04,396 - INFO - Epoch 60 [190/729] - Loss: 0.1475
2026-05-02 02:51:07,836 - INFO - Epoch 60 [200/729] - Loss: 0.1462
2026-05-02 02:51:11,292 - INFO - Epoch 60 [210/729] - Loss: 0.1467
2026-05-02 02:51:14,745 - INFO - Epoch 60 [220/729] - Loss: 0.1483
2026-05-02 02:51:18,203 - INFO - Epoch 60 [230/729] - Loss: 0.1480
2026-05-02 02:51:21,702 - INFO - Epoch 60 [240/729] - Loss: 0.1498
2026-05-02 02:51:25,149 - INFO - Epoch 60 [250/729] - Loss: 0.1507
2026-05-02 02:51:28,614 - INFO - Epoch 60 [260/729] - Loss: 0.1508
2026-05-02 02:51:32,082 - INFO - Epoch 60 [270/729] - Loss: 0.1530
2026-05-02 02:51:35,521 - INFO - Epoch 60 [280/729] - Loss: 0.1521
2026-05-02 02:51:38,968 - INFO - Epoch 60 [290/729] - Loss: 0.1516
2026-05-02 02:51:42,440 - INFO - Epoch 60 [300/729] - Loss: 0.1539
2026-05-02 02:51:45,895 - INFO - Epoch 60 [310/729] - Loss: 0.1540
2026-05-02 02:51:49,344 - INFO - Epoch 60 [320/729] - Loss: 0.1556
2026-05-02 02:51:52,790 - INFO - Epoch 60 [330/729] - Loss: 0.1549
2026-05-02 02:51:56,234 - INFO - Epoch 60 [340/729] - Loss: 0.1549
2026-05-02 02:51:59,673 - INFO - Epoch 60 [350/729] - Loss: 0.1541
2026-05-02 02:52:03,128 - INFO - Epoch 60 [360/729] - Loss: 0.1542
2026-05-02 02:52:06,577 - INFO - Epoch 60 [370/729] - Loss: 0.1538
2026-05-02 02:52:10,036 - INFO - Epoch 60 [380/729] - Loss: 0.1548
2026-05-02 02:52:13,497 - INFO - Epoch 60 [390/729] - Loss: 0.1555
2026-05-02 02:52:16,944 - INFO - Epoch 60 [400/729] - Loss: 0.1552
2026-05-02 02:52:20,394 - INFO - Epoch 60 [410/729] - Loss: 0.1552
2026-05-02 02:52:23,860 - INFO - Epoch 60 [420/729] - Loss: 0.1559
2026-05-02 02:52:27,306 - INFO - Epoch 60 [430/729] - Loss: 0.1552
2026-05-02 02:52:30,751 - INFO - Epoch 60 [440/729] - Loss: 0.1547
2026-05-02 02:52:34,223 - INFO - Epoch 60 [450/729] - Loss: 0.1553
2026-05-02 02:52:37,680 - INFO - Epoch 60 [460/729] - Loss: 0.1556
2026-05-02 02:52:41,122 - INFO - Epoch 60 [470/729] - Loss: 0.1548
2026-05-02 02:52:44,574 - INFO - Epoch 60 [480/729] - Loss: 0.1545
2026-05-02 02:52:48,017 - INFO - Epoch 60 [490/729] - Loss: 0.1539
2026-05-02 02:52:51,470 - INFO - Epoch 60 [500/729] - Loss: 0.1539
2026-05-02 02:52:54,919 - INFO - Epoch 60 [510/729] - Loss: 0.1539
2026-05-02 02:52:58,371 - INFO - Epoch 60 [520/729] - Loss: 0.1537
2026-05-02 02:53:01,823 - INFO - Epoch 60 [530/729] - Loss: 0.1537
2026-05-02 02:53:05,268 - INFO - Epoch 60 [540/729] - Loss: 0.1535
2026-05-02 02:53:08,730 - INFO - Epoch 60 [550/729] - Loss: 0.1531
2026-05-02 02:53:12,174 - INFO - Epoch 60 [560/729] - Loss: 0.1532
2026-05-02 02:53:15,618 - INFO - Epoch 60 [570/729] - Loss: 0.1530
2026-05-02 02:53:19,068 - INFO - Epoch 60 [580/729] - Loss: 0.1528
2026-05-02 02:53:22,514 - INFO - Epoch 60 [590/729] - Loss: 0.1529
2026-05-02 02:53:25,958 - INFO - Epoch 60 [600/729] - Loss: 0.1526
2026-05-02 02:53:29,416 - INFO - Epoch 60 [610/729] - Loss: 0.1537
2026-05-02 02:53:32,882 - INFO - Epoch 60 [620/729] - Loss: 0.1540
2026-05-02 02:53:36,320 - INFO - Epoch 60 [630/729] - Loss: 0.1533
2026-05-02 02:53:39,777 - INFO - Epoch 60 [640/729] - Loss: 0.1534
2026-05-02 02:53:43,221 - INFO - Epoch 60 [650/729] - Loss: 0.1532
2026-05-02 02:53:46,666 - INFO - Epoch 60 [660/729] - Loss: 0.1532
2026-05-02 02:53:50,118 - INFO - Epoch 60 [670/729] - Loss: 0.1533
2026-05-02 02:53:53,587 - INFO - Epoch 60 [680/729] - Loss: 0.1534
2026-05-02 02:53:57,038 - INFO - Epoch 60 [690/729] - Loss: 0.1543
2026-05-02 02:54:00,490 - INFO - Epoch 60 [700/729] - Loss: 0.1542
2026-05-02 02:54:03,947 - INFO - Epoch 60 [710/729] - Loss: 0.1542
2026-05-02 02:54:07,389 - INFO - Epoch 60 [720/729] - Loss: 0.1543
2026-05-02 02:54:53,902 - INFO - VAL Epoch 60 | Loss: 0.2981 | IoU: 0.8947 | Prec: 0.8701 | F1: 0.8706 | MAPE_L: 5.30% | MAPE_W: 25.40%
2026-05-02 02:54:54,715 - INFO - Epoch 61 [0/729] - Loss: 0.1220
2026-05-02 02:54:58,156 - INFO - Epoch 61 [10/729] - Loss: 0.1527
2026-05-02 02:55:01,612 - INFO - Epoch 61 [20/729] - Loss: 0.1753
2026-05-02 02:55:05,062 - INFO - Epoch 61 [30/729] - Loss: 0.1755
2026-05-02 02:55:08,516 - INFO - Epoch 61 [40/729] - Loss: 0.1773
2026-05-02 02:55:11,960 - INFO - Epoch 61 [50/729] - Loss: 0.1750
2026-05-02 02:55:15,409 - INFO - Epoch 61 [60/729] - Loss: 0.1732
2026-05-02 02:55:18,864 - INFO - Epoch 61 [70/729] - Loss: 0.1736
2026-05-02 02:55:22,302 - INFO - Epoch 61 [80/729] - Loss: 0.1661
2026-05-02 02:55:25,741 - INFO - Epoch 61 [90/729] - Loss: 0.1641
2026-05-02 02:55:29,213 - INFO - Epoch 61 [100/729] - Loss: 0.1640
2026-05-02 02:55:32,654 - INFO - Epoch 61 [110/729] - Loss: 0.1629
2026-05-02 02:55:36,100 - INFO - Epoch 61 [120/729] - Loss: 0.1627
2026-05-02 02:55:39,555 - INFO - Epoch 61 [130/729] - Loss: 0.1668
2026-05-02 02:55:42,989 - INFO - Epoch 61 [140/729] - Loss: 0.1633
2026-05-02 02:55:46,426 - INFO - Epoch 61 [150/729] - Loss: 0.1621
2026-05-02 02:55:49,867 - INFO - Epoch 61 [160/729] - Loss: 0.1605
2026-05-02 02:55:53,319 - INFO - Epoch 61 [170/729] - Loss: 0.1629
2026-05-02 02:55:56,756 - INFO - Epoch 61 [180/729] - Loss: 0.1611
2026-05-02 02:56:00,196 - INFO - Epoch 61 [190/729] - Loss: 0.1615
2026-05-02 02:56:03,661 - INFO - Epoch 61 [200/729] - Loss: 0.1615
2026-05-02 02:56:07,104 - INFO - Epoch 61 [210/729] - Loss: 0.1614
2026-05-02 02:56:10,540 - INFO - Epoch 61 [220/729] - Loss: 0.1602
2026-05-02 02:56:13,982 - INFO - Epoch 61 [230/729] - Loss: 0.1588
2026-05-02 02:56:17,453 - INFO - Epoch 61 [240/729] - Loss: 0.1589
2026-05-02 02:56:20,899 - INFO - Epoch 61 [250/729] - Loss: 0.1586
2026-05-02 02:56:24,355 - INFO - Epoch 61 [260/729] - Loss: 0.1584
2026-05-02 02:56:27,791 - INFO - Epoch 61 [270/729] - Loss: 0.1579
2026-05-02 02:56:31,226 - INFO - Epoch 61 [280/729] - Loss: 0.1567
2026-05-02 02:56:34,666 - INFO - Epoch 61 [290/729] - Loss: 0.1561
2026-05-02 02:56:38,105 - INFO - Epoch 61 [300/729] - Loss: 0.1548
2026-05-02 02:56:41,540 - INFO - Epoch 61 [310/729] - Loss: 0.1536
2026-05-02 02:56:44,978 - INFO - Epoch 61 [320/729] - Loss: 0.1525
2026-05-02 02:56:48,426 - INFO - Epoch 61 [330/729] - Loss: 0.1527
2026-05-02 02:56:51,868 - INFO - Epoch 61 [340/729] - Loss: 0.1520
2026-05-02 02:56:55,379 - INFO - Epoch 61 [350/729] - Loss: 0.1513
2026-05-02 02:56:58,830 - INFO - Epoch 61 [360/729] - Loss: 0.1518
2026-05-02 02:57:02,269 - INFO - Epoch 61 [370/729] - Loss: 0.1510
2026-05-02 02:57:05,725 - INFO - Epoch 61 [380/729] - Loss: 0.1509
2026-05-02 02:57:09,166 - INFO - Epoch 61 [390/729] - Loss: 0.1499
2026-05-02 02:57:12,607 - INFO - Epoch 61 [400/729] - Loss: 0.1495
2026-05-02 02:57:16,052 - INFO - Epoch 61 [410/729] - Loss: 0.1494
2026-05-02 02:57:19,503 - INFO - Epoch 61 [420/729] - Loss: 0.1496
2026-05-02 02:57:22,949 - INFO - Epoch 61 [430/729] - Loss: 0.1495
2026-05-02 02:57:26,428 - INFO - Epoch 61 [440/729] - Loss: 0.1500
2026-05-02 02:57:29,879 - INFO - Epoch 61 [450/729] - Loss: 0.1505
2026-05-02 02:57:33,334 - INFO - Epoch 61 [460/729] - Loss: 0.1504
2026-05-02 02:57:36,771 - INFO - Epoch 61 [470/729] - Loss: 0.1497
2026-05-02 02:57:40,229 - INFO - Epoch 61 [480/729] - Loss: 0.1500
2026-05-02 02:57:43,685 - INFO - Epoch 61 [490/729] - Loss: 0.1501
2026-05-02 02:57:47,132 - INFO - Epoch 61 [500/729] - Loss: 0.1499
2026-05-02 02:57:50,578 - INFO - Epoch 61 [510/729] - Loss: 0.1502
2026-05-02 02:57:54,020 - INFO - Epoch 61 [520/729] - Loss: 0.1499
2026-05-02 02:57:57,467 - INFO - Epoch 61 [530/729] - Loss: 0.1496
2026-05-02 02:58:00,901 - INFO - Epoch 61 [540/729] - Loss: 0.1491
2026-05-02 02:58:04,345 - INFO - Epoch 61 [550/729] - Loss: 0.1488
2026-05-02 02:58:07,799 - INFO - Epoch 61 [560/729] - Loss: 0.1491
2026-05-02 02:58:11,241 - INFO - Epoch 61 [570/729] - Loss: 0.1489
2026-05-02 02:58:14,686 - INFO - Epoch 61 [580/729] - Loss: 0.1495
2026-05-02 02:58:18,123 - INFO - Epoch 61 [590/729] - Loss: 0.1494
2026-05-02 02:58:21,569 - INFO - Epoch 61 [600/729] - Loss: 0.1498
2026-05-02 02:58:25,007 - INFO - Epoch 61 [610/729] - Loss: 0.1494
2026-05-02 02:58:28,443 - INFO - Epoch 61 [620/729] - Loss: 0.1491
2026-05-02 02:58:31,880 - INFO - Epoch 61 [630/729] - Loss: 0.1490
2026-05-02 02:58:35,320 - INFO - Epoch 61 [640/729] - Loss: 0.1486
2026-05-02 02:58:38,754 - INFO - Epoch 61 [650/729] - Loss: 0.1480
2026-05-02 02:58:42,193 - INFO - Epoch 61 [660/729] - Loss: 0.1492
2026-05-02 02:58:45,639 - INFO - Epoch 61 [670/729] - Loss: 0.1492
2026-05-02 02:58:49,086 - INFO - Epoch 61 [680/729] - Loss: 0.1491
2026-05-02 02:58:52,521 - INFO - Epoch 61 [690/729] - Loss: 0.1490
2026-05-02 02:58:55,969 - INFO - Epoch 61 [700/729] - Loss: 0.1494
2026-05-02 02:58:59,454 - INFO - Epoch 61 [710/729] - Loss: 0.1499
2026-05-02 02:59:02,896 - INFO - Epoch 61 [720/729] - Loss: 0.1502
2026-05-02 02:59:54,781 - INFO - VAL Epoch 61 | Loss: 0.3057 | IoU: 0.8923 | Prec: 0.8779 | F1: 0.8671 | MAPE_L: 5.47% | MAPE_W: 25.46%
2026-05-02 02:59:55,554 - INFO - Epoch 62 [0/729] - Loss: 0.1620
2026-05-02 02:59:59,000 - INFO - Epoch 62 [10/729] - Loss: 0.1525
2026-05-02 03:00:02,494 - INFO - Epoch 62 [20/729] - Loss: 0.1686
2026-05-02 03:00:05,941 - INFO - Epoch 62 [30/729] - Loss: 0.1613
2026-05-02 03:00:09,438 - INFO - Epoch 62 [40/729] - Loss: 0.1715
2026-05-02 03:00:12,883 - INFO - Epoch 62 [50/729] - Loss: 0.1657
2026-05-02 03:00:16,321 - INFO - Epoch 62 [60/729] - Loss: 0.1559
2026-05-02 03:00:19,765 - INFO - Epoch 62 [70/729] - Loss: 0.1506
2026-05-02 03:00:23,207 - INFO - Epoch 62 [80/729] - Loss: 0.1486
2026-05-02 03:00:26,650 - INFO - Epoch 62 [90/729] - Loss: 0.1472
2026-05-02 03:00:30,157 - INFO - Epoch 62 [100/729] - Loss: 0.1455
2026-05-02 03:00:33,607 - INFO - Epoch 62 [110/729] - Loss: 0.1466
2026-05-02 03:00:37,047 - INFO - Epoch 62 [120/729] - Loss: 0.1456
2026-05-02 03:00:40,505 - INFO - Epoch 62 [130/729] - Loss: 0.1484
2026-05-02 03:00:43,956 - INFO - Epoch 62 [140/729] - Loss: 0.1475
2026-05-02 03:00:47,398 - INFO - Epoch 62 [150/729] - Loss: 0.1489
2026-05-02 03:00:50,847 - INFO - Epoch 62 [160/729] - Loss: 0.1496
2026-05-02 03:00:54,283 - INFO - Epoch 62 [170/729] - Loss: 0.1484
2026-05-02 03:00:57,723 - INFO - Epoch 62 [180/729] - Loss: 0.1479
2026-05-02 03:01:01,161 - INFO - Epoch 62 [190/729] - Loss: 0.1477
2026-05-02 03:01:04,611 - INFO - Epoch 62 [200/729] - Loss: 0.1493
2026-05-02 03:01:08,080 - INFO - Epoch 62 [210/729] - Loss: 0.1492
2026-05-02 03:01:11,540 - INFO - Epoch 62 [220/729] - Loss: 0.1499
2026-05-02 03:01:14,983 - INFO - Epoch 62 [230/729] - Loss: 0.1501
2026-05-02 03:01:18,423 - INFO - Epoch 62 [240/729] - Loss: 0.1501
2026-05-02 03:01:21,868 - INFO - Epoch 62 [250/729] - Loss: 0.1501
2026-05-02 03:01:25,305 - INFO - Epoch 62 [260/729] - Loss: 0.1488
2026-05-02 03:01:28,746 - INFO - Epoch 62 [270/729] - Loss: 0.1495
2026-05-02 03:01:32,187 - INFO - Epoch 62 [280/729] - Loss: 0.1495
2026-05-02 03:01:35,632 - INFO - Epoch 62 [290/729] - Loss: 0.1507
2026-05-02 03:01:39,067 - INFO - Epoch 62 [300/729] - Loss: 0.1499
2026-05-02 03:01:42,506 - INFO - Epoch 62 [310/729] - Loss: 0.1497
2026-05-02 03:01:45,962 - INFO - Epoch 62 [320/729] - Loss: 0.1509
2026-05-02 03:01:49,388 - INFO - Epoch 62 [330/729] - Loss: 0.1493
2026-05-02 03:01:52,831 - INFO - Epoch 62 [340/729] - Loss: 0.1496
2026-05-02 03:01:56,271 - INFO - Epoch 62 [350/729] - Loss: 0.1510
2026-05-02 03:01:59,708 - INFO - Epoch 62 [360/729] - Loss: 0.1506
2026-05-02 03:02:03,162 - INFO - Epoch 62 [370/729] - Loss: 0.1511
2026-05-02 03:02:06,598 - INFO - Epoch 62 [380/729] - Loss: 0.1505
2026-05-02 03:02:10,031 - INFO - Epoch 62 [390/729] - Loss: 0.1498
2026-05-02 03:02:13,471 - INFO - Epoch 62 [400/729] - Loss: 0.1495
2026-05-02 03:02:16,909 - INFO - Epoch 62 [410/729] - Loss: 0.1491
2026-05-02 03:02:20,369 - INFO - Epoch 62 [420/729] - Loss: 0.1494
2026-05-02 03:02:23,805 - INFO - Epoch 62 [430/729] - Loss: 0.1498
2026-05-02 03:02:27,246 - INFO - Epoch 62 [440/729] - Loss: 0.1494
2026-05-02 03:02:30,693 - INFO - Epoch 62 [450/729] - Loss: 0.1493
2026-05-02 03:02:34,139 - INFO - Epoch 62 [460/729] - Loss: 0.1495
2026-05-02 03:02:37,580 - INFO - Epoch 62 [470/729] - Loss: 0.1496
2026-05-02 03:02:41,031 - INFO - Epoch 62 [480/729] - Loss: 0.1495
2026-05-02 03:02:44,470 - INFO - Epoch 62 [490/729] - Loss: 0.1497
2026-05-02 03:02:47,912 - INFO - Epoch 62 [500/729] - Loss: 0.1499
2026-05-02 03:02:51,350 - INFO - Epoch 62 [510/729] - Loss: 0.1494
2026-05-02 03:02:54,797 - INFO - Epoch 62 [520/729] - Loss: 0.1492
2026-05-02 03:02:58,250 - INFO - Epoch 62 [530/729] - Loss: 0.1495
2026-05-02 03:03:01,715 - INFO - Epoch 62 [540/729] - Loss: 0.1501
2026-05-02 03:03:05,163 - INFO - Epoch 62 [550/729] - Loss: 0.1504
2026-05-02 03:03:08,919 - INFO - Epoch 62 [560/729] - Loss: 0.1496
2026-05-02 03:03:12,367 - INFO - Epoch 62 [570/729] - Loss: 0.1500
2026-05-02 03:03:15,834 - INFO - Epoch 62 [580/729] - Loss: 0.1501
2026-05-02 03:03:19,277 - INFO - Epoch 62 [590/729] - Loss: 0.1502
2026-05-02 03:03:22,714 - INFO - Epoch 62 [600/729] - Loss: 0.1498
2026-05-02 03:03:26,177 - INFO - Epoch 62 [610/729] - Loss: 0.1503
2026-05-02 03:03:29,623 - INFO - Epoch 62 [620/729] - Loss: 0.1508
2026-05-02 03:03:33,066 - INFO - Epoch 62 [630/729] - Loss: 0.1508
2026-05-02 03:03:36,526 - INFO - Epoch 62 [640/729] - Loss: 0.1510
2026-05-02 03:03:39,974 - INFO - Epoch 62 [650/729] - Loss: 0.1508
2026-05-02 03:03:43,413 - INFO - Epoch 62 [660/729] - Loss: 0.1506
2026-05-02 03:03:46,853 - INFO - Epoch 62 [670/729] - Loss: 0.1501
2026-05-02 03:03:50,308 - INFO - Epoch 62 [680/729] - Loss: 0.1503
2026-05-02 03:03:53,749 - INFO - Epoch 62 [690/729] - Loss: 0.1499
2026-05-02 03:03:57,189 - INFO - Epoch 62 [700/729] - Loss: 0.1498
2026-05-02 03:04:00,644 - INFO - Epoch 62 [710/729] - Loss: 0.1498
2026-05-02 03:04:04,088 - INFO - Epoch 62 [720/729] - Loss: 0.1493
2026-05-02 03:04:50,437 - INFO - VAL Epoch 62 | Loss: 0.2965 | IoU: 0.8958 | Prec: 0.8667 | F1: 0.8691 | MAPE_L: 5.44% | MAPE_W: 25.43%
2026-05-02 03:04:51,250 - INFO - Epoch 63 [0/729] - Loss: 0.1242
2026-05-02 03:04:54,701 - INFO - Epoch 63 [10/729] - Loss: 0.2111
2026-05-02 03:04:58,155 - INFO - Epoch 63 [20/729] - Loss: 0.1839
2026-05-02 03:05:01,626 - INFO - Epoch 63 [30/729] - Loss: 0.1785
2026-05-02 03:05:05,085 - INFO - Epoch 63 [40/729] - Loss: 0.1680
2026-05-02 03:05:08,530 - INFO - Epoch 63 [50/729] - Loss: 0.1615
2026-05-02 03:05:11,975 - INFO - Epoch 63 [60/729] - Loss: 0.1551
2026-05-02 03:05:15,422 - INFO - Epoch 63 [70/729] - Loss: 0.1480
2026-05-02 03:05:18,862 - INFO - Epoch 63 [80/729] - Loss: 0.1438
2026-05-02 03:05:22,309 - INFO - Epoch 63 [90/729] - Loss: 0.1446
2026-05-02 03:05:25,758 - INFO - Epoch 63 [100/729] - Loss: 0.1434
2026-05-02 03:05:29,203 - INFO - Epoch 63 [110/729] - Loss: 0.1418
2026-05-02 03:05:32,656 - INFO - Epoch 63 [120/729] - Loss: 0.1429
2026-05-02 03:05:36,101 - INFO - Epoch 63 [130/729] - Loss: 0.1414
2026-05-02 03:05:39,545 - INFO - Epoch 63 [140/729] - Loss: 0.1399
2026-05-02 03:05:42,995 - INFO - Epoch 63 [150/729] - Loss: 0.1399
2026-05-02 03:05:46,443 - INFO - Epoch 63 [160/729] - Loss: 0.1387
2026-05-02 03:05:49,884 - INFO - Epoch 63 [170/729] - Loss: 0.1369
2026-05-02 03:05:53,336 - INFO - Epoch 63 [180/729] - Loss: 0.1372
2026-05-02 03:05:56,796 - INFO - Epoch 63 [190/729] - Loss: 0.1386
2026-05-02 03:06:00,240 - INFO - Epoch 63 [200/729] - Loss: 0.1390
2026-05-02 03:06:03,690 - INFO - Epoch 63 [210/729] - Loss: 0.1381
2026-05-02 03:06:07,137 - INFO - Epoch 63 [220/729] - Loss: 0.1382
2026-05-02 03:06:10,594 - INFO - Epoch 63 [230/729] - Loss: 0.1400
2026-05-02 03:06:14,038 - INFO - Epoch 63 [240/729] - Loss: 0.1393
2026-05-02 03:06:17,494 - INFO - Epoch 63 [250/729] - Loss: 0.1393
2026-05-02 03:06:20,949 - INFO - Epoch 63 [260/729] - Loss: 0.1392
2026-05-02 03:06:24,401 - INFO - Epoch 63 [270/729] - Loss: 0.1392
2026-05-02 03:06:27,859 - INFO - Epoch 63 [280/729] - Loss: 0.1394
2026-05-02 03:06:31,317 - INFO - Epoch 63 [290/729] - Loss: 0.1408
2026-05-02 03:06:34,789 - INFO - Epoch 63 [300/729] - Loss: 0.1423
2026-05-02 03:06:38,247 - INFO - Epoch 63 [310/729] - Loss: 0.1421
2026-05-02 03:06:41,962 - INFO - Epoch 63 [320/729] - Loss: 0.1416
2026-05-02 03:06:45,425 - INFO - Epoch 63 [330/729] - Loss: 0.1425
2026-05-02 03:06:48,881 - INFO - Epoch 63 [340/729] - Loss: 0.1426
2026-05-02 03:06:52,351 - INFO - Epoch 63 [350/729] - Loss: 0.1430
2026-05-02 03:06:55,801 - INFO - Epoch 63 [360/729] - Loss: 0.1429
2026-05-02 03:06:59,245 - INFO - Epoch 63 [370/729] - Loss: 0.1426
2026-05-02 03:07:02,687 - INFO - Epoch 63 [380/729] - Loss: 0.1425
2026-05-02 03:07:06,136 - INFO - Epoch 63 [390/729] - Loss: 0.1418
2026-05-02 03:07:09,588 - INFO - Epoch 63 [400/729] - Loss: 0.1416
2026-05-02 03:07:13,038 - INFO - Epoch 63 [410/729] - Loss: 0.1412
2026-05-02 03:07:16,487 - INFO - Epoch 63 [420/729] - Loss: 0.1403
2026-05-02 03:07:19,935 - INFO - Epoch 63 [430/729] - Loss: 0.1404
2026-05-02 03:07:23,400 - INFO - Epoch 63 [440/729] - Loss: 0.1405
2026-05-02 03:07:26,874 - INFO - Epoch 63 [450/729] - Loss: 0.1410
2026-05-02 03:07:30,319 - INFO - Epoch 63 [460/729] - Loss: 0.1405
2026-05-02 03:07:33,768 - INFO - Epoch 63 [470/729] - Loss: 0.1401
2026-05-02 03:07:37,239 - INFO - Epoch 63 [480/729] - Loss: 0.1402
2026-05-02 03:07:40,717 - INFO - Epoch 63 [490/729] - Loss: 0.1413
2026-05-02 03:07:44,167 - INFO - Epoch 63 [500/729] - Loss: 0.1413
2026-05-02 03:07:47,621 - INFO - Epoch 63 [510/729] - Loss: 0.1417
2026-05-02 03:07:51,086 - INFO - Epoch 63 [520/729] - Loss: 0.1423
2026-05-02 03:07:54,538 - INFO - Epoch 63 [530/729] - Loss: 0.1427
2026-05-02 03:07:57,987 - INFO - Epoch 63 [540/729] - Loss: 0.1422
2026-05-02 03:08:01,455 - INFO - Epoch 63 [550/729] - Loss: 0.1429
2026-05-02 03:08:04,902 - INFO - Epoch 63 [560/729] - Loss: 0.1434
2026-05-02 03:08:08,387 - INFO - Epoch 63 [570/729] - Loss: 0.1437
2026-05-02 03:08:11,835 - INFO - Epoch 63 [580/729] - Loss: 0.1431
2026-05-02 03:08:15,283 - INFO - Epoch 63 [590/729] - Loss: 0.1433
2026-05-02 03:08:18,728 - INFO - Epoch 63 [600/729] - Loss: 0.1435
2026-05-02 03:08:22,179 - INFO - Epoch 63 [610/729] - Loss: 0.1435
2026-05-02 03:08:25,628 - INFO - Epoch 63 [620/729] - Loss: 0.1430
2026-05-02 03:08:29,087 - INFO - Epoch 63 [630/729] - Loss: 0.1430
2026-05-02 03:08:32,550 - INFO - Epoch 63 [640/729] - Loss: 0.1433
2026-05-02 03:08:36,001 - INFO - Epoch 63 [650/729] - Loss: 0.1432
2026-05-02 03:08:39,463 - INFO - Epoch 63 [660/729] - Loss: 0.1436
2026-05-02 03:08:42,914 - INFO - Epoch 63 [670/729] - Loss: 0.1440
2026-05-02 03:08:46,377 - INFO - Epoch 63 [680/729] - Loss: 0.1449
2026-05-02 03:08:49,830 - INFO - Epoch 63 [690/729] - Loss: 0.1451
2026-05-02 03:08:53,311 - INFO - Epoch 63 [700/729] - Loss: 0.1462
2026-05-02 03:08:56,773 - INFO - Epoch 63 [710/729] - Loss: 0.1464
2026-05-02 03:09:00,236 - INFO - Epoch 63 [720/729] - Loss: 0.1466
2026-05-02 03:09:46,643 - INFO - VAL Epoch 63 | Loss: 0.3008 | IoU: 0.8931 | Prec: 0.8698 | F1: 0.8664 | MAPE_L: 5.47% | MAPE_W: 25.69%
2026-05-02 03:09:47,357 - INFO - Epoch 64 [0/729] - Loss: 0.0910
2026-05-02 03:09:50,800 - INFO - Epoch 64 [10/729] - Loss: 0.1532
2026-05-02 03:09:54,242 - INFO - Epoch 64 [20/729] - Loss: 0.1502
2026-05-02 03:09:57,673 - INFO - Epoch 64 [30/729] - Loss: 0.1447
2026-05-02 03:10:01,123 - INFO - Epoch 64 [40/729] - Loss: 0.1520
2026-05-02 03:10:04,587 - INFO - Epoch 64 [50/729] - Loss: 0.1573
2026-05-02 03:10:08,022 - INFO - Epoch 64 [60/729] - Loss: 0.1510
2026-05-02 03:10:12,001 - INFO - Epoch 64 [70/729] - Loss: 0.1540
2026-05-02 03:10:15,441 - INFO - Epoch 64 [80/729] - Loss: 0.1557
2026-05-02 03:10:18,876 - INFO - Epoch 64 [90/729] - Loss: 0.1526
2026-05-02 03:10:22,309 - INFO - Epoch 64 [100/729] - Loss: 0.1478
2026-05-02 03:10:25,752 - INFO - Epoch 64 [110/729] - Loss: 0.1472
2026-05-02 03:10:29,189 - INFO - Epoch 64 [120/729] - Loss: 0.1472
2026-05-02 03:10:32,626 - INFO - Epoch 64 [130/729] - Loss: 0.1461
2026-05-02 03:10:36,058 - INFO - Epoch 64 [140/729] - Loss: 0.1446
2026-05-02 03:10:39,496 - INFO - Epoch 64 [150/729] - Loss: 0.1461
2026-05-02 03:10:42,943 - INFO - Epoch 64 [160/729] - Loss: 0.1477
2026-05-02 03:10:46,377 - INFO - Epoch 64 [170/729] - Loss: 0.1474
2026-05-02 03:10:49,812 - INFO - Epoch 64 [180/729] - Loss: 0.1472
2026-05-02 03:10:53,246 - INFO - Epoch 64 [190/729] - Loss: 0.1466
2026-05-02 03:10:56,682 - INFO - Epoch 64 [200/729] - Loss: 0.1454
2026-05-02 03:11:00,116 - INFO - Epoch 64 [210/729] - Loss: 0.1454
2026-05-02 03:11:03,594 - INFO - Epoch 64 [220/729] - Loss: 0.1476
2026-05-02 03:11:07,050 - INFO - Epoch 64 [230/729] - Loss: 0.1485
2026-05-02 03:11:10,481 - INFO - Epoch 64 [240/729] - Loss: 0.1475
2026-05-02 03:11:13,914 - INFO - Epoch 64 [250/729] - Loss: 0.1469
2026-05-02 03:11:17,364 - INFO - Epoch 64 [260/729] - Loss: 0.1466
2026-05-02 03:11:20,800 - INFO - Epoch 64 [270/729] - Loss: 0.1459
2026-05-02 03:11:24,232 - INFO - Epoch 64 [280/729] - Loss: 0.1448
2026-05-02 03:11:27,670 - INFO - Epoch 64 [290/729] - Loss: 0.1440
2026-05-02 03:11:31,113 - INFO - Epoch 64 [300/729] - Loss: 0.1441
2026-05-02 03:11:34,552 - INFO - Epoch 64 [310/729] - Loss: 0.1445
2026-05-02 03:11:37,997 - INFO - Epoch 64 [320/729] - Loss: 0.1444
2026-05-02 03:11:41,428 - INFO - Epoch 64 [330/729] - Loss: 0.1442
2026-05-02 03:11:44,870 - INFO - Epoch 64 [340/729] - Loss: 0.1450
2026-05-02 03:11:48,314 - INFO - Epoch 64 [350/729] - Loss: 0.1453
2026-05-02 03:11:51,753 - INFO - Epoch 64 [360/729] - Loss: 0.1447
2026-05-02 03:11:55,192 - INFO - Epoch 64 [370/729] - Loss: 0.1446
2026-05-02 03:11:59,357 - INFO - Epoch 64 [380/729] - Loss: 0.1449
2026-05-02 03:12:02,803 - INFO - Epoch 64 [390/729] - Loss: 0.1447
2026-05-02 03:12:06,245 - INFO - Epoch 64 [400/729] - Loss: 0.1453
2026-05-02 03:12:09,694 - INFO - Epoch 64 [410/729] - Loss: 0.1463
2026-05-02 03:12:13,154 - INFO - Epoch 64 [420/729] - Loss: 0.1469
2026-05-02 03:12:16,586 - INFO - Epoch 64 [430/729] - Loss: 0.1468
2026-05-02 03:12:20,018 - INFO - Epoch 64 [440/729] - Loss: 0.1465
2026-05-02 03:12:23,482 - INFO - Epoch 64 [450/729] - Loss: 0.1471
2026-05-02 03:12:26,916 - INFO - Epoch 64 [460/729] - Loss: 0.1469
2026-05-02 03:12:30,351 - INFO - Epoch 64 [470/729] - Loss: 0.1469
2026-05-02 03:12:33,790 - INFO - Epoch 64 [480/729] - Loss: 0.1463
2026-05-02 03:12:37,230 - INFO - Epoch 64 [490/729] - Loss: 0.1463
2026-05-02 03:12:40,678 - INFO - Epoch 64 [500/729] - Loss: 0.1461
2026-05-02 03:12:44,132 - INFO - Epoch 64 [510/729] - Loss: 0.1462
2026-05-02 03:12:47,630 - INFO - Epoch 64 [520/729] - Loss: 0.1472
2026-05-02 03:12:51,066 - INFO - Epoch 64 [530/729] - Loss: 0.1468
2026-05-02 03:12:54,510 - INFO - Epoch 64 [540/729] - Loss: 0.1470
2026-05-02 03:12:57,951 - INFO - Epoch 64 [550/729] - Loss: 0.1465
2026-05-02 03:13:01,387 - INFO - Epoch 64 [560/729] - Loss: 0.1460
2026-05-02 03:13:04,835 - INFO - Epoch 64 [570/729] - Loss: 0.1460
2026-05-02 03:13:08,281 - INFO - Epoch 64 [580/729] - Loss: 0.1461
2026-05-02 03:13:11,712 - INFO - Epoch 64 [590/729] - Loss: 0.1461
2026-05-02 03:13:15,149 - INFO - Epoch 64 [600/729] - Loss: 0.1457
2026-05-02 03:13:18,607 - INFO - Epoch 64 [610/729] - Loss: 0.1460
2026-05-02 03:13:22,039 - INFO - Epoch 64 [620/729] - Loss: 0.1455
2026-05-02 03:13:25,486 - INFO - Epoch 64 [630/729] - Loss: 0.1461
2026-05-02 03:13:28,927 - INFO - Epoch 64 [640/729] - Loss: 0.1462
2026-05-02 03:13:32,376 - INFO - Epoch 64 [650/729] - Loss: 0.1464
2026-05-02 03:13:35,820 - INFO - Epoch 64 [660/729] - Loss: 0.1466
2026-05-02 03:13:39,263 - INFO - Epoch 64 [670/729] - Loss: 0.1467
2026-05-02 03:13:42,699 - INFO - Epoch 64 [680/729] - Loss: 0.1466
2026-05-02 03:13:46,141 - INFO - Epoch 64 [690/729] - Loss: 0.1466
2026-05-02 03:13:49,589 - INFO - Epoch 64 [700/729] - Loss: 0.1470
2026-05-02 03:13:53,027 - INFO - Epoch 64 [710/729] - Loss: 0.1475
2026-05-02 03:13:56,466 - INFO - Epoch 64 [720/729] - Loss: 0.1474
2026-05-02 03:14:48,324 - INFO - VAL Epoch 64 | Loss: 0.2951 | IoU: 0.8957 | Prec: 0.8560 | F1: 0.8659 | MAPE_L: 5.20% | MAPE_W: 25.89%
2026-05-02 03:14:49,318 - INFO - Epoch 65 [0/729] - Loss: 0.1198
2026-05-02 03:14:52,752 - INFO - Epoch 65 [10/729] - Loss: 0.1079
2026-05-02 03:14:56,193 - INFO - Epoch 65 [20/729] - Loss: 0.1179
2026-05-02 03:14:59,631 - INFO - Epoch 65 [30/729] - Loss: 0.1208
2026-05-02 03:15:03,072 - INFO - Epoch 65 [40/729] - Loss: 0.1199
2026-05-02 03:15:06,511 - INFO - Epoch 65 [50/729] - Loss: 0.1259
2026-05-02 03:15:09,948 - INFO - Epoch 65 [60/729] - Loss: 0.1266
2026-05-02 03:15:13,394 - INFO - Epoch 65 [70/729] - Loss: 0.1298
2026-05-02 03:15:16,833 - INFO - Epoch 65 [80/729] - Loss: 0.1298
2026-05-02 03:15:20,287 - INFO - Epoch 65 [90/729] - Loss: 0.1354
2026-05-02 03:15:23,724 - INFO - Epoch 65 [100/729] - Loss: 0.1335
2026-05-02 03:15:27,162 - INFO - Epoch 65 [110/729] - Loss: 0.1326
2026-05-02 03:15:30,599 - INFO - Epoch 65 [120/729] - Loss: 0.1315
2026-05-02 03:15:34,045 - INFO - Epoch 65 [130/729] - Loss: 0.1322
2026-05-02 03:15:37,484 - INFO - Epoch 65 [140/729] - Loss: 0.1321
2026-05-02 03:15:40,934 - INFO - Epoch 65 [150/729] - Loss: 0.1331
2026-05-02 03:15:44,388 - INFO - Epoch 65 [160/729] - Loss: 0.1360
2026-05-02 03:15:47,852 - INFO - Epoch 65 [170/729] - Loss: 0.1376
2026-05-02 03:15:51,297 - INFO - Epoch 65 [180/729] - Loss: 0.1428
2026-05-02 03:15:54,738 - INFO - Epoch 65 [190/729] - Loss: 0.1445
2026-05-02 03:15:58,176 - INFO - Epoch 65 [200/729] - Loss: 0.1423
2026-05-02 03:16:01,613 - INFO - Epoch 65 [210/729] - Loss: 0.1414
2026-05-02 03:16:05,062 - INFO - Epoch 65 [220/729] - Loss: 0.1411
2026-05-02 03:16:08,513 - INFO - Epoch 65 [230/729] - Loss: 0.1425
2026-05-02 03:16:11,946 - INFO - Epoch 65 [240/729] - Loss: 0.1429
2026-05-02 03:16:15,381 - INFO - Epoch 65 [250/729] - Loss: 0.1427
2026-05-02 03:16:18,818 - INFO - Epoch 65 [260/729] - Loss: 0.1421
2026-05-02 03:16:22,262 - INFO - Epoch 65 [270/729] - Loss: 0.1429
2026-05-02 03:16:25,712 - INFO - Epoch 65 [280/729] - Loss: 0.1453
2026-05-02 03:16:29,150 - INFO - Epoch 65 [290/729] - Loss: 0.1447
2026-05-02 03:16:32,581 - INFO - Epoch 65 [300/729] - Loss: 0.1433
2026-05-02 03:16:36,037 - INFO - Epoch 65 [310/729] - Loss: 0.1443
2026-05-02 03:16:39,477 - INFO - Epoch 65 [320/729] - Loss: 0.1440
2026-05-02 03:16:42,920 - INFO - Epoch 65 [330/729] - Loss: 0.1462
2026-05-02 03:16:46,358 - INFO - Epoch 65 [340/729] - Loss: 0.1465
2026-05-02 03:16:50,021 - INFO - Epoch 65 [350/729] - Loss: 0.1466
2026-05-02 03:16:53,469 - INFO - Epoch 65 [360/729] - Loss: 0.1466
2026-05-02 03:16:56,931 - INFO - Epoch 65 [370/729] - Loss: 0.1487
2026-05-02 03:17:00,405 - INFO - Epoch 65 [380/729] - Loss: 0.1506
2026-05-02 03:17:03,858 - INFO - Epoch 65 [390/729] - Loss: 0.1517
2026-05-02 03:17:07,300 - INFO - Epoch 65 [400/729] - Loss: 0.1519
2026-05-02 03:17:10,734 - INFO - Epoch 65 [410/729] - Loss: 0.1515
2026-05-02 03:17:14,182 - INFO - Epoch 65 [420/729] - Loss: 0.1519
2026-05-02 03:17:17,631 - INFO - Epoch 65 [430/729] - Loss: 0.1518
2026-05-02 03:17:21,066 - INFO - Epoch 65 [440/729] - Loss: 0.1514
2026-05-02 03:17:24,525 - INFO - Epoch 65 [450/729] - Loss: 0.1520
2026-05-02 03:17:27,966 - INFO - Epoch 65 [460/729] - Loss: 0.1521
2026-05-02 03:17:31,406 - INFO - Epoch 65 [470/729] - Loss: 0.1522
2026-05-02 03:17:34,846 - INFO - Epoch 65 [480/729] - Loss: 0.1523
2026-05-02 03:17:38,301 - INFO - Epoch 65 [490/729] - Loss: 0.1529
2026-05-02 03:17:41,779 - INFO - Epoch 65 [500/729] - Loss: 0.1539
2026-05-02 03:17:45,215 - INFO - Epoch 65 [510/729] - Loss: 0.1541
2026-05-02 03:17:48,658 - INFO - Epoch 65 [520/729] - Loss: 0.1538
2026-05-02 03:17:52,099 - INFO - Epoch 65 [530/729] - Loss: 0.1533
2026-05-02 03:17:55,555 - INFO - Epoch 65 [540/729] - Loss: 0.1538
2026-05-02 03:17:59,003 - INFO - Epoch 65 [550/729] - Loss: 0.1537
2026-05-02 03:18:02,470 - INFO - Epoch 65 [560/729] - Loss: 0.1532
2026-05-02 03:18:05,907 - INFO - Epoch 65 [570/729] - Loss: 0.1527
2026-05-02 03:18:09,349 - INFO - Epoch 65 [580/729] - Loss: 0.1520
2026-05-02 03:18:12,792 - INFO - Epoch 65 [590/729] - Loss: 0.1520
2026-05-02 03:18:16,230 - INFO - Epoch 65 [600/729] - Loss: 0.1517
2026-05-02 03:18:19,700 - INFO - Epoch 65 [610/729] - Loss: 0.1521
2026-05-02 03:18:23,136 - INFO - Epoch 65 [620/729] - Loss: 0.1519
2026-05-02 03:18:26,595 - INFO - Epoch 65 [630/729] - Loss: 0.1519
2026-05-02 03:18:30,041 - INFO - Epoch 65 [640/729] - Loss: 0.1519
2026-05-02 03:18:33,496 - INFO - Epoch 65 [650/729] - Loss: 0.1517
2026-05-02 03:18:36,940 - INFO - Epoch 65 [660/729] - Loss: 0.1513
2026-05-02 03:18:40,382 - INFO - Epoch 65 [670/729] - Loss: 0.1514
2026-05-02 03:18:43,818 - INFO - Epoch 65 [680/729] - Loss: 0.1506
2026-05-02 03:18:47,258 - INFO - Epoch 65 [690/729] - Loss: 0.1507
2026-05-02 03:18:50,704 - INFO - Epoch 65 [700/729] - Loss: 0.1507
2026-05-02 03:18:54,158 - INFO - Epoch 65 [710/729] - Loss: 0.1507
2026-05-02 03:18:57,596 - INFO - Epoch 65 [720/729] - Loss: 0.1504
2026-05-02 03:19:43,809 - INFO - VAL Epoch 65 | Loss: 0.2959 | IoU: 0.8969 | Prec: 0.8528 | F1: 0.8603 | MAPE_L: 5.00% | MAPE_W: 25.43%
2026-05-02 03:19:44,548 - INFO - Epoch 66 [0/729] - Loss: 0.2809
2026-05-02 03:19:48,004 - INFO - Epoch 66 [10/729] - Loss: 0.1405
2026-05-02 03:19:51,465 - INFO - Epoch 66 [20/729] - Loss: 0.1295
2026-05-02 03:19:54,916 - INFO - Epoch 66 [30/729] - Loss: 0.1238
2026-05-02 03:19:58,388 - INFO - Epoch 66 [40/729] - Loss: 0.1301
2026-05-02 03:20:01,837 - INFO - Epoch 66 [50/729] - Loss: 0.1287
2026-05-02 03:20:05,300 - INFO - Epoch 66 [60/729] - Loss: 0.1296
2026-05-02 03:20:08,755 - INFO - Epoch 66 [70/729] - Loss: 0.1301
2026-05-02 03:20:12,207 - INFO - Epoch 66 [80/729] - Loss: 0.1312
2026-05-02 03:20:15,658 - INFO - Epoch 66 [90/729] - Loss: 0.1304
2026-05-02 03:20:19,123 - INFO - Epoch 66 [100/729] - Loss: 0.1330
2026-05-02 03:20:22,578 - INFO - Epoch 66 [110/729] - Loss: 0.1338
2026-05-02 03:20:26,025 - INFO - Epoch 66 [120/729] - Loss: 0.1325
2026-05-02 03:20:29,489 - INFO - Epoch 66 [130/729] - Loss: 0.1345
2026-05-02 03:20:32,940 - INFO - Epoch 66 [140/729] - Loss: 0.1347
2026-05-02 03:20:36,389 - INFO - Epoch 66 [150/729] - Loss: 0.1344
2026-05-02 03:20:39,853 - INFO - Epoch 66 [160/729] - Loss: 0.1351
2026-05-02 03:20:43,301 - INFO - Epoch 66 [170/729] - Loss: 0.1358
2026-05-02 03:20:46,750 - INFO - Epoch 66 [180/729] - Loss: 0.1355
2026-05-02 03:20:50,205 - INFO - Epoch 66 [190/729] - Loss: 0.1365
2026-05-02 03:20:53,672 - INFO - Epoch 66 [200/729] - Loss: 0.1371
2026-05-02 03:20:57,140 - INFO - Epoch 66 [210/729] - Loss: 0.1386
2026-05-02 03:21:00,617 - INFO - Epoch 66 [220/729] - Loss: 0.1398
2026-05-02 03:21:04,092 - INFO - Epoch 66 [230/729] - Loss: 0.1407
2026-05-02 03:21:07,542 - INFO - Epoch 66 [240/729] - Loss: 0.1411
2026-05-02 03:21:11,021 - INFO - Epoch 66 [250/729] - Loss: 0.1417
2026-05-02 03:21:14,507 - INFO - Epoch 66 [260/729] - Loss: 0.1419
2026-05-02 03:21:17,950 - INFO - Epoch 66 [270/729] - Loss: 0.1411
2026-05-02 03:21:21,420 - INFO - Epoch 66 [280/729] - Loss: 0.1411
2026-05-02 03:21:24,872 - INFO - Epoch 66 [290/729] - Loss: 0.1405
2026-05-02 03:21:28,316 - INFO - Epoch 66 [300/729] - Loss: 0.1398
2026-05-02 03:21:31,772 - INFO - Epoch 66 [310/729] - Loss: 0.1415
2026-05-02 03:21:35,220 - INFO - Epoch 66 [320/729] - Loss: 0.1419
2026-05-02 03:21:38,663 - INFO - Epoch 66 [330/729] - Loss: 0.1409
2026-05-02 03:21:42,109 - INFO - Epoch 66 [340/729] - Loss: 0.1400
2026-05-02 03:21:45,548 - INFO - Epoch 66 [350/729] - Loss: 0.1385
2026-05-02 03:21:48,997 - INFO - Epoch 66 [360/729] - Loss: 0.1379
2026-05-02 03:21:52,446 - INFO - Epoch 66 [370/729] - Loss: 0.1377
2026-05-02 03:21:55,898 - INFO - Epoch 66 [380/729] - Loss: 0.1376
2026-05-02 03:21:59,349 - INFO - Epoch 66 [390/729] - Loss: 0.1370
2026-05-02 03:22:02,814 - INFO - Epoch 66 [400/729] - Loss: 0.1368
2026-05-02 03:22:06,270 - INFO - Epoch 66 [410/729] - Loss: 0.1369
2026-05-02 03:22:09,723 - INFO - Epoch 66 [420/729] - Loss: 0.1381
2026-05-02 03:22:13,173 - INFO - Epoch 66 [430/729] - Loss: 0.1382
2026-05-02 03:22:16,662 - INFO - Epoch 66 [440/729] - Loss: 0.1389
2026-05-02 03:22:20,108 - INFO - Epoch 66 [450/729] - Loss: 0.1383
2026-05-02 03:22:23,562 - INFO - Epoch 66 [460/729] - Loss: 0.1380
2026-05-02 03:22:27,029 - INFO - Epoch 66 [470/729] - Loss: 0.1381
2026-05-02 03:22:30,480 - INFO - Epoch 66 [480/729] - Loss: 0.1374
2026-05-02 03:22:33,946 - INFO - Epoch 66 [490/729] - Loss: 0.1381
2026-05-02 03:22:37,401 - INFO - Epoch 66 [500/729] - Loss: 0.1384
2026-05-02 03:22:40,849 - INFO - Epoch 66 [510/729] - Loss: 0.1382
2026-05-02 03:22:44,304 - INFO - Epoch 66 [520/729] - Loss: 0.1379
2026-05-02 03:22:47,760 - INFO - Epoch 66 [530/729] - Loss: 0.1382
2026-05-02 03:22:51,212 - INFO - Epoch 66 [540/729] - Loss: 0.1382
2026-05-02 03:22:54,677 - INFO - Epoch 66 [550/729] - Loss: 0.1383
2026-05-02 03:22:58,158 - INFO - Epoch 66 [560/729] - Loss: 0.1386
2026-05-02 03:23:01,604 - INFO - Epoch 66 [570/729] - Loss: 0.1379
2026-05-02 03:23:05,062 - INFO - Epoch 66 [580/729] - Loss: 0.1384
2026-05-02 03:23:08,511 - INFO - Epoch 66 [590/729] - Loss: 0.1388
2026-05-02 03:23:11,954 - INFO - Epoch 66 [600/729] - Loss: 0.1380
2026-05-02 03:23:15,412 - INFO - Epoch 66 [610/729] - Loss: 0.1384
2026-05-02 03:23:18,869 - INFO - Epoch 66 [620/729] - Loss: 0.1389
2026-05-02 03:23:22,325 - INFO - Epoch 66 [630/729] - Loss: 0.1393
2026-05-02 03:23:25,776 - INFO - Epoch 66 [640/729] - Loss: 0.1391
2026-05-02 03:23:29,222 - INFO - Epoch 66 [650/729] - Loss: 0.1393
2026-05-02 03:23:32,657 - INFO - Epoch 66 [660/729] - Loss: 0.1391
2026-05-02 03:23:36,114 - INFO - Epoch 66 [670/729] - Loss: 0.1392
2026-05-02 03:23:39,571 - INFO - Epoch 66 [680/729] - Loss: 0.1397
2026-05-02 03:23:43,367 - INFO - Epoch 66 [690/729] - Loss: 0.1396
2026-05-02 03:23:46,809 - INFO - Epoch 66 [700/729] - Loss: 0.1395
2026-05-02 03:23:50,250 - INFO - Epoch 66 [710/729] - Loss: 0.1392
2026-05-02 03:23:53,687 - INFO - Epoch 66 [720/729] - Loss: 0.1388
2026-05-02 03:24:45,397 - INFO - VAL Epoch 66 | Loss: 0.3061 | IoU: 0.8963 | Prec: 0.8838 | F1: 0.8719 | MAPE_L: 5.16% | MAPE_W: 25.58%
2026-05-02 03:24:45,810 - INFO -     [!] New Best Model Saved!
2026-05-02 03:24:52,059 - INFO - Epoch 67 [0/729] - Loss: 0.1347
2026-05-02 03:24:55,474 - INFO - Epoch 67 [10/729] - Loss: 0.1332
2026-05-02 03:24:58,914 - INFO - Epoch 67 [20/729] - Loss: 0.1581
2026-05-02 03:25:02,354 - INFO - Epoch 67 [30/729] - Loss: 0.1646
2026-05-02 03:25:05,791 - INFO - Epoch 67 [40/729] - Loss: 0.1590
2026-05-02 03:25:09,217 - INFO - Epoch 67 [50/729] - Loss: 0.1488
2026-05-02 03:25:12,652 - INFO - Epoch 67 [60/729] - Loss: 0.1486
2026-05-02 03:25:16,098 - INFO - Epoch 67 [70/729] - Loss: 0.1496
2026-05-02 03:25:19,529 - INFO - Epoch 67 [80/729] - Loss: 0.1505
2026-05-02 03:25:22,960 - INFO - Epoch 67 [90/729] - Loss: 0.1528
2026-05-02 03:25:26,396 - INFO - Epoch 67 [100/729] - Loss: 0.1507
2026-05-02 03:25:29,821 - INFO - Epoch 67 [110/729] - Loss: 0.1522
2026-05-02 03:25:33,263 - INFO - Epoch 67 [120/729] - Loss: 0.1505
2026-05-02 03:25:36,701 - INFO - Epoch 67 [130/729] - Loss: 0.1506
2026-05-02 03:25:40,127 - INFO - Epoch 67 [140/729] - Loss: 0.1482
2026-05-02 03:25:43,561 - INFO - Epoch 67 [150/729] - Loss: 0.1473
2026-05-02 03:25:46,997 - INFO - Epoch 67 [160/729] - Loss: 0.1465
2026-05-02 03:25:50,432 - INFO - Epoch 67 [170/729] - Loss: 0.1498
2026-05-02 03:25:53,879 - INFO - Epoch 67 [180/729] - Loss: 0.1500
2026-05-02 03:25:57,307 - INFO - Epoch 67 [190/729] - Loss: 0.1483
2026-05-02 03:26:00,735 - INFO - Epoch 67 [200/729] - Loss: 0.1455
2026-05-02 03:26:04,162 - INFO - Epoch 67 [210/729] - Loss: 0.1442
2026-05-02 03:26:07,589 - INFO - Epoch 67 [220/729] - Loss: 0.1425
2026-05-02 03:26:11,025 - INFO - Epoch 67 [230/729] - Loss: 0.1416
2026-05-02 03:26:14,466 - INFO - Epoch 67 [240/729] - Loss: 0.1420
2026-05-02 03:26:17,895 - INFO - Epoch 67 [250/729] - Loss: 0.1415
2026-05-02 03:26:21,340 - INFO - Epoch 67 [260/729] - Loss: 0.1425
2026-05-02 03:26:24,774 - INFO - Epoch 67 [270/729] - Loss: 0.1430
2026-05-02 03:26:28,208 - INFO - Epoch 67 [280/729] - Loss: 0.1427
2026-05-02 03:26:31,649 - INFO - Epoch 67 [290/729] - Loss: 0.1433
2026-05-02 03:26:35,090 - INFO - Epoch 67 [300/729] - Loss: 0.1441
2026-05-02 03:26:38,520 - INFO - Epoch 67 [310/729] - Loss: 0.1430
2026-05-02 03:26:42,174 - INFO - Epoch 67 [320/729] - Loss: 0.1432
2026-05-02 03:26:45,603 - INFO - Epoch 67 [330/729] - Loss: 0.1430
2026-05-02 03:26:49,040 - INFO - Epoch 67 [340/729] - Loss: 0.1434
2026-05-02 03:26:52,483 - INFO - Epoch 67 [350/729] - Loss: 0.1438
2026-05-02 03:26:55,918 - INFO - Epoch 67 [360/729] - Loss: 0.1438
2026-05-02 03:26:59,357 - INFO - Epoch 67 [370/729] - Loss: 0.1435
2026-05-02 03:27:02,788 - INFO - Epoch 67 [380/729] - Loss: 0.1427
2026-05-02 03:27:06,225 - INFO - Epoch 67 [390/729] - Loss: 0.1425
2026-05-02 03:27:09,682 - INFO - Epoch 67 [400/729] - Loss: 0.1431
2026-05-02 03:27:13,135 - INFO - Epoch 67 [410/729] - Loss: 0.1434
2026-05-02 03:27:16,573 - INFO - Epoch 67 [420/729] - Loss: 0.1431
2026-05-02 03:27:20,004 - INFO - Epoch 67 [430/729] - Loss: 0.1426
2026-05-02 03:27:23,436 - INFO - Epoch 67 [440/729] - Loss: 0.1421
2026-05-02 03:27:26,880 - INFO - Epoch 67 [450/729] - Loss: 0.1432
2026-05-02 03:27:30,307 - INFO - Epoch 67 [460/729] - Loss: 0.1426
2026-05-02 03:27:33,738 - INFO - Epoch 67 [470/729] - Loss: 0.1423
2026-05-02 03:27:37,172 - INFO - Epoch 67 [480/729] - Loss: 0.1419
2026-05-02 03:27:40,626 - INFO - Epoch 67 [490/729] - Loss: 0.1422
2026-05-02 03:27:44,073 - INFO - Epoch 67 [500/729] - Loss: 0.1422
2026-05-02 03:27:47,529 - INFO - Epoch 67 [510/729] - Loss: 0.1425
2026-05-02 03:27:50,966 - INFO - Epoch 67 [520/729] - Loss: 0.1424
2026-05-02 03:27:54,399 - INFO - Epoch 67 [530/729] - Loss: 0.1434
2026-05-02 03:27:57,839 - INFO - Epoch 67 [540/729] - Loss: 0.1440
2026-05-02 03:28:01,307 - INFO - Epoch 67 [550/729] - Loss: 0.1441
2026-05-02 03:28:04,756 - INFO - Epoch 67 [560/729] - Loss: 0.1440
2026-05-02 03:28:08,192 - INFO - Epoch 67 [570/729] - Loss: 0.1441
2026-05-02 03:28:11,627 - INFO - Epoch 67 [580/729] - Loss: 0.1435
2026-05-02 03:28:15,056 - INFO - Epoch 67 [590/729] - Loss: 0.1435
2026-05-02 03:28:18,485 - INFO - Epoch 67 [600/729] - Loss: 0.1434
2026-05-02 03:28:21,921 - INFO - Epoch 67 [610/729] - Loss: 0.1435
2026-05-02 03:28:25,352 - INFO - Epoch 67 [620/729] - Loss: 0.1433
2026-05-02 03:28:28,783 - INFO - Epoch 67 [630/729] - Loss: 0.1435
2026-05-02 03:28:32,218 - INFO - Epoch 67 [640/729] - Loss: 0.1431
2026-05-02 03:28:35,661 - INFO - Epoch 67 [650/729] - Loss: 0.1436
2026-05-02 03:28:39,102 - INFO - Epoch 67 [660/729] - Loss: 0.1438
2026-05-02 03:28:42,540 - INFO - Epoch 67 [670/729] - Loss: 0.1443
2026-05-02 03:28:45,976 - INFO - Epoch 67 [680/729] - Loss: 0.1447
2026-05-02 03:28:49,411 - INFO - Epoch 67 [690/729] - Loss: 0.1445
2026-05-02 03:28:52,844 - INFO - Epoch 67 [700/729] - Loss: 0.1445
2026-05-02 03:28:56,278 - INFO - Epoch 67 [710/729] - Loss: 0.1447
2026-05-02 03:28:59,714 - INFO - Epoch 67 [720/729] - Loss: 0.1451
2026-05-02 03:29:46,208 - INFO - VAL Epoch 67 | Loss: 0.2952 | IoU: 0.8974 | Prec: 0.8711 | F1: 0.8681 | MAPE_L: 5.27% | MAPE_W: 25.37%
2026-05-02 03:29:46,977 - INFO - Epoch 68 [0/729] - Loss: 0.1010
2026-05-02 03:29:50,420 - INFO - Epoch 68 [10/729] - Loss: 0.1418
2026-05-02 03:29:53,869 - INFO - Epoch 68 [20/729] - Loss: 0.1286
2026-05-02 03:29:57,321 - INFO - Epoch 68 [30/729] - Loss: 0.1325
2026-05-02 03:30:00,794 - INFO - Epoch 68 [40/729] - Loss: 0.1450
2026-05-02 03:30:04,241 - INFO - Epoch 68 [50/729] - Loss: 0.1400
2026-05-02 03:30:07,685 - INFO - Epoch 68 [60/729] - Loss: 0.1345
2026-05-02 03:30:11,143 - INFO - Epoch 68 [70/729] - Loss: 0.1378
2026-05-02 03:30:14,610 - INFO - Epoch 68 [80/729] - Loss: 0.1418
2026-05-02 03:30:18,058 - INFO - Epoch 68 [90/729] - Loss: 0.1394
2026-05-02 03:30:21,536 - INFO - Epoch 68 [100/729] - Loss: 0.1414
2026-05-02 03:30:24,982 - INFO - Epoch 68 [110/729] - Loss: 0.1425
2026-05-02 03:30:28,431 - INFO - Epoch 68 [120/729] - Loss: 0.1442
2026-05-02 03:30:31,884 - INFO - Epoch 68 [130/729] - Loss: 0.1442
2026-05-02 03:30:35,335 - INFO - Epoch 68 [140/729] - Loss: 0.1431
2026-05-02 03:30:38,785 - INFO - Epoch 68 [150/729] - Loss: 0.1428
2026-05-02 03:30:42,234 - INFO - Epoch 68 [160/729] - Loss: 0.1416
2026-05-02 03:30:45,680 - INFO - Epoch 68 [170/729] - Loss: 0.1412
2026-05-02 03:30:49,128 - INFO - Epoch 68 [180/729] - Loss: 0.1398
2026-05-02 03:30:52,576 - INFO - Epoch 68 [190/729] - Loss: 0.1392
2026-05-02 03:30:56,040 - INFO - Epoch 68 [200/729] - Loss: 0.1400
2026-05-02 03:30:59,493 - INFO - Epoch 68 [210/729] - Loss: 0.1400
2026-05-02 03:31:02,955 - INFO - Epoch 68 [220/729] - Loss: 0.1409
2026-05-02 03:31:06,413 - INFO - Epoch 68 [230/729] - Loss: 0.1412
2026-05-02 03:31:09,870 - INFO - Epoch 68 [240/729] - Loss: 0.1422
2026-05-02 03:31:13,338 - INFO - Epoch 68 [250/729] - Loss: 0.1428
2026-05-02 03:31:17,453 - INFO - Epoch 68 [260/729] - Loss: 0.1429
2026-05-02 03:31:20,894 - INFO - Epoch 68 [270/729] - Loss: 0.1421
2026-05-02 03:31:24,344 - INFO - Epoch 68 [280/729] - Loss: 0.1419
2026-05-02 03:31:27,802 - INFO - Epoch 68 [290/729] - Loss: 0.1437
2026-05-02 03:31:31,254 - INFO - Epoch 68 [300/729] - Loss: 0.1437
2026-05-02 03:31:34,702 - INFO - Epoch 68 [310/729] - Loss: 0.1424
2026-05-02 03:31:38,167 - INFO - Epoch 68 [320/729] - Loss: 0.1440
2026-05-02 03:31:41,622 - INFO - Epoch 68 [330/729] - Loss: 0.1453
2026-05-02 03:31:45,079 - INFO - Epoch 68 [340/729] - Loss: 0.1459
2026-05-02 03:31:48,526 - INFO - Epoch 68 [350/729] - Loss: 0.1459
2026-05-02 03:31:52,011 - INFO - Epoch 68 [360/729] - Loss: 0.1469
2026-05-02 03:31:55,493 - INFO - Epoch 68 [370/729] - Loss: 0.1482
2026-05-02 03:31:58,947 - INFO - Epoch 68 [380/729] - Loss: 0.1481
2026-05-02 03:32:02,404 - INFO - Epoch 68 [390/729] - Loss: 0.1481
2026-05-02 03:32:05,860 - INFO - Epoch 68 [400/729] - Loss: 0.1492
2026-05-02 03:32:09,305 - INFO - Epoch 68 [410/729] - Loss: 0.1484
2026-05-02 03:32:12,756 - INFO - Epoch 68 [420/729] - Loss: 0.1492
2026-05-02 03:32:16,212 - INFO - Epoch 68 [430/729] - Loss: 0.1489
2026-05-02 03:32:19,667 - INFO - Epoch 68 [440/729] - Loss: 0.1492
2026-05-02 03:32:23,116 - INFO - Epoch 68 [450/729] - Loss: 0.1487
2026-05-02 03:32:26,578 - INFO - Epoch 68 [460/729] - Loss: 0.1487
2026-05-02 03:32:30,016 - INFO - Epoch 68 [470/729] - Loss: 0.1479
2026-05-02 03:32:33,683 - INFO - Epoch 68 [480/729] - Loss: 0.1478
2026-05-02 03:32:37,123 - INFO - Epoch 68 [490/729] - Loss: 0.1472
2026-05-02 03:32:40,576 - INFO - Epoch 68 [500/729] - Loss: 0.1470
2026-05-02 03:32:44,021 - INFO - Epoch 68 [510/729] - Loss: 0.1469
2026-05-02 03:32:47,481 - INFO - Epoch 68 [520/729] - Loss: 0.1471
2026-05-02 03:32:50,931 - INFO - Epoch 68 [530/729] - Loss: 0.1474
2026-05-02 03:32:54,381 - INFO - Epoch 68 [540/729] - Loss: 0.1473
2026-05-02 03:32:57,858 - INFO - Epoch 68 [550/729] - Loss: 0.1476
2026-05-02 03:33:01,306 - INFO - Epoch 68 [560/729] - Loss: 0.1473
2026-05-02 03:33:04,765 - INFO - Epoch 68 [570/729] - Loss: 0.1474
2026-05-02 03:33:08,230 - INFO - Epoch 68 [580/729] - Loss: 0.1469
2026-05-02 03:33:11,686 - INFO - Epoch 68 [590/729] - Loss: 0.1465
2026-05-02 03:33:15,191 - INFO - Epoch 68 [600/729] - Loss: 0.1469
2026-05-02 03:33:18,645 - INFO - Epoch 68 [610/729] - Loss: 0.1463
2026-05-02 03:33:22,097 - INFO - Epoch 68 [620/729] - Loss: 0.1459
2026-05-02 03:33:25,549 - INFO - Epoch 68 [630/729] - Loss: 0.1455
2026-05-02 03:33:29,003 - INFO - Epoch 68 [640/729] - Loss: 0.1450
2026-05-02 03:33:32,453 - INFO - Epoch 68 [650/729] - Loss: 0.1448
2026-05-02 03:33:35,920 - INFO - Epoch 68 [660/729] - Loss: 0.1447
2026-05-02 03:33:39,369 - INFO - Epoch 68 [670/729] - Loss: 0.1444
2026-05-02 03:33:42,824 - INFO - Epoch 68 [680/729] - Loss: 0.1441
2026-05-02 03:33:46,278 - INFO - Epoch 68 [690/729] - Loss: 0.1436
2026-05-02 03:33:49,729 - INFO - Epoch 68 [700/729] - Loss: 0.1433
2026-05-02 03:33:53,184 - INFO - Epoch 68 [710/729] - Loss: 0.1429
2026-05-02 03:33:56,637 - INFO - Epoch 68 [720/729] - Loss: 0.1430
2026-05-02 03:34:43,272 - INFO - VAL Epoch 68 | Loss: 0.2898 | IoU: 0.8971 | Prec: 0.8693 | F1: 0.8764 | MAPE_L: 5.29% | MAPE_W: 25.27%
2026-05-02 03:34:44,166 - INFO -     [!] New Best Model Saved!
2026-05-02 03:34:44,938 - INFO - Epoch 69 [0/729] - Loss: 0.1039
2026-05-02 03:34:48,384 - INFO - Epoch 69 [10/729] - Loss: 0.1650
2026-05-02 03:34:51,835 - INFO - Epoch 69 [20/729] - Loss: 0.1506
2026-05-02 03:34:55,293 - INFO - Epoch 69 [30/729] - Loss: 0.1477
2026-05-02 03:34:58,741 - INFO - Epoch 69 [40/729] - Loss: 0.1410
2026-05-02 03:35:02,182 - INFO - Epoch 69 [50/729] - Loss: 0.1340
2026-05-02 03:35:05,624 - INFO - Epoch 69 [60/729] - Loss: 0.1272
2026-05-02 03:35:09,080 - INFO - Epoch 69 [70/729] - Loss: 0.1279
2026-05-02 03:35:12,531 - INFO - Epoch 69 [80/729] - Loss: 0.1316
2026-05-02 03:35:15,993 - INFO - Epoch 69 [90/729] - Loss: 0.1332
2026-05-02 03:35:19,450 - INFO - Epoch 69 [100/729] - Loss: 0.1338
2026-05-02 03:35:22,904 - INFO - Epoch 69 [110/729] - Loss: 0.1341
2026-05-02 03:35:26,363 - INFO - Epoch 69 [120/729] - Loss: 0.1350
2026-05-02 03:35:29,830 - INFO - Epoch 69 [130/729] - Loss: 0.1357
2026-05-02 03:35:33,290 - INFO - Epoch 69 [140/729] - Loss: 0.1364
2026-05-02 03:35:36,739 - INFO - Epoch 69 [150/729] - Loss: 0.1358
2026-05-02 03:35:40,208 - INFO - Epoch 69 [160/729] - Loss: 0.1375
2026-05-02 03:35:43,653 - INFO - Epoch 69 [170/729] - Loss: 0.1365
2026-05-02 03:35:47,116 - INFO - Epoch 69 [180/729] - Loss: 0.1385
2026-05-02 03:35:50,560 - INFO - Epoch 69 [190/729] - Loss: 0.1373
2026-05-02 03:35:54,038 - INFO - Epoch 69 [200/729] - Loss: 0.1391
2026-05-02 03:35:57,484 - INFO - Epoch 69 [210/729] - Loss: 0.1391
2026-05-02 03:36:00,929 - INFO - Epoch 69 [220/729] - Loss: 0.1388
2026-05-02 03:36:04,379 - INFO - Epoch 69 [230/729] - Loss: 0.1373
2026-05-02 03:36:07,840 - INFO - Epoch 69 [240/729] - Loss: 0.1376
2026-05-02 03:36:11,288 - INFO - Epoch 69 [250/729] - Loss: 0.1369
2026-05-02 03:36:14,734 - INFO - Epoch 69 [260/729] - Loss: 0.1365
2026-05-02 03:36:18,186 - INFO - Epoch 69 [270/729] - Loss: 0.1361
2026-05-02 03:36:21,638 - INFO - Epoch 69 [280/729] - Loss: 0.1362
2026-05-02 03:36:25,095 - INFO - Epoch 69 [290/729] - Loss: 0.1370
2026-05-02 03:36:28,559 - INFO - Epoch 69 [300/729] - Loss: 0.1382
2026-05-02 03:36:32,010 - INFO - Epoch 69 [310/729] - Loss: 0.1390
2026-05-02 03:36:35,458 - INFO - Epoch 69 [320/729] - Loss: 0.1381
2026-05-02 03:36:38,922 - INFO - Epoch 69 [330/729] - Loss: 0.1382
2026-05-02 03:36:42,374 - INFO - Epoch 69 [340/729] - Loss: 0.1375
2026-05-02 03:36:45,822 - INFO - Epoch 69 [350/729] - Loss: 0.1376
2026-05-02 03:36:49,273 - INFO - Epoch 69 [360/729] - Loss: 0.1377
2026-05-02 03:36:52,729 - INFO - Epoch 69 [370/729] - Loss: 0.1385
2026-05-02 03:36:56,181 - INFO - Epoch 69 [380/729] - Loss: 0.1383
2026-05-02 03:36:59,629 - INFO - Epoch 69 [390/729] - Loss: 0.1379
2026-05-02 03:37:03,080 - INFO - Epoch 69 [400/729] - Loss: 0.1367
2026-05-02 03:37:06,528 - INFO - Epoch 69 [410/729] - Loss: 0.1359
2026-05-02 03:37:09,976 - INFO - Epoch 69 [420/729] - Loss: 0.1354
2026-05-02 03:37:13,439 - INFO - Epoch 69 [430/729] - Loss: 0.1356
2026-05-02 03:37:17,357 - INFO - Epoch 69 [440/729] - Loss: 0.1361
2026-05-02 03:37:20,814 - INFO - Epoch 69 [450/729] - Loss: 0.1364
2026-05-02 03:37:24,260 - INFO - Epoch 69 [460/729] - Loss: 0.1364
2026-05-02 03:37:27,713 - INFO - Epoch 69 [470/729] - Loss: 0.1368
2026-05-02 03:37:31,165 - INFO - Epoch 69 [480/729] - Loss: 0.1368
2026-05-02 03:37:34,615 - INFO - Epoch 69 [490/729] - Loss: 0.1365
2026-05-02 03:37:38,060 - INFO - Epoch 69 [500/729] - Loss: 0.1363
2026-05-02 03:37:41,509 - INFO - Epoch 69 [510/729] - Loss: 0.1361
2026-05-02 03:37:44,958 - INFO - Epoch 69 [520/729] - Loss: 0.1362
2026-05-02 03:37:48,400 - INFO - Epoch 69 [530/729] - Loss: 0.1365
2026-05-02 03:37:51,842 - INFO - Epoch 69 [540/729] - Loss: 0.1368
2026-05-02 03:37:55,282 - INFO - Epoch 69 [550/729] - Loss: 0.1366
2026-05-02 03:37:58,724 - INFO - Epoch 69 [560/729] - Loss: 0.1365
2026-05-02 03:38:02,285 - INFO - Epoch 69 [570/729] - Loss: 0.1374
2026-05-02 03:38:05,733 - INFO - Epoch 69 [580/729] - Loss: 0.1377
2026-05-02 03:38:09,185 - INFO - Epoch 69 [590/729] - Loss: 0.1378
2026-05-02 03:38:12,630 - INFO - Epoch 69 [600/729] - Loss: 0.1375
2026-05-02 03:38:16,086 - INFO - Epoch 69 [610/729] - Loss: 0.1382
2026-05-02 03:38:19,526 - INFO - Epoch 69 [620/729] - Loss: 0.1385
2026-05-02 03:38:22,977 - INFO - Epoch 69 [630/729] - Loss: 0.1390
2026-05-02 03:38:26,422 - INFO - Epoch 69 [640/729] - Loss: 0.1389
2026-05-02 03:38:29,859 - INFO - Epoch 69 [650/729] - Loss: 0.1389
2026-05-02 03:38:33,307 - INFO - Epoch 69 [660/729] - Loss: 0.1388
2026-05-02 03:38:36,747 - INFO - Epoch 69 [670/729] - Loss: 0.1387
2026-05-02 03:38:40,195 - INFO - Epoch 69 [680/729] - Loss: 0.1388
2026-05-02 03:38:43,639 - INFO - Epoch 69 [690/729] - Loss: 0.1387
2026-05-02 03:38:47,091 - INFO - Epoch 69 [700/729] - Loss: 0.1384
2026-05-02 03:38:50,538 - INFO - Epoch 69 [710/729] - Loss: 0.1384
2026-05-02 03:38:54,028 - INFO - Epoch 69 [720/729] - Loss: 0.1389
2026-05-02 03:39:40,572 - INFO - VAL Epoch 69 | Loss: 0.2921 | IoU: 0.8982 | Prec: 0.8477 | F1: 0.8608 | MAPE_L: 5.65% | MAPE_W: 25.66%
2026-05-02 03:39:41,321 - INFO - Epoch 70 [0/729] - Loss: 0.1334
2026-05-02 03:39:44,771 - INFO - Epoch 70 [10/729] - Loss: 0.1404
2026-05-02 03:39:48,220 - INFO - Epoch 70 [20/729] - Loss: 0.1447
2026-05-02 03:39:51,684 - INFO - Epoch 70 [30/729] - Loss: 0.1527
2026-05-02 03:39:55,137 - INFO - Epoch 70 [40/729] - Loss: 0.1543
2026-05-02 03:39:58,579 - INFO - Epoch 70 [50/729] - Loss: 0.1544
2026-05-02 03:40:02,030 - INFO - Epoch 70 [60/729] - Loss: 0.1515
2026-05-02 03:40:05,485 - INFO - Epoch 70 [70/729] - Loss: 0.1521
2026-05-02 03:40:08,925 - INFO - Epoch 70 [80/729] - Loss: 0.1487
2026-05-02 03:40:12,368 - INFO - Epoch 70 [90/729] - Loss: 0.1476
2026-05-02 03:40:15,818 - INFO - Epoch 70 [100/729] - Loss: 0.1452
2026-05-02 03:40:19,263 - INFO - Epoch 70 [110/729] - Loss: 0.1444
2026-05-02 03:40:22,702 - INFO - Epoch 70 [120/729] - Loss: 0.1439
2026-05-02 03:40:26,150 - INFO - Epoch 70 [130/729] - Loss: 0.1424
2026-05-02 03:40:29,615 - INFO - Epoch 70 [140/729] - Loss: 0.1451
2026-05-02 03:40:33,090 - INFO - Epoch 70 [150/729] - Loss: 0.1455
2026-05-02 03:40:36,538 - INFO - Epoch 70 [160/729] - Loss: 0.1450
2026-05-02 03:40:39,984 - INFO - Epoch 70 [170/729] - Loss: 0.1448
2026-05-02 03:40:43,425 - INFO - Epoch 70 [180/729] - Loss: 0.1429
2026-05-02 03:40:46,891 - INFO - Epoch 70 [190/729] - Loss: 0.1434
2026-05-02 03:40:50,346 - INFO - Epoch 70 [200/729] - Loss: 0.1434
2026-05-02 03:40:53,783 - INFO - Epoch 70 [210/729] - Loss: 0.1413
2026-05-02 03:40:57,232 - INFO - Epoch 70 [220/729] - Loss: 0.1417
2026-05-02 03:41:00,677 - INFO - Epoch 70 [230/729] - Loss: 0.1419
2026-05-02 03:41:04,119 - INFO - Epoch 70 [240/729] - Loss: 0.1414
2026-05-02 03:41:07,559 - INFO - Epoch 70 [250/729] - Loss: 0.1405
2026-05-02 03:41:11,005 - INFO - Epoch 70 [260/729] - Loss: 0.1417
2026-05-02 03:41:14,449 - INFO - Epoch 70 [270/729] - Loss: 0.1404
2026-05-02 03:41:17,893 - INFO - Epoch 70 [280/729] - Loss: 0.1398
2026-05-02 03:41:21,355 - INFO - Epoch 70 [290/729] - Loss: 0.1408
2026-05-02 03:41:24,794 - INFO - Epoch 70 [300/729] - Loss: 0.1395
2026-05-02 03:41:28,252 - INFO - Epoch 70 [310/729] - Loss: 0.1400
2026-05-02 03:41:31,704 - INFO - Epoch 70 [320/729] - Loss: 0.1401
2026-05-02 03:41:35,170 - INFO - Epoch 70 [330/729] - Loss: 0.1404
2026-05-02 03:41:38,625 - INFO - Epoch 70 [340/729] - Loss: 0.1403
2026-05-02 03:41:42,071 - INFO - Epoch 70 [350/729] - Loss: 0.1399
2026-05-02 03:41:45,520 - INFO - Epoch 70 [360/729] - Loss: 0.1397
2026-05-02 03:41:48,964 - INFO - Epoch 70 [370/729] - Loss: 0.1396
2026-05-02 03:41:52,403 - INFO - Epoch 70 [380/729] - Loss: 0.1396
2026-05-02 03:41:55,850 - INFO - Epoch 70 [390/729] - Loss: 0.1399
2026-05-02 03:41:59,292 - INFO - Epoch 70 [400/729] - Loss: 0.1392
2026-05-02 03:42:02,752 - INFO - Epoch 70 [410/729] - Loss: 0.1388
2026-05-02 03:42:06,204 - INFO - Epoch 70 [420/729] - Loss: 0.1388
2026-05-02 03:42:09,643 - INFO - Epoch 70 [430/729] - Loss: 0.1383
2026-05-02 03:42:13,094 - INFO - Epoch 70 [440/729] - Loss: 0.1385
2026-05-02 03:42:16,534 - INFO - Epoch 70 [450/729] - Loss: 0.1377
2026-05-02 03:42:19,981 - INFO - Epoch 70 [460/729] - Loss: 0.1378
2026-05-02 03:42:23,769 - INFO - Epoch 70 [470/729] - Loss: 0.1377
2026-05-02 03:42:27,212 - INFO - Epoch 70 [480/729] - Loss: 0.1370
2026-05-02 03:42:30,659 - INFO - Epoch 70 [490/729] - Loss: 0.1366
2026-05-02 03:42:34,100 - INFO - Epoch 70 [500/729] - Loss: 0.1361
2026-05-02 03:42:37,539 - INFO - Epoch 70 [510/729] - Loss: 0.1356
2026-05-02 03:42:41,002 - INFO - Epoch 70 [520/729] - Loss: 0.1355
2026-05-02 03:42:44,476 - INFO - Epoch 70 [530/729] - Loss: 0.1358
2026-05-02 03:42:47,933 - INFO - Epoch 70 [540/729] - Loss: 0.1365
2026-05-02 03:42:51,390 - INFO - Epoch 70 [550/729] - Loss: 0.1365
2026-05-02 03:42:54,847 - INFO - Epoch 70 [560/729] - Loss: 0.1364
2026-05-02 03:42:58,291 - INFO - Epoch 70 [570/729] - Loss: 0.1362
2026-05-02 03:43:01,753 - INFO - Epoch 70 [580/729] - Loss: 0.1368
2026-05-02 03:43:05,201 - INFO - Epoch 70 [590/729] - Loss: 0.1368
2026-05-02 03:43:08,667 - INFO - Epoch 70 [600/729] - Loss: 0.1375
2026-05-02 03:43:12,132 - INFO - Epoch 70 [610/729] - Loss: 0.1373
2026-05-02 03:43:15,572 - INFO - Epoch 70 [620/729] - Loss: 0.1371
2026-05-02 03:43:19,012 - INFO - Epoch 70 [630/729] - Loss: 0.1368
2026-05-02 03:43:22,460 - INFO - Epoch 70 [640/729] - Loss: 0.1368
2026-05-02 03:43:25,927 - INFO - Epoch 70 [650/729] - Loss: 0.1367
2026-05-02 03:43:29,377 - INFO - Epoch 70 [660/729] - Loss: 0.1373
2026-05-02 03:43:32,826 - INFO - Epoch 70 [670/729] - Loss: 0.1378
2026-05-02 03:43:36,279 - INFO - Epoch 70 [680/729] - Loss: 0.1381
2026-05-02 03:43:39,726 - INFO - Epoch 70 [690/729] - Loss: 0.1384
2026-05-02 03:43:43,172 - INFO - Epoch 70 [700/729] - Loss: 0.1382
2026-05-02 03:43:46,625 - INFO - Epoch 70 [710/729] - Loss: 0.1384
2026-05-02 03:43:50,086 - INFO - Epoch 70 [720/729] - Loss: 0.1387
2026-05-02 03:44:36,672 - INFO - VAL Epoch 70 | Loss: 0.2964 | IoU: 0.8944 | Prec: 0.8574 | F1: 0.8668 | MAPE_L: 5.92% | MAPE_W: 26.78%
2026-05-02 03:44:37,386 - INFO - Epoch 71 [0/729] - Loss: 0.2549
2026-05-02 03:44:40,834 - INFO - Epoch 71 [10/729] - Loss: 0.1535
2026-05-02 03:44:44,277 - INFO - Epoch 71 [20/729] - Loss: 0.1414
2026-05-02 03:44:47,717 - INFO - Epoch 71 [30/729] - Loss: 0.1414
2026-05-02 03:44:51,189 - INFO - Epoch 71 [40/729] - Loss: 0.1492
2026-05-02 03:44:54,631 - INFO - Epoch 71 [50/729] - Loss: 0.1425
2026-05-02 03:44:58,081 - INFO - Epoch 71 [60/729] - Loss: 0.1457
2026-05-02 03:45:01,573 - INFO - Epoch 71 [70/729] - Loss: 0.1446
2026-05-02 03:45:05,026 - INFO - Epoch 71 [80/729] - Loss: 0.1450
2026-05-02 03:45:08,464 - INFO - Epoch 71 [90/729] - Loss: 0.1406
2026-05-02 03:45:11,916 - INFO - Epoch 71 [100/729] - Loss: 0.1401
2026-05-02 03:45:15,356 - INFO - Epoch 71 [110/729] - Loss: 0.1403
2026-05-02 03:45:18,804 - INFO - Epoch 71 [120/729] - Loss: 0.1393
2026-05-02 03:45:22,253 - INFO - Epoch 71 [130/729] - Loss: 0.1388
2026-05-02 03:45:25,696 - INFO - Epoch 71 [140/729] - Loss: 0.1386
2026-05-02 03:45:29,162 - INFO - Epoch 71 [150/729] - Loss: 0.1412
2026-05-02 03:45:32,611 - INFO - Epoch 71 [160/729] - Loss: 0.1393
2026-05-02 03:45:36,073 - INFO - Epoch 71 [170/729] - Loss: 0.1418
2026-05-02 03:45:39,515 - INFO - Epoch 71 [180/729] - Loss: 0.1405
2026-05-02 03:45:42,956 - INFO - Epoch 71 [190/729] - Loss: 0.1390
2026-05-02 03:45:46,411 - INFO - Epoch 71 [200/729] - Loss: 0.1383
2026-05-02 03:45:49,865 - INFO - Epoch 71 [210/729] - Loss: 0.1391
2026-05-02 03:45:53,321 - INFO - Epoch 71 [220/729] - Loss: 0.1408
2026-05-02 03:45:56,775 - INFO - Epoch 71 [230/729] - Loss: 0.1406
2026-05-02 03:46:00,211 - INFO - Epoch 71 [240/729] - Loss: 0.1386
2026-05-02 03:46:03,654 - INFO - Epoch 71 [250/729] - Loss: 0.1378
2026-05-02 03:46:07,125 - INFO - Epoch 71 [260/729] - Loss: 0.1394
2026-05-02 03:46:10,569 - INFO - Epoch 71 [270/729] - Loss: 0.1392
2026-05-02 03:46:14,016 - INFO - Epoch 71 [280/729] - Loss: 0.1391
2026-05-02 03:46:17,472 - INFO - Epoch 71 [290/729] - Loss: 0.1383
2026-05-02 03:46:20,915 - INFO - Epoch 71 [300/729] - Loss: 0.1372
2026-05-02 03:46:24,361 - INFO - Epoch 71 [310/729] - Loss: 0.1370
2026-05-02 03:46:27,807 - INFO - Epoch 71 [320/729] - Loss: 0.1365
2026-05-02 03:46:31,251 - INFO - Epoch 71 [330/729] - Loss: 0.1361
2026-05-02 03:46:34,696 - INFO - Epoch 71 [340/729] - Loss: 0.1363
2026-05-02 03:46:38,138 - INFO - Epoch 71 [350/729] - Loss: 0.1364
2026-05-02 03:46:41,593 - INFO - Epoch 71 [360/729] - Loss: 0.1364
2026-05-02 03:46:45,037 - INFO - Epoch 71 [370/729] - Loss: 0.1370
2026-05-02 03:46:48,502 - INFO - Epoch 71 [380/729] - Loss: 0.1382
2026-05-02 03:46:51,975 - INFO - Epoch 71 [390/729] - Loss: 0.1384
2026-05-02 03:46:55,416 - INFO - Epoch 71 [400/729] - Loss: 0.1376
2026-05-02 03:46:58,851 - INFO - Epoch 71 [410/729] - Loss: 0.1366
2026-05-02 03:47:02,308 - INFO - Epoch 71 [420/729] - Loss: 0.1360
2026-05-02 03:47:05,747 - INFO - Epoch 71 [430/729] - Loss: 0.1356
2026-05-02 03:47:09,203 - INFO - Epoch 71 [440/729] - Loss: 0.1356
2026-05-02 03:47:12,651 - INFO - Epoch 71 [450/729] - Loss: 0.1355
2026-05-02 03:47:16,094 - INFO - Epoch 71 [460/729] - Loss: 0.1353
2026-05-02 03:47:19,540 - INFO - Epoch 71 [470/729] - Loss: 0.1350
2026-05-02 03:47:22,995 - INFO - Epoch 71 [480/729] - Loss: 0.1348
2026-05-02 03:47:26,448 - INFO - Epoch 71 [490/729] - Loss: 0.1352
2026-05-02 03:47:29,885 - INFO - Epoch 71 [500/729] - Loss: 0.1349
2026-05-02 03:47:33,326 - INFO - Epoch 71 [510/729] - Loss: 0.1365
2026-05-02 03:47:36,772 - INFO - Epoch 71 [520/729] - Loss: 0.1360
2026-05-02 03:47:40,213 - INFO - Epoch 71 [530/729] - Loss: 0.1358
2026-05-02 03:47:43,655 - INFO - Epoch 71 [540/729] - Loss: 0.1361
2026-05-02 03:47:47,103 - INFO - Epoch 71 [550/729] - Loss: 0.1361
2026-05-02 03:47:50,554 - INFO - Epoch 71 [560/729] - Loss: 0.1366
2026-05-02 03:47:53,991 - INFO - Epoch 71 [570/729] - Loss: 0.1364
2026-05-02 03:47:57,440 - INFO - Epoch 71 [580/729] - Loss: 0.1366
2026-05-02 03:48:00,898 - INFO - Epoch 71 [590/729] - Loss: 0.1373
2026-05-02 03:48:04,339 - INFO - Epoch 71 [600/729] - Loss: 0.1373
2026-05-02 03:48:07,783 - INFO - Epoch 71 [610/729] - Loss: 0.1371
2026-05-02 03:48:11,251 - INFO - Epoch 71 [620/729] - Loss: 0.1370
2026-05-02 03:48:14,704 - INFO - Epoch 71 [630/729] - Loss: 0.1372
2026-05-02 03:48:18,146 - INFO - Epoch 71 [640/729] - Loss: 0.1368
2026-05-02 03:48:21,595 - INFO - Epoch 71 [650/729] - Loss: 0.1369
2026-05-02 03:48:25,036 - INFO - Epoch 71 [660/729] - Loss: 0.1365
2026-05-02 03:48:28,476 - INFO - Epoch 71 [670/729] - Loss: 0.1362
2026-05-02 03:48:31,928 - INFO - Epoch 71 [680/729] - Loss: 0.1363
2026-05-02 03:48:35,376 - INFO - Epoch 71 [690/729] - Loss: 0.1366
2026-05-02 03:48:38,847 - INFO - Epoch 71 [700/729] - Loss: 0.1374
2026-05-02 03:48:42,327 - INFO - Epoch 71 [710/729] - Loss: 0.1377
2026-05-02 03:48:45,768 - INFO - Epoch 71 [720/729] - Loss: 0.1377
2026-05-02 03:49:32,142 - INFO - VAL Epoch 71 | Loss: 0.2997 | IoU: 0.8921 | Prec: 0.8749 | F1: 0.8753 | MAPE_L: 5.46% | MAPE_W: 25.56%
2026-05-02 03:49:32,879 - INFO - Epoch 72 [0/729] - Loss: 0.0885
2026-05-02 03:49:36,332 - INFO - Epoch 72 [10/729] - Loss: 0.1394
2026-05-02 03:49:39,812 - INFO - Epoch 72 [20/729] - Loss: 0.1496
2026-05-02 03:49:43,265 - INFO - Epoch 72 [30/729] - Loss: 0.1490
2026-05-02 03:49:46,755 - INFO - Epoch 72 [40/729] - Loss: 0.1480
2026-05-02 03:49:50,203 - INFO - Epoch 72 [50/729] - Loss: 0.1409
2026-05-02 03:49:53,672 - INFO - Epoch 72 [60/729] - Loss: 0.1408
2026-05-02 03:49:57,125 - INFO - Epoch 72 [70/729] - Loss: 0.1383
2026-05-02 03:50:00,582 - INFO - Epoch 72 [80/729] - Loss: 0.1415
2026-05-02 03:50:04,045 - INFO - Epoch 72 [90/729] - Loss: 0.1405
2026-05-02 03:50:07,500 - INFO - Epoch 72 [100/729] - Loss: 0.1410
2026-05-02 03:50:10,948 - INFO - Epoch 72 [110/729] - Loss: 0.1399
2026-05-02 03:50:14,402 - INFO - Epoch 72 [120/729] - Loss: 0.1444
2026-05-02 03:50:17,873 - INFO - Epoch 72 [130/729] - Loss: 0.1468
2026-05-02 03:50:21,330 - INFO - Epoch 72 [140/729] - Loss: 0.1466
2026-05-02 03:50:24,782 - INFO - Epoch 72 [150/729] - Loss: 0.1454
2026-05-02 03:50:28,247 - INFO - Epoch 72 [160/729] - Loss: 0.1448
2026-05-02 03:50:31,698 - INFO - Epoch 72 [170/729] - Loss: 0.1446
2026-05-02 03:50:35,153 - INFO - Epoch 72 [180/729] - Loss: 0.1448
2026-05-02 03:50:38,607 - INFO - Epoch 72 [190/729] - Loss: 0.1434
2026-05-02 03:50:42,076 - INFO - Epoch 72 [200/729] - Loss: 0.1441
2026-05-02 03:50:45,523 - INFO - Epoch 72 [210/729] - Loss: 0.1437
2026-05-02 03:50:48,978 - INFO - Epoch 72 [220/729] - Loss: 0.1453
2026-05-02 03:50:52,452 - INFO - Epoch 72 [230/729] - Loss: 0.1452
2026-05-02 03:50:55,914 - INFO - Epoch 72 [240/729] - Loss: 0.1460
2026-05-02 03:50:59,361 - INFO - Epoch 72 [250/729] - Loss: 0.1445
2026-05-02 03:51:02,810 - INFO - Epoch 72 [260/729] - Loss: 0.1427
2026-05-02 03:51:06,258 - INFO - Epoch 72 [270/729] - Loss: 0.1415
2026-05-02 03:51:09,725 - INFO - Epoch 72 [280/729] - Loss: 0.1425
2026-05-02 03:51:13,179 - INFO - Epoch 72 [290/729] - Loss: 0.1415
2026-05-02 03:51:16,639 - INFO - Epoch 72 [300/729] - Loss: 0.1407
2026-05-02 03:51:20,097 - INFO - Epoch 72 [310/729] - Loss: 0.1409
2026-05-02 03:51:23,551 - INFO - Epoch 72 [320/729] - Loss: 0.1399
2026-05-02 03:51:26,997 - INFO - Epoch 72 [330/729] - Loss: 0.1394
2026-05-02 03:51:30,480 - INFO - Epoch 72 [340/729] - Loss: 0.1388
2026-05-02 03:51:33,937 - INFO - Epoch 72 [350/729] - Loss: 0.1383
2026-05-02 03:51:37,404 - INFO - Epoch 72 [360/729] - Loss: 0.1383
2026-05-02 03:51:40,860 - INFO - Epoch 72 [370/729] - Loss: 0.1378
2026-05-02 03:51:44,315 - INFO - Epoch 72 [380/729] - Loss: 0.1378
2026-05-02 03:51:47,774 - INFO - Epoch 72 [390/729] - Loss: 0.1373
2026-05-02 03:51:51,238 - INFO - Epoch 72 [400/729] - Loss: 0.1371
2026-05-02 03:51:54,692 - INFO - Epoch 72 [410/729] - Loss: 0.1367
2026-05-02 03:51:58,166 - INFO - Epoch 72 [420/729] - Loss: 0.1371
2026-05-02 03:52:01,631 - INFO - Epoch 72 [430/729] - Loss: 0.1378
2026-05-02 03:52:05,090 - INFO - Epoch 72 [440/729] - Loss: 0.1376
2026-05-02 03:52:08,561 - INFO - Epoch 72 [450/729] - Loss: 0.1383
2026-05-02 03:52:12,019 - INFO - Epoch 72 [460/729] - Loss: 0.1376
2026-05-02 03:52:15,481 - INFO - Epoch 72 [470/729] - Loss: 0.1376
2026-05-02 03:52:18,962 - INFO - Epoch 72 [480/729] - Loss: 0.1373
2026-05-02 03:52:22,418 - INFO - Epoch 72 [490/729] - Loss: 0.1367
2026-05-02 03:52:25,878 - INFO - Epoch 72 [500/729] - Loss: 0.1363
2026-05-02 03:52:29,336 - INFO - Epoch 72 [510/729] - Loss: 0.1360
2026-05-02 03:52:32,788 - INFO - Epoch 72 [520/729] - Loss: 0.1355
2026-05-02 03:52:36,246 - INFO - Epoch 72 [530/729] - Loss: 0.1354
2026-05-02 03:52:39,699 - INFO - Epoch 72 [540/729] - Loss: 0.1352
2026-05-02 03:52:43,166 - INFO - Epoch 72 [550/729] - Loss: 0.1356
2026-05-02 03:52:46,629 - INFO - Epoch 72 [560/729] - Loss: 0.1357
2026-05-02 03:52:50,095 - INFO - Epoch 72 [570/729] - Loss: 0.1358
2026-05-02 03:52:53,572 - INFO - Epoch 72 [580/729] - Loss: 0.1371
2026-05-02 03:52:57,049 - INFO - Epoch 72 [590/729] - Loss: 0.1373
2026-05-02 03:53:00,501 - INFO - Epoch 72 [600/729] - Loss: 0.1369
2026-05-02 03:53:03,963 - INFO - Epoch 72 [610/729] - Loss: 0.1367
2026-05-02 03:53:07,422 - INFO - Epoch 72 [620/729] - Loss: 0.1368
2026-05-02 03:53:10,869 - INFO - Epoch 72 [630/729] - Loss: 0.1367
2026-05-02 03:53:14,337 - INFO - Epoch 72 [640/729] - Loss: 0.1369
2026-05-02 03:53:17,793 - INFO - Epoch 72 [650/729] - Loss: 0.1369
2026-05-02 03:53:21,244 - INFO - Epoch 72 [660/729] - Loss: 0.1366
2026-05-02 03:53:24,695 - INFO - Epoch 72 [670/729] - Loss: 0.1363
2026-05-02 03:53:28,144 - INFO - Epoch 72 [680/729] - Loss: 0.1358
2026-05-02 03:53:31,711 - INFO - Epoch 72 [690/729] - Loss: 0.1356
2026-05-02 03:53:35,161 - INFO - Epoch 72 [700/729] - Loss: 0.1351
2026-05-02 03:53:38,619 - INFO - Epoch 72 [710/729] - Loss: 0.1354
2026-05-02 03:53:42,395 - INFO - Epoch 72 [720/729] - Loss: 0.1348
2026-05-02 03:54:28,693 - INFO - VAL Epoch 72 | Loss: 0.2933 | IoU: 0.8974 | Prec: 0.8812 | F1: 0.8766 | MAPE_L: 5.34% | MAPE_W: 25.31%
2026-05-02 03:54:29,451 - INFO - Epoch 73 [0/729] - Loss: 0.0669
2026-05-02 03:54:32,885 - INFO - Epoch 73 [10/729] - Loss: 0.1158
2026-05-02 03:54:36,315 - INFO - Epoch 73 [20/729] - Loss: 0.1104
2026-05-02 03:54:39,750 - INFO - Epoch 73 [30/729] - Loss: 0.1150
2026-05-02 03:54:43,181 - INFO - Epoch 73 [40/729] - Loss: 0.1162
2026-05-02 03:54:46,615 - INFO - Epoch 73 [50/729] - Loss: 0.1251
2026-05-02 03:54:50,044 - INFO - Epoch 73 [60/729] - Loss: 0.1252
2026-05-02 03:54:53,472 - INFO - Epoch 73 [70/729] - Loss: 0.1235
2026-05-02 03:54:56,893 - INFO - Epoch 73 [80/729] - Loss: 0.1206
2026-05-02 03:55:00,314 - INFO - Epoch 73 [90/729] - Loss: 0.1171
2026-05-02 03:55:03,759 - INFO - Epoch 73 [100/729] - Loss: 0.1208
2026-05-02 03:55:07,180 - INFO - Epoch 73 [110/729] - Loss: 0.1190
2026-05-02 03:55:10,608 - INFO - Epoch 73 [120/729] - Loss: 0.1192
2026-05-02 03:55:14,049 - INFO - Epoch 73 [130/729] - Loss: 0.1212
2026-05-02 03:55:17,486 - INFO - Epoch 73 [140/729] - Loss: 0.1220
2026-05-02 03:55:20,918 - INFO - Epoch 73 [150/729] - Loss: 0.1232
2026-05-02 03:55:24,361 - INFO - Epoch 73 [160/729] - Loss: 0.1280
2026-05-02 03:55:27,791 - INFO - Epoch 73 [170/729] - Loss: 0.1277
2026-05-02 03:55:31,217 - INFO - Epoch 73 [180/729] - Loss: 0.1270
2026-05-02 03:55:34,656 - INFO - Epoch 73 [190/729] - Loss: 0.1272
2026-05-02 03:55:38,090 - INFO - Epoch 73 [200/729] - Loss: 0.1271
2026-05-02 03:55:41,525 - INFO - Epoch 73 [210/729] - Loss: 0.1273
2026-05-02 03:55:44,956 - INFO - Epoch 73 [220/729] - Loss: 0.1258
2026-05-02 03:55:48,388 - INFO - Epoch 73 [230/729] - Loss: 0.1257
2026-05-02 03:55:51,844 - INFO - Epoch 73 [240/729] - Loss: 0.1277
2026-05-02 03:55:55,280 - INFO - Epoch 73 [250/729] - Loss: 0.1276
2026-05-02 03:55:58,711 - INFO - Epoch 73 [260/729] - Loss: 0.1269
2026-05-02 03:56:02,161 - INFO - Epoch 73 [270/729] - Loss: 0.1273
2026-05-02 03:56:05,621 - INFO - Epoch 73 [280/729] - Loss: 0.1276
2026-05-02 03:56:09,056 - INFO - Epoch 73 [290/729] - Loss: 0.1283
2026-05-02 03:56:12,485 - INFO - Epoch 73 [300/729] - Loss: 0.1289
2026-05-02 03:56:15,920 - INFO - Epoch 73 [310/729] - Loss: 0.1295
2026-05-02 03:56:19,350 - INFO - Epoch 73 [320/729] - Loss: 0.1290
2026-05-02 03:56:22,780 - INFO - Epoch 73 [330/729] - Loss: 0.1291
2026-05-02 03:56:26,225 - INFO - Epoch 73 [340/729] - Loss: 0.1294
2026-05-02 03:56:29,654 - INFO - Epoch 73 [350/729] - Loss: 0.1294
2026-05-02 03:56:33,103 - INFO - Epoch 73 [360/729] - Loss: 0.1302
2026-05-02 03:56:36,547 - INFO - Epoch 73 [370/729] - Loss: 0.1305
2026-05-02 03:56:39,984 - INFO - Epoch 73 [380/729] - Loss: 0.1312
2026-05-02 03:56:43,419 - INFO - Epoch 73 [390/729] - Loss: 0.1308
2026-05-02 03:56:46,850 - INFO - Epoch 73 [400/729] - Loss: 0.1308
2026-05-02 03:56:50,284 - INFO - Epoch 73 [410/729] - Loss: 0.1307
2026-05-02 03:56:53,718 - INFO - Epoch 73 [420/729] - Loss: 0.1304
2026-05-02 03:56:57,152 - INFO - Epoch 73 [430/729] - Loss: 0.1307
2026-05-02 03:57:00,592 - INFO - Epoch 73 [440/729] - Loss: 0.1311
2026-05-02 03:57:04,051 - INFO - Epoch 73 [450/729] - Loss: 0.1314
2026-05-02 03:57:07,496 - INFO - Epoch 73 [460/729] - Loss: 0.1313
2026-05-02 03:57:10,923 - INFO - Epoch 73 [470/729] - Loss: 0.1309
2026-05-02 03:57:14,356 - INFO - Epoch 73 [480/729] - Loss: 0.1308
2026-05-02 03:57:17,782 - INFO - Epoch 73 [490/729] - Loss: 0.1303
2026-05-02 03:57:21,215 - INFO - Epoch 73 [500/729] - Loss: 0.1307
2026-05-02 03:57:24,644 - INFO - Epoch 73 [510/729] - Loss: 0.1306
2026-05-02 03:57:28,076 - INFO - Epoch 73 [520/729] - Loss: 0.1302
2026-05-02 03:57:31,528 - INFO - Epoch 73 [530/729] - Loss: 0.1301
2026-05-02 03:57:34,957 - INFO - Epoch 73 [540/729] - Loss: 0.1299
2026-05-02 03:57:38,393 - INFO - Epoch 73 [550/729] - Loss: 0.1297
2026-05-02 03:57:42,139 - INFO - Epoch 73 [560/729] - Loss: 0.1293
2026-05-02 03:57:45,577 - INFO - Epoch 73 [570/729] - Loss: 0.1294
2026-05-02 03:57:49,020 - INFO - Epoch 73 [580/729] - Loss: 0.1296
2026-05-02 03:57:52,484 - INFO - Epoch 73 [590/729] - Loss: 0.1296
2026-05-02 03:57:55,928 - INFO - Epoch 73 [600/729] - Loss: 0.1297
2026-05-02 03:57:59,370 - INFO - Epoch 73 [610/729] - Loss: 0.1296
2026-05-02 03:58:02,799 - INFO - Epoch 73 [620/729] - Loss: 0.1294
2026-05-02 03:58:06,227 - INFO - Epoch 73 [630/729] - Loss: 0.1290
2026-05-02 03:58:09,666 - INFO - Epoch 73 [640/729] - Loss: 0.1289
2026-05-02 03:58:13,104 - INFO - Epoch 73 [650/729] - Loss: 0.1291
2026-05-02 03:58:16,544 - INFO - Epoch 73 [660/729] - Loss: 0.1296
2026-05-02 03:58:19,986 - INFO - Epoch 73 [670/729] - Loss: 0.1297
2026-05-02 03:58:23,423 - INFO - Epoch 73 [680/729] - Loss: 0.1295
2026-05-02 03:58:26,850 - INFO - Epoch 73 [690/729] - Loss: 0.1290
2026-05-02 03:58:30,283 - INFO - Epoch 73 [700/729] - Loss: 0.1291
2026-05-02 03:58:33,746 - INFO - Epoch 73 [710/729] - Loss: 0.1296
2026-05-02 03:58:37,190 - INFO - Epoch 73 [720/729] - Loss: 0.1301
2026-05-02 03:59:28,411 - INFO - VAL Epoch 73 | Loss: 0.2892 | IoU: 0.8962 | Prec: 0.8476 | F1: 0.8639 | MAPE_L: 5.04% | MAPE_W: 25.62%
2026-05-02 03:59:29,298 - INFO - Epoch 74 [0/729] - Loss: 0.0956
2026-05-02 03:59:32,742 - INFO - Epoch 74 [10/729] - Loss: 0.1204
2026-05-02 03:59:36,205 - INFO - Epoch 74 [20/729] - Loss: 0.1322
2026-05-02 03:59:39,662 - INFO - Epoch 74 [30/729] - Loss: 0.1314
2026-05-02 03:59:43,129 - INFO - Epoch 74 [40/729] - Loss: 0.1304
2026-05-02 03:59:46,576 - INFO - Epoch 74 [50/729] - Loss: 0.1227
2026-05-02 03:59:50,055 - INFO - Epoch 74 [60/729] - Loss: 0.1272
2026-05-02 03:59:53,506 - INFO - Epoch 74 [70/729] - Loss: 0.1219
2026-05-02 03:59:56,974 - INFO - Epoch 74 [80/729] - Loss: 0.1206
2026-05-02 04:00:00,426 - INFO - Epoch 74 [90/729] - Loss: 0.1188
2026-05-02 04:00:03,904 - INFO - Epoch 74 [100/729] - Loss: 0.1206
2026-05-02 04:00:07,355 - INFO - Epoch 74 [110/729] - Loss: 0.1214
2026-05-02 04:00:10,806 - INFO - Epoch 74 [120/729] - Loss: 0.1209
2026-05-02 04:00:14,263 - INFO - Epoch 74 [130/729] - Loss: 0.1206
2026-05-02 04:00:17,709 - INFO - Epoch 74 [140/729] - Loss: 0.1194
2026-05-02 04:00:21,176 - INFO - Epoch 74 [150/729] - Loss: 0.1221
2026-05-02 04:00:24,632 - INFO - Epoch 74 [160/729] - Loss: 0.1211
2026-05-02 04:00:28,108 - INFO - Epoch 74 [170/729] - Loss: 0.1209
2026-05-02 04:00:31,549 - INFO - Epoch 74 [180/729] - Loss: 0.1204
2026-05-02 04:00:35,027 - INFO - Epoch 74 [190/729] - Loss: 0.1224
2026-05-02 04:00:38,500 - INFO - Epoch 74 [200/729] - Loss: 0.1234
2026-05-02 04:00:41,955 - INFO - Epoch 74 [210/729] - Loss: 0.1235
2026-05-02 04:00:45,405 - INFO - Epoch 74 [220/729] - Loss: 0.1224
2026-05-02 04:00:48,862 - INFO - Epoch 74 [230/729] - Loss: 0.1218
2026-05-02 04:00:52,339 - INFO - Epoch 74 [240/729] - Loss: 0.1230
2026-05-02 04:00:55,790 - INFO - Epoch 74 [250/729] - Loss: 0.1225
2026-05-02 04:00:59,237 - INFO - Epoch 74 [260/729] - Loss: 0.1202
2026-05-02 04:01:02,692 - INFO - Epoch 74 [270/729] - Loss: 0.1198
2026-05-02 04:01:06,146 - INFO - Epoch 74 [280/729] - Loss: 0.1197
2026-05-02 04:01:09,605 - INFO - Epoch 74 [290/729] - Loss: 0.1194
2026-05-02 04:01:13,054 - INFO - Epoch 74 [300/729] - Loss: 0.1190
2026-05-02 04:01:16,519 - INFO - Epoch 74 [310/729] - Loss: 0.1199
2026-05-02 04:01:19,988 - INFO - Epoch 74 [320/729] - Loss: 0.1208
2026-05-02 04:01:23,516 - INFO - Epoch 74 [330/729] - Loss: 0.1221
2026-05-02 04:01:26,971 - INFO - Epoch 74 [340/729] - Loss: 0.1219
2026-05-02 04:01:30,431 - INFO - Epoch 74 [350/729] - Loss: 0.1218
2026-05-02 04:01:33,901 - INFO - Epoch 74 [360/729] - Loss: 0.1228
2026-05-02 04:01:37,359 - INFO - Epoch 74 [370/729] - Loss: 0.1233
2026-05-02 04:01:40,814 - INFO - Epoch 74 [380/729] - Loss: 0.1237
2026-05-02 04:01:44,279 - INFO - Epoch 74 [390/729] - Loss: 0.1241
2026-05-02 04:01:47,735 - INFO - Epoch 74 [400/729] - Loss: 0.1245
2026-05-02 04:01:51,184 - INFO - Epoch 74 [410/729] - Loss: 0.1242
2026-05-02 04:01:54,642 - INFO - Epoch 74 [420/729] - Loss: 0.1258
2026-05-02 04:01:58,094 - INFO - Epoch 74 [430/729] - Loss: 0.1257
2026-05-02 04:02:01,545 - INFO - Epoch 74 [440/729] - Loss: 0.1254
2026-05-02 04:02:05,002 - INFO - Epoch 74 [450/729] - Loss: 0.1254
2026-05-02 04:02:08,452 - INFO - Epoch 74 [460/729] - Loss: 0.1249
2026-05-02 04:02:11,902 - INFO - Epoch 74 [470/729] - Loss: 0.1254
2026-05-02 04:02:15,355 - INFO - Epoch 74 [480/729] - Loss: 0.1247
2026-05-02 04:02:18,818 - INFO - Epoch 74 [490/729] - Loss: 0.1251
2026-05-02 04:02:22,277 - INFO - Epoch 74 [500/729] - Loss: 0.1258
2026-05-02 04:02:25,739 - INFO - Epoch 74 [510/729] - Loss: 0.1262
2026-05-02 04:02:29,201 - INFO - Epoch 74 [520/729] - Loss: 0.1264
2026-05-02 04:02:32,649 - INFO - Epoch 74 [530/729] - Loss: 0.1268
2026-05-02 04:02:36,101 - INFO - Epoch 74 [540/729] - Loss: 0.1268
2026-05-02 04:02:39,562 - INFO - Epoch 74 [550/729] - Loss: 0.1269
2026-05-02 04:02:43,011 - INFO - Epoch 74 [560/729] - Loss: 0.1270
2026-05-02 04:02:46,459 - INFO - Epoch 74 [570/729] - Loss: 0.1271
2026-05-02 04:02:49,929 - INFO - Epoch 74 [580/729] - Loss: 0.1277
2026-05-02 04:02:53,393 - INFO - Epoch 74 [590/729] - Loss: 0.1285
2026-05-02 04:02:56,853 - INFO - Epoch 74 [600/729] - Loss: 0.1286
2026-05-02 04:03:00,310 - INFO - Epoch 74 [610/729] - Loss: 0.1289
2026-05-02 04:03:03,772 - INFO - Epoch 74 [620/729] - Loss: 0.1287
2026-05-02 04:03:07,217 - INFO - Epoch 74 [630/729] - Loss: 0.1283
2026-05-02 04:03:10,669 - INFO - Epoch 74 [640/729] - Loss: 0.1282
2026-05-02 04:03:14,109 - INFO - Epoch 74 [650/729] - Loss: 0.1276
2026-05-02 04:03:17,555 - INFO - Epoch 74 [660/729] - Loss: 0.1276
2026-05-02 04:03:21,010 - INFO - Epoch 74 [670/729] - Loss: 0.1276
2026-05-02 04:03:24,471 - INFO - Epoch 74 [680/729] - Loss: 0.1279
2026-05-02 04:03:27,923 - INFO - Epoch 74 [690/729] - Loss: 0.1281
2026-05-02 04:03:31,370 - INFO - Epoch 74 [700/729] - Loss: 0.1280
2026-05-02 04:03:34,834 - INFO - Epoch 74 [710/729] - Loss: 0.1279
2026-05-02 04:03:38,292 - INFO - Epoch 74 [720/729] - Loss: 0.1287
2026-05-02 04:04:24,667 - INFO - VAL Epoch 74 | Loss: 0.3002 | IoU: 0.8940 | Prec: 0.8604 | F1: 0.8672 | MAPE_L: 5.15% | MAPE_W: 25.01%
2026-05-02 04:04:25,431 - INFO - Epoch 75 [0/729] - Loss: 0.1756
2026-05-02 04:04:28,873 - INFO - Epoch 75 [10/729] - Loss: 0.1403
2026-05-02 04:04:32,314 - INFO - Epoch 75 [20/729] - Loss: 0.1383
2026-05-02 04:04:35,750 - INFO - Epoch 75 [30/729] - Loss: 0.1318
2026-05-02 04:04:39,479 - INFO - Epoch 75 [40/729] - Loss: 0.1284
2026-05-02 04:04:42,921 - INFO - Epoch 75 [50/729] - Loss: 0.1266
2026-05-02 04:04:46,377 - INFO - Epoch 75 [60/729] - Loss: 0.1311
2026-05-02 04:04:49,836 - INFO - Epoch 75 [70/729] - Loss: 0.1317
2026-05-02 04:04:53,281 - INFO - Epoch 75 [80/729] - Loss: 0.1324
2026-05-02 04:04:56,718 - INFO - Epoch 75 [90/729] - Loss: 0.1307
2026-05-02 04:05:00,178 - INFO - Epoch 75 [100/729] - Loss: 0.1324
2026-05-02 04:05:03,653 - INFO - Epoch 75 [110/729] - Loss: 0.1332
2026-05-02 04:05:07,102 - INFO - Epoch 75 [120/729] - Loss: 0.1345
2026-05-02 04:05:10,553 - INFO - Epoch 75 [130/729] - Loss: 0.1352
2026-05-02 04:05:13,997 - INFO - Epoch 75 [140/729] - Loss: 0.1348
2026-05-02 04:05:17,447 - INFO - Epoch 75 [150/729] - Loss: 0.1340
2026-05-02 04:05:20,905 - INFO - Epoch 75 [160/729] - Loss: 0.1343
2026-05-02 04:05:24,345 - INFO - Epoch 75 [170/729] - Loss: 0.1325
2026-05-02 04:05:27,811 - INFO - Epoch 75 [180/729] - Loss: 0.1331
2026-05-02 04:05:31,251 - INFO - Epoch 75 [190/729] - Loss: 0.1317
2026-05-02 04:05:34,696 - INFO - Epoch 75 [200/729] - Loss: 0.1306
2026-05-02 04:05:38,154 - INFO - Epoch 75 [210/729] - Loss: 0.1315
2026-05-02 04:05:41,607 - INFO - Epoch 75 [220/729] - Loss: 0.1312
2026-05-02 04:05:45,062 - INFO - Epoch 75 [230/729] - Loss: 0.1314
2026-05-02 04:05:48,503 - INFO - Epoch 75 [240/729] - Loss: 0.1300
2026-05-02 04:05:51,952 - INFO - Epoch 75 [250/729] - Loss: 0.1306
2026-05-02 04:05:55,402 - INFO - Epoch 75 [260/729] - Loss: 0.1315
2026-05-02 04:05:58,846 - INFO - Epoch 75 [270/729] - Loss: 0.1308
2026-05-02 04:06:02,293 - INFO - Epoch 75 [280/729] - Loss: 0.1313
2026-05-02 04:06:05,738 - INFO - Epoch 75 [290/729] - Loss: 0.1304
2026-05-02 04:06:09,211 - INFO - Epoch 75 [300/729] - Loss: 0.1312
2026-05-02 04:06:12,669 - INFO - Epoch 75 [310/729] - Loss: 0.1313
2026-05-02 04:06:16,139 - INFO - Epoch 75 [320/729] - Loss: 0.1320
2026-05-02 04:06:19,589 - INFO - Epoch 75 [330/729] - Loss: 0.1325
2026-05-02 04:06:23,027 - INFO - Epoch 75 [340/729] - Loss: 0.1314
2026-05-02 04:06:26,479 - INFO - Epoch 75 [350/729] - Loss: 0.1320
2026-05-02 04:06:29,928 - INFO - Epoch 75 [360/729] - Loss: 0.1322
2026-05-02 04:06:33,385 - INFO - Epoch 75 [370/729] - Loss: 0.1333
2026-05-02 04:06:36,824 - INFO - Epoch 75 [380/729] - Loss: 0.1330
2026-05-02 04:06:40,276 - INFO - Epoch 75 [390/729] - Loss: 0.1331
2026-05-02 04:06:43,716 - INFO - Epoch 75 [400/729] - Loss: 0.1332
2026-05-02 04:06:47,150 - INFO - Epoch 75 [410/729] - Loss: 0.1321
2026-05-02 04:06:50,591 - INFO - Epoch 75 [420/729] - Loss: 0.1312
2026-05-02 04:06:54,032 - INFO - Epoch 75 [430/729] - Loss: 0.1315
2026-05-02 04:06:57,476 - INFO - Epoch 75 [440/729] - Loss: 0.1314
2026-05-02 04:07:00,927 - INFO - Epoch 75 [450/729] - Loss: 0.1317
2026-05-02 04:07:04,379 - INFO - Epoch 75 [460/729] - Loss: 0.1320
2026-05-02 04:07:07,823 - INFO - Epoch 75 [470/729] - Loss: 0.1318
2026-05-02 04:07:11,284 - INFO - Epoch 75 [480/729] - Loss: 0.1322
2026-05-02 04:07:14,733 - INFO - Epoch 75 [490/729] - Loss: 0.1322
2026-05-02 04:07:18,173 - INFO - Epoch 75 [500/729] - Loss: 0.1320
2026-05-02 04:07:21,611 - INFO - Epoch 75 [510/729] - Loss: 0.1316
2026-05-02 04:07:25,054 - INFO - Epoch 75 [520/729] - Loss: 0.1311
2026-05-02 04:07:28,508 - INFO - Epoch 75 [530/729] - Loss: 0.1311
2026-05-02 04:07:31,962 - INFO - Epoch 75 [540/729] - Loss: 0.1311
2026-05-02 04:07:35,403 - INFO - Epoch 75 [550/729] - Loss: 0.1309
2026-05-02 04:07:38,840 - INFO - Epoch 75 [560/729] - Loss: 0.1304
2026-05-02 04:07:42,272 - INFO - Epoch 75 [570/729] - Loss: 0.1296
2026-05-02 04:07:45,715 - INFO - Epoch 75 [580/729] - Loss: 0.1293
2026-05-02 04:07:49,162 - INFO - Epoch 75 [590/729] - Loss: 0.1297
2026-05-02 04:07:52,597 - INFO - Epoch 75 [600/729] - Loss: 0.1295
2026-05-02 04:07:56,040 - INFO - Epoch 75 [610/729] - Loss: 0.1292
2026-05-02 04:07:59,475 - INFO - Epoch 75 [620/729] - Loss: 0.1288
2026-05-02 04:08:02,937 - INFO - Epoch 75 [630/729] - Loss: 0.1291
2026-05-02 04:08:06,381 - INFO - Epoch 75 [640/729] - Loss: 0.1290
2026-05-02 04:08:09,823 - INFO - Epoch 75 [650/729] - Loss: 0.1295
2026-05-02 04:08:13,262 - INFO - Epoch 75 [660/729] - Loss: 0.1292
2026-05-02 04:08:16,701 - INFO - Epoch 75 [670/729] - Loss: 0.1292
2026-05-02 04:08:20,137 - INFO - Epoch 75 [680/729] - Loss: 0.1287
2026-05-02 04:08:23,586 - INFO - Epoch 75 [690/729] - Loss: 0.1292
2026-05-02 04:08:27,054 - INFO - Epoch 75 [700/729] - Loss: 0.1294
2026-05-02 04:08:30,495 - INFO - Epoch 75 [710/729] - Loss: 0.1290
2026-05-02 04:08:33,958 - INFO - Epoch 75 [720/729] - Loss: 0.1297
2026-05-02 04:09:20,487 - INFO - VAL Epoch 75 | Loss: 0.3108 | IoU: 0.8880 | Prec: 0.8734 | F1: 0.8771 | MAPE_L: 5.20% | MAPE_W: 25.11%
2026-05-02 04:09:21,280 - INFO - Epoch 76 [0/729] - Loss: 0.1067
2026-05-02 04:09:24,730 - INFO - Epoch 76 [10/729] - Loss: 0.1195
2026-05-02 04:09:28,187 - INFO - Epoch 76 [20/729] - Loss: 0.1212
2026-05-02 04:09:31,641 - INFO - Epoch 76 [30/729] - Loss: 0.1216
2026-05-02 04:09:35,096 - INFO - Epoch 76 [40/729] - Loss: 0.1173
2026-05-02 04:09:38,562 - INFO - Epoch 76 [50/729] - Loss: 0.1288
2026-05-02 04:09:42,016 - INFO - Epoch 76 [60/729] - Loss: 0.1270
2026-05-02 04:09:45,479 - INFO - Epoch 76 [70/729] - Loss: 0.1285
2026-05-02 04:09:48,936 - INFO - Epoch 76 [80/729] - Loss: 0.1271
2026-05-02 04:09:52,401 - INFO - Epoch 76 [90/729] - Loss: 0.1264
2026-05-02 04:09:55,861 - INFO - Epoch 76 [100/729] - Loss: 0.1258
2026-05-02 04:09:59,324 - INFO - Epoch 76 [110/729] - Loss: 0.1275
2026-05-02 04:10:02,826 - INFO - Epoch 76 [120/729] - Loss: 0.1303
2026-05-02 04:10:06,294 - INFO - Epoch 76 [130/729] - Loss: 0.1305
2026-05-02 04:10:09,750 - INFO - Epoch 76 [140/729] - Loss: 0.1298
2026-05-02 04:10:13,207 - INFO - Epoch 76 [150/729] - Loss: 0.1285
2026-05-02 04:10:16,673 - INFO - Epoch 76 [160/729] - Loss: 0.1292
2026-05-02 04:10:20,128 - INFO - Epoch 76 [170/729] - Loss: 0.1297
2026-05-02 04:10:23,578 - INFO - Epoch 76 [180/729] - Loss: 0.1288
2026-05-02 04:10:27,028 - INFO - Epoch 76 [190/729] - Loss: 0.1268
2026-05-02 04:10:30,484 - INFO - Epoch 76 [200/729] - Loss: 0.1253
2026-05-02 04:10:33,945 - INFO - Epoch 76 [210/729] - Loss: 0.1269
2026-05-02 04:10:37,421 - INFO - Epoch 76 [220/729] - Loss: 0.1294
2026-05-02 04:10:40,888 - INFO - Epoch 76 [230/729] - Loss: 0.1302
2026-05-02 04:10:44,341 - INFO - Epoch 76 [240/729] - Loss: 0.1300
2026-05-02 04:10:47,799 - INFO - Epoch 76 [250/729] - Loss: 0.1304
2026-05-02 04:10:51,261 - INFO - Epoch 76 [260/729] - Loss: 0.1310
2026-05-02 04:10:54,717 - INFO - Epoch 76 [270/729] - Loss: 0.1302
2026-05-02 04:10:58,176 - INFO - Epoch 76 [280/729] - Loss: 0.1302
2026-05-02 04:11:01,644 - INFO - Epoch 76 [290/729] - Loss: 0.1304
2026-05-02 04:11:05,102 - INFO - Epoch 76 [300/729] - Loss: 0.1304
2026-05-02 04:11:08,554 - INFO - Epoch 76 [310/729] - Loss: 0.1302
2026-05-02 04:11:12,016 - INFO - Epoch 76 [320/729] - Loss: 0.1303
2026-05-02 04:11:15,468 - INFO - Epoch 76 [330/729] - Loss: 0.1295
2026-05-02 04:11:18,926 - INFO - Epoch 76 [340/729] - Loss: 0.1291
2026-05-02 04:11:22,385 - INFO - Epoch 76 [350/729] - Loss: 0.1292
2026-05-02 04:11:25,839 - INFO - Epoch 76 [360/729] - Loss: 0.1282
2026-05-02 04:11:29,303 - INFO - Epoch 76 [370/729] - Loss: 0.1280
2026-05-02 04:11:32,801 - INFO - Epoch 76 [380/729] - Loss: 0.1286
2026-05-02 04:11:36,261 - INFO - Epoch 76 [390/729] - Loss: 0.1291
2026-05-02 04:11:39,715 - INFO - Epoch 76 [400/729] - Loss: 0.1288
2026-05-02 04:11:43,180 - INFO - Epoch 76 [410/729] - Loss: 0.1292
2026-05-02 04:11:46,660 - INFO - Epoch 76 [420/729] - Loss: 0.1297
2026-05-02 04:11:50,120 - INFO - Epoch 76 [430/729] - Loss: 0.1299
2026-05-02 04:11:53,574 - INFO - Epoch 76 [440/729] - Loss: 0.1293
2026-05-02 04:11:57,049 - INFO - Epoch 76 [450/729] - Loss: 0.1296
2026-05-02 04:12:00,505 - INFO - Epoch 76 [460/729] - Loss: 0.1295
2026-05-02 04:12:03,957 - INFO - Epoch 76 [470/729] - Loss: 0.1291
2026-05-02 04:12:07,417 - INFO - Epoch 76 [480/729] - Loss: 0.1292
2026-05-02 04:12:10,868 - INFO - Epoch 76 [490/729] - Loss: 0.1301
2026-05-02 04:12:14,323 - INFO - Epoch 76 [500/729] - Loss: 0.1303
2026-05-02 04:12:17,789 - INFO - Epoch 76 [510/729] - Loss: 0.1305
2026-05-02 04:12:21,252 - INFO - Epoch 76 [520/729] - Loss: 0.1310
2026-05-02 04:12:24,730 - INFO - Epoch 76 [530/729] - Loss: 0.1318
2026-05-02 04:12:28,185 - INFO - Epoch 76 [540/729] - Loss: 0.1315
2026-05-02 04:12:31,682 - INFO - Epoch 76 [550/729] - Loss: 0.1317
2026-05-02 04:12:35,140 - INFO - Epoch 76 [560/729] - Loss: 0.1315
2026-05-02 04:12:38,594 - INFO - Epoch 76 [570/729] - Loss: 0.1316
2026-05-02 04:12:42,053 - INFO - Epoch 76 [580/729] - Loss: 0.1311
2026-05-02 04:12:45,516 - INFO - Epoch 76 [590/729] - Loss: 0.1313
2026-05-02 04:12:48,969 - INFO - Epoch 76 [600/729] - Loss: 0.1309
2026-05-02 04:12:52,426 - INFO - Epoch 76 [610/729] - Loss: 0.1306
2026-05-02 04:12:55,883 - INFO - Epoch 76 [620/729] - Loss: 0.1306
2026-05-02 04:12:59,332 - INFO - Epoch 76 [630/729] - Loss: 0.1300
2026-05-02 04:13:02,804 - INFO - Epoch 76 [640/729] - Loss: 0.1299
2026-05-02 04:13:06,257 - INFO - Epoch 76 [650/729] - Loss: 0.1304
2026-05-02 04:13:09,709 - INFO - Epoch 76 [660/729] - Loss: 0.1301
2026-05-02 04:13:13,177 - INFO - Epoch 76 [670/729] - Loss: 0.1298
2026-05-02 04:13:16,628 - INFO - Epoch 76 [680/729] - Loss: 0.1292
2026-05-02 04:13:20,075 - INFO - Epoch 76 [690/729] - Loss: 0.1285
2026-05-02 04:13:23,553 - INFO - Epoch 76 [700/729] - Loss: 0.1286
2026-05-02 04:13:27,021 - INFO - Epoch 76 [710/729] - Loss: 0.1288
2026-05-02 04:13:31,035 - INFO - Epoch 76 [720/729] - Loss: 0.1284
2026-05-02 04:14:17,545 - INFO - VAL Epoch 76 | Loss: 0.2908 | IoU: 0.8958 | Prec: 0.8637 | F1: 0.8696 | MAPE_L: 4.90% | MAPE_W: 25.13%
2026-05-02 04:14:18,231 - INFO - Epoch 77 [0/729] - Loss: 0.0730
2026-05-02 04:14:21,690 - INFO - Epoch 77 [10/729] - Loss: 0.1382
2026-05-02 04:14:25,135 - INFO - Epoch 77 [20/729] - Loss: 0.1176
2026-05-02 04:14:28,588 - INFO - Epoch 77 [30/729] - Loss: 0.1185
2026-05-02 04:14:32,042 - INFO - Epoch 77 [40/729] - Loss: 0.1167
2026-05-02 04:14:35,488 - INFO - Epoch 77 [50/729] - Loss: 0.1103
2026-05-02 04:14:38,942 - INFO - Epoch 77 [60/729] - Loss: 0.1118
2026-05-02 04:14:42,393 - INFO - Epoch 77 [70/729] - Loss: 0.1109
2026-05-02 04:14:45,843 - INFO - Epoch 77 [80/729] - Loss: 0.1108
2026-05-02 04:14:49,305 - INFO - Epoch 77 [90/729] - Loss: 0.1139
2026-05-02 04:14:52,764 - INFO - Epoch 77 [100/729] - Loss: 0.1147
2026-05-02 04:14:56,207 - INFO - Epoch 77 [110/729] - Loss: 0.1127
2026-05-02 04:14:59,671 - INFO - Epoch 77 [120/729] - Loss: 0.1143
2026-05-02 04:15:03,126 - INFO - Epoch 77 [130/729] - Loss: 0.1129
2026-05-02 04:15:06,573 - INFO - Epoch 77 [140/729] - Loss: 0.1130
2026-05-02 04:15:10,029 - INFO - Epoch 77 [150/729] - Loss: 0.1135
2026-05-02 04:15:13,478 - INFO - Epoch 77 [160/729] - Loss: 0.1129
2026-05-02 04:15:16,924 - INFO - Epoch 77 [170/729] - Loss: 0.1130
2026-05-02 04:15:20,366 - INFO - Epoch 77 [180/729] - Loss: 0.1115
2026-05-02 04:15:23,810 - INFO - Epoch 77 [190/729] - Loss: 0.1104
2026-05-02 04:15:27,298 - INFO - Epoch 77 [200/729] - Loss: 0.1115
2026-05-02 04:15:30,785 - INFO - Epoch 77 [210/729] - Loss: 0.1136
2026-05-02 04:15:34,226 - INFO - Epoch 77 [220/729] - Loss: 0.1121
2026-05-02 04:15:37,679 - INFO - Epoch 77 [230/729] - Loss: 0.1120
2026-05-02 04:15:41,130 - INFO - Epoch 77 [240/729] - Loss: 0.1112
2026-05-02 04:15:44,591 - INFO - Epoch 77 [250/729] - Loss: 0.1144
2026-05-02 04:15:48,042 - INFO - Epoch 77 [260/729] - Loss: 0.1134
2026-05-02 04:15:51,526 - INFO - Epoch 77 [270/729] - Loss: 0.1143
2026-05-02 04:15:55,002 - INFO - Epoch 77 [280/729] - Loss: 0.1162
2026-05-02 04:15:58,467 - INFO - Epoch 77 [290/729] - Loss: 0.1168
2026-05-02 04:16:01,927 - INFO - Epoch 77 [300/729] - Loss: 0.1171
2026-05-02 04:16:05,380 - INFO - Epoch 77 [310/729] - Loss: 0.1174
2026-05-02 04:16:08,840 - INFO - Epoch 77 [320/729] - Loss: 0.1187
2026-05-02 04:16:12,293 - INFO - Epoch 77 [330/729] - Loss: 0.1189
2026-05-02 04:16:15,771 - INFO - Epoch 77 [340/729] - Loss: 0.1196
2026-05-02 04:16:19,227 - INFO - Epoch 77 [350/729] - Loss: 0.1202
2026-05-02 04:16:22,678 - INFO - Epoch 77 [360/729] - Loss: 0.1198
2026-05-02 04:16:26,144 - INFO - Epoch 77 [370/729] - Loss: 0.1196
2026-05-02 04:16:29,593 - INFO - Epoch 77 [380/729] - Loss: 0.1202
2026-05-02 04:16:33,052 - INFO - Epoch 77 [390/729] - Loss: 0.1205
2026-05-02 04:16:36,505 - INFO - Epoch 77 [400/729] - Loss: 0.1203
2026-05-02 04:16:39,971 - INFO - Epoch 77 [410/729] - Loss: 0.1206
2026-05-02 04:16:43,420 - INFO - Epoch 77 [420/729] - Loss: 0.1199
2026-05-02 04:16:46,894 - INFO - Epoch 77 [430/729] - Loss: 0.1207
2026-05-02 04:16:50,342 - INFO - Epoch 77 [440/729] - Loss: 0.1203
2026-05-02 04:16:53,813 - INFO - Epoch 77 [450/729] - Loss: 0.1209
2026-05-02 04:16:57,263 - INFO - Epoch 77 [460/729] - Loss: 0.1210
2026-05-02 04:17:00,719 - INFO - Epoch 77 [470/729] - Loss: 0.1213
2026-05-02 04:17:04,194 - INFO - Epoch 77 [480/729] - Loss: 0.1215
2026-05-02 04:17:07,646 - INFO - Epoch 77 [490/729] - Loss: 0.1216
2026-05-02 04:17:11,103 - INFO - Epoch 77 [500/729] - Loss: 0.1219
2026-05-02 04:17:14,557 - INFO - Epoch 77 [510/729] - Loss: 0.1218
2026-05-02 04:17:18,031 - INFO - Epoch 77 [520/729] - Loss: 0.1224
2026-05-02 04:17:21,484 - INFO - Epoch 77 [530/729] - Loss: 0.1222
2026-05-02 04:17:24,943 - INFO - Epoch 77 [540/729] - Loss: 0.1223
2026-05-02 04:17:28,398 - INFO - Epoch 77 [550/729] - Loss: 0.1222
2026-05-02 04:17:31,848 - INFO - Epoch 77 [560/729] - Loss: 0.1219
2026-05-02 04:17:35,293 - INFO - Epoch 77 [570/729] - Loss: 0.1219
2026-05-02 04:17:38,750 - INFO - Epoch 77 [580/729] - Loss: 0.1223
2026-05-02 04:17:42,208 - INFO - Epoch 77 [590/729] - Loss: 0.1221
2026-05-02 04:17:45,659 - INFO - Epoch 77 [600/729] - Loss: 0.1224
2026-05-02 04:17:49,121 - INFO - Epoch 77 [610/729] - Loss: 0.1222
2026-05-02 04:17:52,592 - INFO - Epoch 77 [620/729] - Loss: 0.1225
2026-05-02 04:17:56,042 - INFO - Epoch 77 [630/729] - Loss: 0.1223
2026-05-02 04:17:59,503 - INFO - Epoch 77 [640/729] - Loss: 0.1221
2026-05-02 04:18:02,964 - INFO - Epoch 77 [650/729] - Loss: 0.1223
2026-05-02 04:18:06,424 - INFO - Epoch 77 [660/729] - Loss: 0.1225
2026-05-02 04:18:09,883 - INFO - Epoch 77 [670/729] - Loss: 0.1227
2026-05-02 04:18:13,351 - INFO - Epoch 77 [680/729] - Loss: 0.1230
2026-05-02 04:18:16,805 - INFO - Epoch 77 [690/729] - Loss: 0.1234
2026-05-02 04:18:20,254 - INFO - Epoch 77 [700/729] - Loss: 0.1229
2026-05-02 04:18:23,714 - INFO - Epoch 77 [710/729] - Loss: 0.1240
2026-05-02 04:18:27,188 - INFO - Epoch 77 [720/729] - Loss: 0.1242
2026-05-02 04:19:13,703 - INFO - VAL Epoch 77 | Loss: 0.2934 | IoU: 0.8982 | Prec: 0.8830 | F1: 0.8756 | MAPE_L: 5.03% | MAPE_W: 25.30%
2026-05-02 04:19:14,515 - INFO - Epoch 78 [0/729] - Loss: 0.1443
2026-05-02 04:19:17,964 - INFO - Epoch 78 [10/729] - Loss: 0.1219
2026-05-02 04:19:21,411 - INFO - Epoch 78 [20/729] - Loss: 0.1309
2026-05-02 04:19:24,854 - INFO - Epoch 78 [30/729] - Loss: 0.1270
2026-05-02 04:19:28,312 - INFO - Epoch 78 [40/729] - Loss: 0.1189
2026-05-02 04:19:31,754 - INFO - Epoch 78 [50/729] - Loss: 0.1163
2026-05-02 04:19:35,207 - INFO - Epoch 78 [60/729] - Loss: 0.1226
2026-05-02 04:19:38,651 - INFO - Epoch 78 [70/729] - Loss: 0.1203
2026-05-02 04:19:42,102 - INFO - Epoch 78 [80/729] - Loss: 0.1218
2026-05-02 04:19:45,556 - INFO - Epoch 78 [90/729] - Loss: 0.1242
2026-05-02 04:19:49,003 - INFO - Epoch 78 [100/729] - Loss: 0.1227
2026-05-02 04:19:52,449 - INFO - Epoch 78 [110/729] - Loss: 0.1221
2026-05-02 04:19:55,899 - INFO - Epoch 78 [120/729] - Loss: 0.1280
2026-05-02 04:19:59,347 - INFO - Epoch 78 [130/729] - Loss: 0.1268
2026-05-02 04:20:02,790 - INFO - Epoch 78 [140/729] - Loss: 0.1254
2026-05-02 04:20:06,239 - INFO - Epoch 78 [150/729] - Loss: 0.1257
2026-05-02 04:20:09,702 - INFO - Epoch 78 [160/729] - Loss: 0.1247
2026-05-02 04:20:13,140 - INFO - Epoch 78 [170/729] - Loss: 0.1236
2026-05-02 04:20:16,582 - INFO - Epoch 78 [180/729] - Loss: 0.1231
2026-05-02 04:20:20,023 - INFO - Epoch 78 [190/729] - Loss: 0.1233
2026-05-02 04:20:23,471 - INFO - Epoch 78 [200/729] - Loss: 0.1230
2026-05-02 04:20:26,919 - INFO - Epoch 78 [210/729] - Loss: 0.1231
2026-05-02 04:20:30,355 - INFO - Epoch 78 [220/729] - Loss: 0.1218
2026-05-02 04:20:33,793 - INFO - Epoch 78 [230/729] - Loss: 0.1217
2026-05-02 04:20:37,229 - INFO - Epoch 78 [240/729] - Loss: 0.1226
2026-05-02 04:20:40,662 - INFO - Epoch 78 [250/729] - Loss: 0.1222
2026-05-02 04:20:44,106 - INFO - Epoch 78 [260/729] - Loss: 0.1223
2026-05-02 04:20:47,545 - INFO - Epoch 78 [270/729] - Loss: 0.1242
2026-05-02 04:20:50,982 - INFO - Epoch 78 [280/729] - Loss: 0.1245
2026-05-02 04:20:54,427 - INFO - Epoch 78 [290/729] - Loss: 0.1241
2026-05-02 04:20:57,868 - INFO - Epoch 78 [300/729] - Loss: 0.1238
2026-05-02 04:21:01,312 - INFO - Epoch 78 [310/729] - Loss: 0.1231
2026-05-02 04:21:05,357 - INFO - Epoch 78 [320/729] - Loss: 0.1236
2026-05-02 04:21:08,804 - INFO - Epoch 78 [330/729] - Loss: 0.1235
2026-05-02 04:21:12,238 - INFO - Epoch 78 [340/729] - Loss: 0.1239
2026-05-02 04:21:15,688 - INFO - Epoch 78 [350/729] - Loss: 0.1244
2026-05-02 04:21:19,130 - INFO - Epoch 78 [360/729] - Loss: 0.1243
2026-05-02 04:21:22,569 - INFO - Epoch 78 [370/729] - Loss: 0.1252
2026-05-02 04:21:26,011 - INFO - Epoch 78 [380/729] - Loss: 0.1253
2026-05-02 04:21:29,454 - INFO - Epoch 78 [390/729] - Loss: 0.1248
2026-05-02 04:21:32,901 - INFO - Epoch 78 [400/729] - Loss: 0.1244
2026-05-02 04:21:36,334 - INFO - Epoch 78 [410/729] - Loss: 0.1243
2026-05-02 04:21:39,789 - INFO - Epoch 78 [420/729] - Loss: 0.1249
2026-05-02 04:21:43,223 - INFO - Epoch 78 [430/729] - Loss: 0.1244
2026-05-02 04:21:46,671 - INFO - Epoch 78 [440/729] - Loss: 0.1246
2026-05-02 04:21:50,124 - INFO - Epoch 78 [450/729] - Loss: 0.1249
2026-05-02 04:21:53,571 - INFO - Epoch 78 [460/729] - Loss: 0.1256
2026-05-02 04:21:57,011 - INFO - Epoch 78 [470/729] - Loss: 0.1258
2026-05-02 04:22:00,450 - INFO - Epoch 78 [480/729] - Loss: 0.1252
2026-05-02 04:22:03,905 - INFO - Epoch 78 [490/729] - Loss: 0.1256
2026-05-02 04:22:07,381 - INFO - Epoch 78 [500/729] - Loss: 0.1260
2026-05-02 04:22:10,820 - INFO - Epoch 78 [510/729] - Loss: 0.1258
2026-05-02 04:22:14,262 - INFO - Epoch 78 [520/729] - Loss: 0.1258
2026-05-02 04:22:17,729 - INFO - Epoch 78 [530/729] - Loss: 0.1261
2026-05-02 04:22:21,190 - INFO - Epoch 78 [540/729] - Loss: 0.1264
2026-05-02 04:22:24,639 - INFO - Epoch 78 [550/729] - Loss: 0.1261
2026-05-02 04:22:28,076 - INFO - Epoch 78 [560/729] - Loss: 0.1256
2026-05-02 04:22:31,510 - INFO - Epoch 78 [570/729] - Loss: 0.1251
2026-05-02 04:22:34,981 - INFO - Epoch 78 [580/729] - Loss: 0.1251
2026-05-02 04:22:38,425 - INFO - Epoch 78 [590/729] - Loss: 0.1250
2026-05-02 04:22:41,864 - INFO - Epoch 78 [600/729] - Loss: 0.1246
2026-05-02 04:22:45,306 - INFO - Epoch 78 [610/729] - Loss: 0.1242
2026-05-02 04:22:48,749 - INFO - Epoch 78 [620/729] - Loss: 0.1244
2026-05-02 04:22:52,285 - INFO - Epoch 78 [630/729] - Loss: 0.1246
2026-05-02 04:22:55,725 - INFO - Epoch 78 [640/729] - Loss: 0.1242
2026-05-02 04:22:59,166 - INFO - Epoch 78 [650/729] - Loss: 0.1243
2026-05-02 04:23:02,606 - INFO - Epoch 78 [660/729] - Loss: 0.1240
2026-05-02 04:23:06,054 - INFO - Epoch 78 [670/729] - Loss: 0.1244
2026-05-02 04:23:09,500 - INFO - Epoch 78 [680/729] - Loss: 0.1253
2026-05-02 04:23:12,950 - INFO - Epoch 78 [690/729] - Loss: 0.1256
2026-05-02 04:23:16,398 - INFO - Epoch 78 [700/729] - Loss: 0.1256
2026-05-02 04:23:19,840 - INFO - Epoch 78 [710/729] - Loss: 0.1253
2026-05-02 04:23:23,287 - INFO - Epoch 78 [720/729] - Loss: 0.1259
2026-05-02 04:24:14,549 - INFO - VAL Epoch 78 | Loss: 0.2952 | IoU: 0.8952 | Prec: 0.8949 | F1: 0.8804 | MAPE_L: 4.98% | MAPE_W: 25.22%
2026-05-02 04:24:14,924 - INFO -     [!] New Best Model Saved!
2026-05-02 04:24:15,663 - INFO - Epoch 79 [0/729] - Loss: 0.0877
2026-05-02 04:24:19,097 - INFO - Epoch 79 [10/729] - Loss: 0.1081
2026-05-02 04:24:22,540 - INFO - Epoch 79 [20/729] - Loss: 0.1170
2026-05-02 04:24:25,993 - INFO - Epoch 79 [30/729] - Loss: 0.1280
2026-05-02 04:24:29,432 - INFO - Epoch 79 [40/729] - Loss: 0.1233
2026-05-02 04:24:32,862 - INFO - Epoch 79 [50/729] - Loss: 0.1162
2026-05-02 04:24:36,303 - INFO - Epoch 79 [60/729] - Loss: 0.1199
2026-05-02 04:24:39,740 - INFO - Epoch 79 [70/729] - Loss: 0.1179
2026-05-02 04:24:43,180 - INFO - Epoch 79 [80/729] - Loss: 0.1223
2026-05-02 04:24:46,620 - INFO - Epoch 79 [90/729] - Loss: 0.1228
2026-05-02 04:24:50,071 - INFO - Epoch 79 [100/729] - Loss: 0.1250
2026-05-02 04:24:53,521 - INFO - Epoch 79 [110/729] - Loss: 0.1250
2026-05-02 04:24:56,951 - INFO - Epoch 79 [120/729] - Loss: 0.1232
2026-05-02 04:25:00,387 - INFO - Epoch 79 [130/729] - Loss: 0.1214
2026-05-02 04:25:03,833 - INFO - Epoch 79 [140/729] - Loss: 0.1206
2026-05-02 04:25:07,276 - INFO - Epoch 79 [150/729] - Loss: 0.1214
2026-05-02 04:25:10,712 - INFO - Epoch 79 [160/729] - Loss: 0.1205
2026-05-02 04:25:14,146 - INFO - Epoch 79 [170/729] - Loss: 0.1201
2026-05-02 04:25:17,586 - INFO - Epoch 79 [180/729] - Loss: 0.1217
2026-05-02 04:25:21,022 - INFO - Epoch 79 [190/729] - Loss: 0.1218
2026-05-02 04:25:24,474 - INFO - Epoch 79 [200/729] - Loss: 0.1215
2026-05-02 04:25:27,912 - INFO - Epoch 79 [210/729] - Loss: 0.1206
2026-05-02 04:25:31,355 - INFO - Epoch 79 [220/729] - Loss: 0.1193
2026-05-02 04:25:34,796 - INFO - Epoch 79 [230/729] - Loss: 0.1192
2026-05-02 04:25:38,235 - INFO - Epoch 79 [240/729] - Loss: 0.1189
2026-05-02 04:25:41,679 - INFO - Epoch 79 [250/729] - Loss: 0.1196
2026-05-02 04:25:45,115 - INFO - Epoch 79 [260/729] - Loss: 0.1193
2026-05-02 04:25:48,603 - INFO - Epoch 79 [270/729] - Loss: 0.1213
2026-05-02 04:25:52,052 - INFO - Epoch 79 [280/729] - Loss: 0.1215
2026-05-02 04:25:55,489 - INFO - Epoch 79 [290/729] - Loss: 0.1206
2026-05-02 04:25:58,927 - INFO - Epoch 79 [300/729] - Loss: 0.1207
2026-05-02 04:26:02,369 - INFO - Epoch 79 [310/729] - Loss: 0.1211
2026-05-02 04:26:05,806 - INFO - Epoch 79 [320/729] - Loss: 0.1207
2026-05-02 04:26:09,238 - INFO - Epoch 79 [330/729] - Loss: 0.1222
2026-05-02 04:26:12,667 - INFO - Epoch 79 [340/729] - Loss: 0.1214
2026-05-02 04:26:16,573 - INFO - Epoch 79 [350/729] - Loss: 0.1216
2026-05-02 04:26:20,022 - INFO - Epoch 79 [360/729] - Loss: 0.1217
2026-05-02 04:26:23,459 - INFO - Epoch 79 [370/729] - Loss: 0.1222
2026-05-02 04:26:26,909 - INFO - Epoch 79 [380/729] - Loss: 0.1226
2026-05-02 04:26:30,351 - INFO - Epoch 79 [390/729] - Loss: 0.1225
2026-05-02 04:26:33,782 - INFO - Epoch 79 [400/729] - Loss: 0.1225
2026-05-02 04:26:37,217 - INFO - Epoch 79 [410/729] - Loss: 0.1221
2026-05-02 04:26:40,658 - INFO - Epoch 79 [420/729] - Loss: 0.1220
2026-05-02 04:26:44,093 - INFO - Epoch 79 [430/729] - Loss: 0.1214
2026-05-02 04:26:47,521 - INFO - Epoch 79 [440/729] - Loss: 0.1207
2026-05-02 04:26:50,977 - INFO - Epoch 79 [450/729] - Loss: 0.1206
2026-05-02 04:26:54,432 - INFO - Epoch 79 [460/729] - Loss: 0.1210
2026-05-02 04:26:57,864 - INFO - Epoch 79 [470/729] - Loss: 0.1212
2026-05-02 04:27:01,325 - INFO - Epoch 79 [480/729] - Loss: 0.1218
2026-05-02 04:27:04,764 - INFO - Epoch 79 [490/729] - Loss: 0.1229
2026-05-02 04:27:08,199 - INFO - Epoch 79 [500/729] - Loss: 0.1231
2026-05-02 04:27:11,640 - INFO - Epoch 79 [510/729] - Loss: 0.1236
2026-05-02 04:27:15,068 - INFO - Epoch 79 [520/729] - Loss: 0.1231
2026-05-02 04:27:18,528 - INFO - Epoch 79 [530/729] - Loss: 0.1233
2026-05-02 04:27:21,959 - INFO - Epoch 79 [540/729] - Loss: 0.1235
2026-05-02 04:27:25,402 - INFO - Epoch 79 [550/729] - Loss: 0.1239
2026-05-02 04:27:28,843 - INFO - Epoch 79 [560/729] - Loss: 0.1239
2026-05-02 04:27:32,278 - INFO - Epoch 79 [570/729] - Loss: 0.1242
2026-05-02 04:27:35,715 - INFO - Epoch 79 [580/729] - Loss: 0.1242
2026-05-02 04:27:39,141 - INFO - Epoch 79 [590/729] - Loss: 0.1236
2026-05-02 04:27:42,574 - INFO - Epoch 79 [600/729] - Loss: 0.1236
2026-05-02 04:27:46,018 - INFO - Epoch 79 [610/729] - Loss: 0.1243
2026-05-02 04:27:49,449 - INFO - Epoch 79 [620/729] - Loss: 0.1237
2026-05-02 04:27:52,902 - INFO - Epoch 79 [630/729] - Loss: 0.1237
2026-05-02 04:27:56,351 - INFO - Epoch 79 [640/729] - Loss: 0.1243
2026-05-02 04:27:59,795 - INFO - Epoch 79 [650/729] - Loss: 0.1246
2026-05-02 04:28:03,235 - INFO - Epoch 79 [660/729] - Loss: 0.1245
2026-05-02 04:28:06,678 - INFO - Epoch 79 [670/729] - Loss: 0.1249
2026-05-02 04:28:10,123 - INFO - Epoch 79 [680/729] - Loss: 0.1250
2026-05-02 04:28:13,557 - INFO - Epoch 79 [690/729] - Loss: 0.1248
2026-05-02 04:28:16,992 - INFO - Epoch 79 [700/729] - Loss: 0.1247
2026-05-02 04:28:20,428 - INFO - Epoch 79 [710/729] - Loss: 0.1244
2026-05-02 04:28:23,868 - INFO - Epoch 79 [720/729] - Loss: 0.1244
2026-05-02 04:29:15,346 - INFO - VAL Epoch 79 | Loss: 0.3034 | IoU: 0.8934 | Prec: 0.8842 | F1: 0.8782 | MAPE_L: 4.93% | MAPE_W: 25.12%
2026-05-02 04:29:16,131 - INFO - Epoch 80 [0/729] - Loss: 0.0733
2026-05-02 04:29:19,568 - INFO - Epoch 80 [10/729] - Loss: 0.0985
2026-05-02 04:29:23,011 - INFO - Epoch 80 [20/729] - Loss: 0.1098
2026-05-02 04:29:26,446 - INFO - Epoch 80 [30/729] - Loss: 0.1120
2026-05-02 04:29:29,886 - INFO - Epoch 80 [40/729] - Loss: 0.1084
2026-05-02 04:29:33,328 - INFO - Epoch 80 [50/729] - Loss: 0.1089
2026-05-02 04:29:36,770 - INFO - Epoch 80 [60/729] - Loss: 0.1091
2026-05-02 04:29:40,211 - INFO - Epoch 80 [70/729] - Loss: 0.1083
2026-05-02 04:29:43,651 - INFO - Epoch 80 [80/729] - Loss: 0.1114
2026-05-02 04:29:47,086 - INFO - Epoch 80 [90/729] - Loss: 0.1139
2026-05-02 04:29:50,531 - INFO - Epoch 80 [100/729] - Loss: 0.1153
2026-05-02 04:29:53,988 - INFO - Epoch 80 [110/729] - Loss: 0.1194
2026-05-02 04:29:57,424 - INFO - Epoch 80 [120/729] - Loss: 0.1201
2026-05-02 04:30:00,865 - INFO - Epoch 80 [130/729] - Loss: 0.1202
2026-05-02 04:30:04,307 - INFO - Epoch 80 [140/729] - Loss: 0.1190
2026-05-02 04:30:07,770 - INFO - Epoch 80 [150/729] - Loss: 0.1197
2026-05-02 04:30:11,219 - INFO - Epoch 80 [160/729] - Loss: 0.1214
2026-05-02 04:30:14,665 - INFO - Epoch 80 [170/729] - Loss: 0.1226
2026-05-02 04:30:18,115 - INFO - Epoch 80 [180/729] - Loss: 0.1242
2026-05-02 04:30:21,545 - INFO - Epoch 80 [190/729] - Loss: 0.1235
2026-05-02 04:30:25,020 - INFO - Epoch 80 [200/729] - Loss: 0.1257
2026-05-02 04:30:28,466 - INFO - Epoch 80 [210/729] - Loss: 0.1262
2026-05-02 04:30:31,918 - INFO - Epoch 80 [220/729] - Loss: 0.1265
2026-05-02 04:30:35,360 - INFO - Epoch 80 [230/729] - Loss: 0.1260
2026-05-02 04:30:38,795 - INFO - Epoch 80 [240/729] - Loss: 0.1262
2026-05-02 04:30:42,244 - INFO - Epoch 80 [250/729] - Loss: 0.1265
2026-05-02 04:30:45,688 - INFO - Epoch 80 [260/729] - Loss: 0.1261
2026-05-02 04:30:49,119 - INFO - Epoch 80 [270/729] - Loss: 0.1260
2026-05-02 04:30:52,561 - INFO - Epoch 80 [280/729] - Loss: 0.1260
2026-05-02 04:30:55,997 - INFO - Epoch 80 [290/729] - Loss: 0.1280
2026-05-02 04:30:59,424 - INFO - Epoch 80 [300/729] - Loss: 0.1273
2026-05-02 04:31:02,875 - INFO - Epoch 80 [310/729] - Loss: 0.1274
2026-05-02 04:31:06,314 - INFO - Epoch 80 [320/729] - Loss: 0.1266
2026-05-02 04:31:09,740 - INFO - Epoch 80 [330/729] - Loss: 0.1258
2026-05-02 04:31:13,176 - INFO - Epoch 80 [340/729] - Loss: 0.1263
2026-05-02 04:31:16,608 - INFO - Epoch 80 [350/729] - Loss: 0.1259
2026-05-02 04:31:20,047 - INFO - Epoch 80 [360/729] - Loss: 0.1258
2026-05-02 04:31:23,491 - INFO - Epoch 80 [370/729] - Loss: 0.1258
2026-05-02 04:31:26,933 - INFO - Epoch 80 [380/729] - Loss: 0.1265
2026-05-02 04:31:30,376 - INFO - Epoch 80 [390/729] - Loss: 0.1265
2026-05-02 04:31:33,813 - INFO - Epoch 80 [400/729] - Loss: 0.1262
2026-05-02 04:31:37,242 - INFO - Epoch 80 [410/729] - Loss: 0.1258
2026-05-02 04:31:40,680 - INFO - Epoch 80 [420/729] - Loss: 0.1261
2026-05-02 04:31:44,117 - INFO - Epoch 80 [430/729] - Loss: 0.1264
2026-05-02 04:31:47,615 - INFO - Epoch 80 [440/729] - Loss: 0.1279
2026-05-02 04:31:51,054 - INFO - Epoch 80 [450/729] - Loss: 0.1283
2026-05-02 04:31:54,489 - INFO - Epoch 80 [460/729] - Loss: 0.1279
2026-05-02 04:31:57,917 - INFO - Epoch 80 [470/729] - Loss: 0.1272
2026-05-02 04:32:01,354 - INFO - Epoch 80 [480/729] - Loss: 0.1273
2026-05-02 04:32:04,795 - INFO - Epoch 80 [490/729] - Loss: 0.1276
2026-05-02 04:32:08,248 - INFO - Epoch 80 [500/729] - Loss: 0.1281
2026-05-02 04:32:11,702 - INFO - Epoch 80 [510/729] - Loss: 0.1288
2026-05-02 04:32:15,144 - INFO - Epoch 80 [520/729] - Loss: 0.1287
2026-05-02 04:32:18,586 - INFO - Epoch 80 [530/729] - Loss: 0.1286
2026-05-02 04:32:22,031 - INFO - Epoch 80 [540/729] - Loss: 0.1287
2026-05-02 04:32:25,468 - INFO - Epoch 80 [550/729] - Loss: 0.1282
2026-05-02 04:32:28,915 - INFO - Epoch 80 [560/729] - Loss: 0.1288
2026-05-02 04:32:32,348 - INFO - Epoch 80 [570/729] - Loss: 0.1283
2026-05-02 04:32:35,786 - INFO - Epoch 80 [580/729] - Loss: 0.1279
2026-05-02 04:32:39,232 - INFO - Epoch 80 [590/729] - Loss: 0.1280
2026-05-02 04:32:42,694 - INFO - Epoch 80 [600/729] - Loss: 0.1282
2026-05-02 04:32:46,136 - INFO - Epoch 80 [610/729] - Loss: 0.1281
2026-05-02 04:32:49,576 - INFO - Epoch 80 [620/729] - Loss: 0.1282
2026-05-02 04:32:53,020 - INFO - Epoch 80 [630/729] - Loss: 0.1280
2026-05-02 04:32:56,471 - INFO - Epoch 80 [640/729] - Loss: 0.1280
2026-05-02 04:32:59,902 - INFO - Epoch 80 [650/729] - Loss: 0.1275
2026-05-02 04:33:03,341 - INFO - Epoch 80 [660/729] - Loss: 0.1268
2026-05-02 04:33:06,779 - INFO - Epoch 80 [670/729] - Loss: 0.1267
2026-05-02 04:33:10,225 - INFO - Epoch 80 [680/729] - Loss: 0.1268
2026-05-02 04:33:13,660 - INFO - Epoch 80 [690/729] - Loss: 0.1265
2026-05-02 04:33:17,092 - INFO - Epoch 80 [700/729] - Loss: 0.1260
2026-05-02 04:33:20,526 - INFO - Epoch 80 [710/729] - Loss: 0.1256
2026-05-02 04:33:23,961 - INFO - Epoch 80 [720/729] - Loss: 0.1253
2026-05-02 04:34:10,539 - INFO - VAL Epoch 80 | Loss: 0.3049 | IoU: 0.8946 | Prec: 0.9061 | F1: 0.8768 | MAPE_L: 4.98% | MAPE_W: 25.44%
2026-05-02 04:34:11,390 - INFO - Epoch 81 [0/729] - Loss: 0.2440
2026-05-02 04:34:14,819 - INFO - Epoch 81 [10/729] - Loss: 0.1592
2026-05-02 04:34:18,254 - INFO - Epoch 81 [20/729] - Loss: 0.1452
2026-05-02 04:34:21,710 - INFO - Epoch 81 [30/729] - Loss: 0.1413
2026-05-02 04:34:25,152 - INFO - Epoch 81 [40/729] - Loss: 0.1362
2026-05-02 04:34:28,581 - INFO - Epoch 81 [50/729] - Loss: 0.1308
2026-05-02 04:34:32,026 - INFO - Epoch 81 [60/729] - Loss: 0.1284
2026-05-02 04:34:35,468 - INFO - Epoch 81 [70/729] - Loss: 0.1304
2026-05-02 04:34:38,909 - INFO - Epoch 81 [80/729] - Loss: 0.1286
2026-05-02 04:34:42,333 - INFO - Epoch 81 [90/729] - Loss: 0.1232
2026-05-02 04:34:45,777 - INFO - Epoch 81 [100/729] - Loss: 0.1217
2026-05-02 04:34:49,205 - INFO - Epoch 81 [110/729] - Loss: 0.1230
2026-05-02 04:34:52,642 - INFO - Epoch 81 [120/729] - Loss: 0.1232
2026-05-02 04:34:56,076 - INFO - Epoch 81 [130/729] - Loss: 0.1220
2026-05-02 04:34:59,502 - INFO - Epoch 81 [140/729] - Loss: 0.1205
2026-05-02 04:35:02,938 - INFO - Epoch 81 [150/729] - Loss: 0.1205
2026-05-02 04:35:06,375 - INFO - Epoch 81 [160/729] - Loss: 0.1192
2026-05-02 04:35:09,815 - INFO - Epoch 81 [170/729] - Loss: 0.1196
2026-05-02 04:35:13,263 - INFO - Epoch 81 [180/729] - Loss: 0.1194
2026-05-02 04:35:16,700 - INFO - Epoch 81 [190/729] - Loss: 0.1192
2026-05-02 04:35:20,174 - INFO - Epoch 81 [200/729] - Loss: 0.1200
2026-05-02 04:35:23,608 - INFO - Epoch 81 [210/729] - Loss: 0.1205
2026-05-02 04:35:27,050 - INFO - Epoch 81 [220/729] - Loss: 0.1210
2026-05-02 04:35:30,484 - INFO - Epoch 81 [230/729] - Loss: 0.1202
2026-05-02 04:35:33,912 - INFO - Epoch 81 [240/729] - Loss: 0.1193
2026-05-02 04:35:37,343 - INFO - Epoch 81 [250/729] - Loss: 0.1183
2026-05-02 04:35:40,789 - INFO - Epoch 81 [260/729] - Loss: 0.1186
2026-05-02 04:35:44,217 - INFO - Epoch 81 [270/729] - Loss: 0.1179
2026-05-02 04:35:47,648 - INFO - Epoch 81 [280/729] - Loss: 0.1174
2026-05-02 04:35:51,083 - INFO - Epoch 81 [290/729] - Loss: 0.1172
2026-05-02 04:35:54,509 - INFO - Epoch 81 [300/729] - Loss: 0.1171
2026-05-02 04:35:57,959 - INFO - Epoch 81 [310/729] - Loss: 0.1186
2026-05-02 04:36:01,406 - INFO - Epoch 81 [320/729] - Loss: 0.1197
2026-05-02 04:36:04,846 - INFO - Epoch 81 [330/729] - Loss: 0.1202
2026-05-02 04:36:08,284 - INFO - Epoch 81 [340/729] - Loss: 0.1212
2026-05-02 04:36:11,713 - INFO - Epoch 81 [350/729] - Loss: 0.1212
2026-05-02 04:36:15,150 - INFO - Epoch 81 [360/729] - Loss: 0.1208
2026-05-02 04:36:18,578 - INFO - Epoch 81 [370/729] - Loss: 0.1207
2026-05-02 04:36:22,012 - INFO - Epoch 81 [380/729] - Loss: 0.1210
2026-05-02 04:36:25,452 - INFO - Epoch 81 [390/729] - Loss: 0.1233
2026-05-02 04:36:28,887 - INFO - Epoch 81 [400/729] - Loss: 0.1231
2026-05-02 04:36:32,319 - INFO - Epoch 81 [410/729] - Loss: 0.1239
2026-05-02 04:36:35,773 - INFO - Epoch 81 [420/729] - Loss: 0.1250
2026-05-02 04:36:39,204 - INFO - Epoch 81 [430/729] - Loss: 0.1249
2026-05-02 04:36:42,634 - INFO - Epoch 81 [440/729] - Loss: 0.1250
2026-05-02 04:36:46,073 - INFO - Epoch 81 [450/729] - Loss: 0.1251
2026-05-02 04:36:49,543 - INFO - Epoch 81 [460/729] - Loss: 0.1259
2026-05-02 04:36:52,985 - INFO - Epoch 81 [470/729] - Loss: 0.1260
2026-05-02 04:36:56,429 - INFO - Epoch 81 [480/729] - Loss: 0.1266
2026-05-02 04:36:59,861 - INFO - Epoch 81 [490/729] - Loss: 0.1262
2026-05-02 04:37:03,308 - INFO - Epoch 81 [500/729] - Loss: 0.1262
2026-05-02 04:37:06,762 - INFO - Epoch 81 [510/729] - Loss: 0.1267
2026-05-02 04:37:10,199 - INFO - Epoch 81 [520/729] - Loss: 0.1264
2026-05-02 04:37:13,629 - INFO - Epoch 81 [530/729] - Loss: 0.1259
2026-05-02 04:37:17,080 - INFO - Epoch 81 [540/729] - Loss: 0.1261
2026-05-02 04:37:20,520 - INFO - Epoch 81 [550/729] - Loss: 0.1259
2026-05-02 04:37:23,951 - INFO - Epoch 81 [560/729] - Loss: 0.1254
2026-05-02 04:37:27,386 - INFO - Epoch 81 [570/729] - Loss: 0.1257
2026-05-02 04:37:30,822 - INFO - Epoch 81 [580/729] - Loss: 0.1255
2026-05-02 04:37:34,258 - INFO - Epoch 81 [590/729] - Loss: 0.1257
2026-05-02 04:37:37,693 - INFO - Epoch 81 [600/729] - Loss: 0.1255
2026-05-02 04:37:41,157 - INFO - Epoch 81 [610/729] - Loss: 0.1257
2026-05-02 04:37:44,593 - INFO - Epoch 81 [620/729] - Loss: 0.1256
2026-05-02 04:37:48,034 - INFO - Epoch 81 [630/729] - Loss: 0.1253
2026-05-02 04:37:51,471 - INFO - Epoch 81 [640/729] - Loss: 0.1249
2026-05-02 04:37:54,907 - INFO - Epoch 81 [650/729] - Loss: 0.1248
2026-05-02 04:37:58,350 - INFO - Epoch 81 [660/729] - Loss: 0.1249
2026-05-02 04:38:01,789 - INFO - Epoch 81 [670/729] - Loss: 0.1249
2026-05-02 04:38:05,238 - INFO - Epoch 81 [680/729] - Loss: 0.1250
2026-05-02 04:38:08,674 - INFO - Epoch 81 [690/729] - Loss: 0.1248
2026-05-02 04:38:12,118 - INFO - Epoch 81 [700/729] - Loss: 0.1249
2026-05-02 04:38:15,556 - INFO - Epoch 81 [710/729] - Loss: 0.1248
2026-05-02 04:38:18,995 - INFO - Epoch 81 [720/729] - Loss: 0.1247
2026-05-02 04:39:05,566 - INFO - VAL Epoch 81 | Loss: 0.2887 | IoU: 0.8968 | Prec: 0.8616 | F1: 0.8707 | MAPE_L: 5.02% | MAPE_W: 25.28%
2026-05-02 04:39:06,352 - INFO - Epoch 82 [0/729] - Loss: 0.2076
2026-05-02 04:39:09,801 - INFO - Epoch 82 [10/729] - Loss: 0.1218
2026-05-02 04:39:13,255 - INFO - Epoch 82 [20/729] - Loss: 0.1454
2026-05-02 04:39:16,695 - INFO - Epoch 82 [30/729] - Loss: 0.1329
2026-05-02 04:39:20,136 - INFO - Epoch 82 [40/729] - Loss: 0.1239
2026-05-02 04:39:23,578 - INFO - Epoch 82 [50/729] - Loss: 0.1242
2026-05-02 04:39:27,016 - INFO - Epoch 82 [60/729] - Loss: 0.1235
2026-05-02 04:39:30,458 - INFO - Epoch 82 [70/729] - Loss: 0.1213
2026-05-02 04:39:33,900 - INFO - Epoch 82 [80/729] - Loss: 0.1215
2026-05-02 04:39:37,339 - INFO - Epoch 82 [90/729] - Loss: 0.1206
2026-05-02 04:39:40,780 - INFO - Epoch 82 [100/729] - Loss: 0.1193
2026-05-02 04:39:44,219 - INFO - Epoch 82 [110/729] - Loss: 0.1220
2026-05-02 04:39:47,673 - INFO - Epoch 82 [120/729] - Loss: 0.1225
2026-05-02 04:39:51,118 - INFO - Epoch 82 [130/729] - Loss: 0.1210
2026-05-02 04:39:54,553 - INFO - Epoch 82 [140/729] - Loss: 0.1220
2026-05-02 04:39:57,987 - INFO - Epoch 82 [150/729] - Loss: 0.1220
2026-05-02 04:40:01,442 - INFO - Epoch 82 [160/729] - Loss: 0.1221
2026-05-02 04:40:04,886 - INFO - Epoch 82 [170/729] - Loss: 0.1236
2026-05-02 04:40:08,331 - INFO - Epoch 82 [180/729] - Loss: 0.1232
2026-05-02 04:40:11,763 - INFO - Epoch 82 [190/729] - Loss: 0.1216
2026-05-02 04:40:15,207 - INFO - Epoch 82 [200/729] - Loss: 0.1209
2026-05-02 04:40:18,638 - INFO - Epoch 82 [210/729] - Loss: 0.1197
2026-05-02 04:40:22,069 - INFO - Epoch 82 [220/729] - Loss: 0.1189
2026-05-02 04:40:25,505 - INFO - Epoch 82 [230/729] - Loss: 0.1203
2026-05-02 04:40:28,943 - INFO - Epoch 82 [240/729] - Loss: 0.1200
2026-05-02 04:40:32,381 - INFO - Epoch 82 [250/729] - Loss: 0.1200
2026-05-02 04:40:35,833 - INFO - Epoch 82 [260/729] - Loss: 0.1199
2026-05-02 04:40:39,279 - INFO - Epoch 82 [270/729] - Loss: 0.1204
2026-05-02 04:40:42,710 - INFO - Epoch 82 [280/729] - Loss: 0.1200
2026-05-02 04:40:46,180 - INFO - Epoch 82 [290/729] - Loss: 0.1200
2026-05-02 04:40:49,633 - INFO - Epoch 82 [300/729] - Loss: 0.1208
2026-05-02 04:40:53,067 - INFO - Epoch 82 [310/729] - Loss: 0.1204
2026-05-02 04:40:56,505 - INFO - Epoch 82 [320/729] - Loss: 0.1195
2026-05-02 04:40:59,939 - INFO - Epoch 82 [330/729] - Loss: 0.1190
2026-05-02 04:41:03,381 - INFO - Epoch 82 [340/729] - Loss: 0.1187
2026-05-02 04:41:06,830 - INFO - Epoch 82 [350/729] - Loss: 0.1190
2026-05-02 04:41:10,275 - INFO - Epoch 82 [360/729] - Loss: 0.1189
2026-05-02 04:41:13,707 - INFO - Epoch 82 [370/729] - Loss: 0.1185
2026-05-02 04:41:17,148 - INFO - Epoch 82 [380/729] - Loss: 0.1181
2026-05-02 04:41:20,582 - INFO - Epoch 82 [390/729] - Loss: 0.1174
2026-05-02 04:41:24,030 - INFO - Epoch 82 [400/729] - Loss: 0.1177
2026-05-02 04:41:27,468 - INFO - Epoch 82 [410/729] - Loss: 0.1181
2026-05-02 04:41:30,902 - INFO - Epoch 82 [420/729] - Loss: 0.1176
2026-05-02 04:41:34,339 - INFO - Epoch 82 [430/729] - Loss: 0.1171
2026-05-02 04:41:37,770 - INFO - Epoch 82 [440/729] - Loss: 0.1166
2026-05-02 04:41:41,235 - INFO - Epoch 82 [450/729] - Loss: 0.1168
2026-05-02 04:41:44,694 - INFO - Epoch 82 [460/729] - Loss: 0.1169
2026-05-02 04:41:48,130 - INFO - Epoch 82 [470/729] - Loss: 0.1169
2026-05-02 04:41:51,563 - INFO - Epoch 82 [480/729] - Loss: 0.1165
2026-05-02 04:41:54,998 - INFO - Epoch 82 [490/729] - Loss: 0.1169
2026-05-02 04:41:58,446 - INFO - Epoch 82 [500/729] - Loss: 0.1174
2026-05-02 04:42:01,887 - INFO - Epoch 82 [510/729] - Loss: 0.1176
2026-05-02 04:42:05,332 - INFO - Epoch 82 [520/729] - Loss: 0.1176
2026-05-02 04:42:08,773 - INFO - Epoch 82 [530/729] - Loss: 0.1174
2026-05-02 04:42:12,228 - INFO - Epoch 82 [540/729] - Loss: 0.1173
2026-05-02 04:42:15,691 - INFO - Epoch 82 [550/729] - Loss: 0.1174
2026-05-02 04:42:19,131 - INFO - Epoch 82 [560/729] - Loss: 0.1171
2026-05-02 04:42:22,570 - INFO - Epoch 82 [570/729] - Loss: 0.1171
2026-05-02 04:42:26,018 - INFO - Epoch 82 [580/729] - Loss: 0.1168
2026-05-02 04:42:29,494 - INFO - Epoch 82 [590/729] - Loss: 0.1169
2026-05-02 04:42:32,941 - INFO - Epoch 82 [600/729] - Loss: 0.1170
2026-05-02 04:42:36,381 - INFO - Epoch 82 [610/729] - Loss: 0.1169
2026-05-02 04:42:39,822 - INFO - Epoch 82 [620/729] - Loss: 0.1166
2026-05-02 04:42:43,255 - INFO - Epoch 82 [630/729] - Loss: 0.1161
2026-05-02 04:42:46,699 - INFO - Epoch 82 [640/729] - Loss: 0.1161
2026-05-02 04:42:50,159 - INFO - Epoch 82 [650/729] - Loss: 0.1162
2026-05-02 04:42:53,604 - INFO - Epoch 82 [660/729] - Loss: 0.1163
2026-05-02 04:42:57,042 - INFO - Epoch 82 [670/729] - Loss: 0.1159
2026-05-02 04:43:00,509 - INFO - Epoch 82 [680/729] - Loss: 0.1160
2026-05-02 04:43:03,954 - INFO - Epoch 82 [690/729] - Loss: 0.1161
2026-05-02 04:43:07,395 - INFO - Epoch 82 [700/729] - Loss: 0.1158
2026-05-02 04:43:10,843 - INFO - Epoch 82 [710/729] - Loss: 0.1159
2026-05-02 04:43:14,286 - INFO - Epoch 82 [720/729] - Loss: 0.1159
2026-05-02 04:44:00,581 - INFO - VAL Epoch 82 | Loss: 0.3042 | IoU: 0.8945 | Prec: 0.8979 | F1: 0.8783 | MAPE_L: 5.32% | MAPE_W: 25.01%
2026-05-02 04:44:01,326 - INFO - Epoch 83 [0/729] - Loss: 0.1091
2026-05-02 04:44:04,773 - INFO - Epoch 83 [10/729] - Loss: 0.1425
2026-05-02 04:44:08,218 - INFO - Epoch 83 [20/729] - Loss: 0.1294
2026-05-02 04:44:11,665 - INFO - Epoch 83 [30/729] - Loss: 0.1250
2026-05-02 04:44:15,128 - INFO - Epoch 83 [40/729] - Loss: 0.1278
2026-05-02 04:44:18,592 - INFO - Epoch 83 [50/729] - Loss: 0.1307
2026-05-02 04:44:22,075 - INFO - Epoch 83 [60/729] - Loss: 0.1359
2026-05-02 04:44:25,552 - INFO - Epoch 83 [70/729] - Loss: 0.1339
2026-05-02 04:44:28,995 - INFO - Epoch 83 [80/729] - Loss: 0.1349
2026-05-02 04:44:32,435 - INFO - Epoch 83 [90/729] - Loss: 0.1304
2026-05-02 04:44:35,880 - INFO - Epoch 83 [100/729] - Loss: 0.1277
2026-05-02 04:44:39,328 - INFO - Epoch 83 [110/729] - Loss: 0.1268
2026-05-02 04:44:42,771 - INFO - Epoch 83 [120/729] - Loss: 0.1255
2026-05-02 04:44:46,219 - INFO - Epoch 83 [130/729] - Loss: 0.1249
2026-05-02 04:44:49,668 - INFO - Epoch 83 [140/729] - Loss: 0.1255
2026-05-02 04:44:53,114 - INFO - Epoch 83 [150/729] - Loss: 0.1271
2026-05-02 04:44:56,558 - INFO - Epoch 83 [160/729] - Loss: 0.1259
2026-05-02 04:45:00,017 - INFO - Epoch 83 [170/729] - Loss: 0.1251
2026-05-02 04:45:03,465 - INFO - Epoch 83 [180/729] - Loss: 0.1244
2026-05-02 04:45:06,909 - INFO - Epoch 83 [190/729] - Loss: 0.1247
2026-05-02 04:45:10,356 - INFO - Epoch 83 [200/729] - Loss: 0.1246
2026-05-02 04:45:13,809 - INFO - Epoch 83 [210/729] - Loss: 0.1253
2026-05-02 04:45:17,248 - INFO - Epoch 83 [220/729] - Loss: 0.1248
2026-05-02 04:45:20,695 - INFO - Epoch 83 [230/729] - Loss: 0.1247
2026-05-02 04:45:24,147 - INFO - Epoch 83 [240/729] - Loss: 0.1248
2026-05-02 04:45:27,612 - INFO - Epoch 83 [250/729] - Loss: 0.1246
2026-05-02 04:45:31,477 - INFO - Epoch 83 [260/729] - Loss: 0.1230
2026-05-02 04:45:34,914 - INFO - Epoch 83 [270/729] - Loss: 0.1214
2026-05-02 04:45:38,364 - INFO - Epoch 83 [280/729] - Loss: 0.1212
2026-05-02 04:45:41,811 - INFO - Epoch 83 [290/729] - Loss: 0.1223
2026-05-02 04:45:45,255 - INFO - Epoch 83 [300/729] - Loss: 0.1223
2026-05-02 04:45:48,693 - INFO - Epoch 83 [310/729] - Loss: 0.1214
2026-05-02 04:45:52,137 - INFO - Epoch 83 [320/729] - Loss: 0.1211
2026-05-02 04:45:55,575 - INFO - Epoch 83 [330/729] - Loss: 0.1205
2026-05-02 04:45:59,020 - INFO - Epoch 83 [340/729] - Loss: 0.1203
2026-05-02 04:46:02,484 - INFO - Epoch 83 [350/729] - Loss: 0.1210
2026-05-02 04:46:05,934 - INFO - Epoch 83 [360/729] - Loss: 0.1211
2026-05-02 04:46:09,370 - INFO - Epoch 83 [370/729] - Loss: 0.1204
2026-05-02 04:46:12,824 - INFO - Epoch 83 [380/729] - Loss: 0.1209
2026-05-02 04:46:16,264 - INFO - Epoch 83 [390/729] - Loss: 0.1206
2026-05-02 04:46:19,709 - INFO - Epoch 83 [400/729] - Loss: 0.1206
2026-05-02 04:46:23,160 - INFO - Epoch 83 [410/729] - Loss: 0.1210
2026-05-02 04:46:26,636 - INFO - Epoch 83 [420/729] - Loss: 0.1218
2026-05-02 04:46:30,081 - INFO - Epoch 83 [430/729] - Loss: 0.1219
2026-05-02 04:46:33,527 - INFO - Epoch 83 [440/729] - Loss: 0.1222
2026-05-02 04:46:36,977 - INFO - Epoch 83 [450/729] - Loss: 0.1218
2026-05-02 04:46:40,414 - INFO - Epoch 83 [460/729] - Loss: 0.1214
2026-05-02 04:46:43,852 - INFO - Epoch 83 [470/729] - Loss: 0.1210
2026-05-02 04:46:47,312 - INFO - Epoch 83 [480/729] - Loss: 0.1211
2026-05-02 04:46:50,769 - INFO - Epoch 83 [490/729] - Loss: 0.1214
2026-05-02 04:46:54,211 - INFO - Epoch 83 [500/729] - Loss: 0.1210
2026-05-02 04:46:57,663 - INFO - Epoch 83 [510/729] - Loss: 0.1209
2026-05-02 04:47:01,109 - INFO - Epoch 83 [520/729] - Loss: 0.1205
2026-05-02 04:47:04,577 - INFO - Epoch 83 [530/729] - Loss: 0.1205
2026-05-02 04:47:08,033 - INFO - Epoch 83 [540/729] - Loss: 0.1212
2026-05-02 04:47:11,490 - INFO - Epoch 83 [550/729] - Loss: 0.1214
2026-05-02 04:47:14,942 - INFO - Epoch 83 [560/729] - Loss: 0.1219
2026-05-02 04:47:18,388 - INFO - Epoch 83 [570/729] - Loss: 0.1217
2026-05-02 04:47:21,834 - INFO - Epoch 83 [580/729] - Loss: 0.1214
2026-05-02 04:47:25,287 - INFO - Epoch 83 [590/729] - Loss: 0.1214
2026-05-02 04:47:28,730 - INFO - Epoch 83 [600/729] - Loss: 0.1213
2026-05-02 04:47:32,183 - INFO - Epoch 83 [610/729] - Loss: 0.1214
2026-05-02 04:47:35,645 - INFO - Epoch 83 [620/729] - Loss: 0.1223
2026-05-02 04:47:39,092 - INFO - Epoch 83 [630/729] - Loss: 0.1222
2026-05-02 04:47:42,552 - INFO - Epoch 83 [640/729] - Loss: 0.1220
2026-05-02 04:47:45,997 - INFO - Epoch 83 [650/729] - Loss: 0.1221
2026-05-02 04:47:49,434 - INFO - Epoch 83 [660/729] - Loss: 0.1218
2026-05-02 04:47:52,870 - INFO - Epoch 83 [670/729] - Loss: 0.1212
2026-05-02 04:47:56,326 - INFO - Epoch 83 [680/729] - Loss: 0.1215
2026-05-02 04:47:59,771 - INFO - Epoch 83 [690/729] - Loss: 0.1217
2026-05-02 04:48:03,224 - INFO - Epoch 83 [700/729] - Loss: 0.1215
2026-05-02 04:48:06,690 - INFO - Epoch 83 [710/729] - Loss: 0.1218
2026-05-02 04:48:10,129 - INFO - Epoch 83 [720/729] - Loss: 0.1214
2026-05-02 04:48:56,795 - INFO - VAL Epoch 83 | Loss: 0.2957 | IoU: 0.9006 | Prec: 0.8922 | F1: 0.8822 | MAPE_L: 4.91% | MAPE_W: 25.05%
2026-05-02 04:48:57,832 - INFO -     [!] New Best Model Saved!
2026-05-02 04:48:58,580 - INFO - Epoch 84 [0/729] - Loss: 0.2343
2026-05-02 04:49:02,038 - INFO - Epoch 84 [10/729] - Loss: 0.0904
2026-05-02 04:49:05,483 - INFO - Epoch 84 [20/729] - Loss: 0.0832
2026-05-02 04:49:08,946 - INFO - Epoch 84 [30/729] - Loss: 0.0924
2026-05-02 04:49:12,406 - INFO - Epoch 84 [40/729] - Loss: 0.0992
2026-05-02 04:49:15,859 - INFO - Epoch 84 [50/729] - Loss: 0.1016
2026-05-02 04:49:19,311 - INFO - Epoch 84 [60/729] - Loss: 0.1048
2026-05-02 04:49:22,766 - INFO - Epoch 84 [70/729] - Loss: 0.1022
2026-05-02 04:49:26,220 - INFO - Epoch 84 [80/729] - Loss: 0.1028
2026-05-02 04:49:29,693 - INFO - Epoch 84 [90/729] - Loss: 0.1060
2026-05-02 04:49:33,150 - INFO - Epoch 84 [100/729] - Loss: 0.1075
2026-05-02 04:49:36,597 - INFO - Epoch 84 [110/729] - Loss: 0.1070
2026-05-02 04:49:40,046 - INFO - Epoch 84 [120/729] - Loss: 0.1115
2026-05-02 04:49:43,498 - INFO - Epoch 84 [130/729] - Loss: 0.1100
2026-05-02 04:49:46,952 - INFO - Epoch 84 [140/729] - Loss: 0.1111
2026-05-02 04:49:50,397 - INFO - Epoch 84 [150/729] - Loss: 0.1091
2026-05-02 04:49:53,850 - INFO - Epoch 84 [160/729] - Loss: 0.1090
2026-05-02 04:49:57,510 - INFO - Epoch 84 [170/729] - Loss: 0.1100
2026-05-02 04:50:00,988 - INFO - Epoch 84 [180/729] - Loss: 0.1118
2026-05-02 04:50:04,464 - INFO - Epoch 84 [190/729] - Loss: 0.1119
2026-05-02 04:50:07,915 - INFO - Epoch 84 [200/729] - Loss: 0.1110
2026-05-02 04:50:11,364 - INFO - Epoch 84 [210/729] - Loss: 0.1109
2026-05-02 04:50:14,816 - INFO - Epoch 84 [220/729] - Loss: 0.1102
2026-05-02 04:50:18,277 - INFO - Epoch 84 [230/729] - Loss: 0.1107
2026-05-02 04:50:21,748 - INFO - Epoch 84 [240/729] - Loss: 0.1110
2026-05-02 04:50:25,197 - INFO - Epoch 84 [250/729] - Loss: 0.1103
2026-05-02 04:50:28,658 - INFO - Epoch 84 [260/729] - Loss: 0.1110
2026-05-02 04:50:32,113 - INFO - Epoch 84 [270/729] - Loss: 0.1111
2026-05-02 04:50:35,575 - INFO - Epoch 84 [280/729] - Loss: 0.1109
2026-05-02 04:50:39,042 - INFO - Epoch 84 [290/729] - Loss: 0.1117
2026-05-02 04:50:42,489 - INFO - Epoch 84 [300/729] - Loss: 0.1116
2026-05-02 04:50:45,935 - INFO - Epoch 84 [310/729] - Loss: 0.1114
2026-05-02 04:50:49,390 - INFO - Epoch 84 [320/729] - Loss: 0.1110
2026-05-02 04:50:52,837 - INFO - Epoch 84 [330/729] - Loss: 0.1110
2026-05-02 04:50:56,299 - INFO - Epoch 84 [340/729] - Loss: 0.1118
2026-05-02 04:50:59,755 - INFO - Epoch 84 [350/729] - Loss: 0.1122
2026-05-02 04:51:03,225 - INFO - Epoch 84 [360/729] - Loss: 0.1120
2026-05-02 04:51:06,678 - INFO - Epoch 84 [370/729] - Loss: 0.1118
2026-05-02 04:51:10,137 - INFO - Epoch 84 [380/729] - Loss: 0.1112
2026-05-02 04:51:13,587 - INFO - Epoch 84 [390/729] - Loss: 0.1107
2026-05-02 04:51:17,052 - INFO - Epoch 84 [400/729] - Loss: 0.1110
2026-05-02 04:51:20,510 - INFO - Epoch 84 [410/729] - Loss: 0.1116
2026-05-02 04:51:23,974 - INFO - Epoch 84 [420/729] - Loss: 0.1121
2026-05-02 04:51:27,436 - INFO - Epoch 84 [430/729] - Loss: 0.1122
2026-05-02 04:51:30,926 - INFO - Epoch 84 [440/729] - Loss: 0.1133
2026-05-02 04:51:34,400 - INFO - Epoch 84 [450/729] - Loss: 0.1133
2026-05-02 04:51:37,848 - INFO - Epoch 84 [460/729] - Loss: 0.1130
2026-05-02 04:51:41,299 - INFO - Epoch 84 [470/729] - Loss: 0.1129
2026-05-02 04:51:44,755 - INFO - Epoch 84 [480/729] - Loss: 0.1127
2026-05-02 04:51:48,209 - INFO - Epoch 84 [490/729] - Loss: 0.1129
2026-05-02 04:51:51,668 - INFO - Epoch 84 [500/729] - Loss: 0.1130
2026-05-02 04:51:55,120 - INFO - Epoch 84 [510/729] - Loss: 0.1131
2026-05-02 04:51:58,572 - INFO - Epoch 84 [520/729] - Loss: 0.1131
2026-05-02 04:52:02,032 - INFO - Epoch 84 [530/729] - Loss: 0.1126
2026-05-02 04:52:05,487 - INFO - Epoch 84 [540/729] - Loss: 0.1126
2026-05-02 04:52:08,940 - INFO - Epoch 84 [550/729] - Loss: 0.1126
2026-05-02 04:52:12,389 - INFO - Epoch 84 [560/729] - Loss: 0.1121
2026-05-02 04:52:15,963 - INFO - Epoch 84 [570/729] - Loss: 0.1128
2026-05-02 04:52:19,413 - INFO - Epoch 84 [580/729] - Loss: 0.1124
2026-05-02 04:52:22,885 - INFO - Epoch 84 [590/729] - Loss: 0.1125
2026-05-02 04:52:26,334 - INFO - Epoch 84 [600/729] - Loss: 0.1123
2026-05-02 04:52:29,786 - INFO - Epoch 84 [610/729] - Loss: 0.1119
2026-05-02 04:52:33,243 - INFO - Epoch 84 [620/729] - Loss: 0.1119
2026-05-02 04:52:36,695 - INFO - Epoch 84 [630/729] - Loss: 0.1116
2026-05-02 04:52:40,152 - INFO - Epoch 84 [640/729] - Loss: 0.1121
2026-05-02 04:52:43,611 - INFO - Epoch 84 [650/729] - Loss: 0.1123
2026-05-02 04:52:47,067 - INFO - Epoch 84 [660/729] - Loss: 0.1123
2026-05-02 04:52:50,544 - INFO - Epoch 84 [670/729] - Loss: 0.1124
2026-05-02 04:52:54,006 - INFO - Epoch 84 [680/729] - Loss: 0.1126
2026-05-02 04:52:57,460 - INFO - Epoch 84 [690/729] - Loss: 0.1125
2026-05-02 04:53:00,917 - INFO - Epoch 84 [700/729] - Loss: 0.1129
2026-05-02 04:53:04,388 - INFO - Epoch 84 [710/729] - Loss: 0.1133
2026-05-02 04:53:07,842 - INFO - Epoch 84 [720/729] - Loss: 0.1134
2026-05-02 04:53:54,154 - INFO - VAL Epoch 84 | Loss: 0.3011 | IoU: 0.9000 | Prec: 0.9118 | F1: 0.8810 | MAPE_L: 5.03% | MAPE_W: 25.33%
2026-05-02 04:53:54,916 - INFO - Epoch 85 [0/729] - Loss: 0.0753
2026-05-02 04:53:58,360 - INFO - Epoch 85 [10/729] - Loss: 0.1049
2026-05-02 04:54:01,823 - INFO - Epoch 85 [20/729] - Loss: 0.1256
2026-05-02 04:54:05,268 - INFO - Epoch 85 [30/729] - Loss: 0.1195
2026-05-02 04:54:08,986 - INFO - Epoch 85 [40/729] - Loss: 0.1183
2026-05-02 04:54:12,435 - INFO - Epoch 85 [50/729] - Loss: 0.1153
2026-05-02 04:54:15,897 - INFO - Epoch 85 [60/729] - Loss: 0.1110
2026-05-02 04:54:19,351 - INFO - Epoch 85 [70/729] - Loss: 0.1101
2026-05-02 04:54:22,802 - INFO - Epoch 85 [80/729] - Loss: 0.1096
2026-05-02 04:54:26,254 - INFO - Epoch 85 [90/729] - Loss: 0.1115
2026-05-02 04:54:29,704 - INFO - Epoch 85 [100/729] - Loss: 0.1103
2026-05-02 04:54:33,162 - INFO - Epoch 85 [110/729] - Loss: 0.1116
2026-05-02 04:54:36,628 - INFO - Epoch 85 [120/729] - Loss: 0.1128
2026-05-02 04:54:40,080 - INFO - Epoch 85 [130/729] - Loss: 0.1132
2026-05-02 04:54:43,526 - INFO - Epoch 85 [140/729] - Loss: 0.1131
2026-05-02 04:54:46,989 - INFO - Epoch 85 [150/729] - Loss: 0.1131
2026-05-02 04:54:50,446 - INFO - Epoch 85 [160/729] - Loss: 0.1132
2026-05-02 04:54:53,906 - INFO - Epoch 85 [170/729] - Loss: 0.1120
2026-05-02 04:54:57,361 - INFO - Epoch 85 [180/729] - Loss: 0.1122
2026-05-02 04:55:00,808 - INFO - Epoch 85 [190/729] - Loss: 0.1108
2026-05-02 04:55:04,263 - INFO - Epoch 85 [200/729] - Loss: 0.1094
2026-05-02 04:55:07,706 - INFO - Epoch 85 [210/729] - Loss: 0.1089
2026-05-02 04:55:11,166 - INFO - Epoch 85 [220/729] - Loss: 0.1092
2026-05-02 04:55:14,621 - INFO - Epoch 85 [230/729] - Loss: 0.1096
2026-05-02 04:55:18,074 - INFO - Epoch 85 [240/729] - Loss: 0.1095
2026-05-02 04:55:21,532 - INFO - Epoch 85 [250/729] - Loss: 0.1099
2026-05-02 04:55:25,004 - INFO - Epoch 85 [260/729] - Loss: 0.1115
2026-05-02 04:55:28,452 - INFO - Epoch 85 [270/729] - Loss: 0.1114
2026-05-02 04:55:31,905 - INFO - Epoch 85 [280/729] - Loss: 0.1112
2026-05-02 04:55:35,356 - INFO - Epoch 85 [290/729] - Loss: 0.1107
2026-05-02 04:55:38,799 - INFO - Epoch 85 [300/729] - Loss: 0.1098
2026-05-02 04:55:42,244 - INFO - Epoch 85 [310/729] - Loss: 0.1097
2026-05-02 04:55:45,700 - INFO - Epoch 85 [320/729] - Loss: 0.1096
2026-05-02 04:55:49,157 - INFO - Epoch 85 [330/729] - Loss: 0.1105
2026-05-02 04:55:52,604 - INFO - Epoch 85 [340/729] - Loss: 0.1098
2026-05-02 04:55:56,054 - INFO - Epoch 85 [350/729] - Loss: 0.1110
2026-05-02 04:55:59,510 - INFO - Epoch 85 [360/729] - Loss: 0.1118
2026-05-02 04:56:02,997 - INFO - Epoch 85 [370/729] - Loss: 0.1129
2026-05-02 04:56:06,444 - INFO - Epoch 85 [380/729] - Loss: 0.1150
2026-05-02 04:56:09,895 - INFO - Epoch 85 [390/729] - Loss: 0.1149
2026-05-02 04:56:13,349 - INFO - Epoch 85 [400/729] - Loss: 0.1148
2026-05-02 04:56:16,800 - INFO - Epoch 85 [410/729] - Loss: 0.1145
2026-05-02 04:56:20,249 - INFO - Epoch 85 [420/729] - Loss: 0.1140
2026-05-02 04:56:23,704 - INFO - Epoch 85 [430/729] - Loss: 0.1140
2026-05-02 04:56:27,154 - INFO - Epoch 85 [440/729] - Loss: 0.1143
2026-05-02 04:56:30,630 - INFO - Epoch 85 [450/729] - Loss: 0.1149
2026-05-02 04:56:34,076 - INFO - Epoch 85 [460/729] - Loss: 0.1151
2026-05-02 04:56:37,518 - INFO - Epoch 85 [470/729] - Loss: 0.1149
2026-05-02 04:56:40,983 - INFO - Epoch 85 [480/729] - Loss: 0.1151
2026-05-02 04:56:44,426 - INFO - Epoch 85 [490/729] - Loss: 0.1147
2026-05-02 04:56:47,897 - INFO - Epoch 85 [500/729] - Loss: 0.1147
2026-05-02 04:56:51,348 - INFO - Epoch 85 [510/729] - Loss: 0.1144
2026-05-02 04:56:54,801 - INFO - Epoch 85 [520/729] - Loss: 0.1146
2026-05-02 04:56:58,260 - INFO - Epoch 85 [530/729] - Loss: 0.1151
2026-05-02 04:57:01,713 - INFO - Epoch 85 [540/729] - Loss: 0.1155
2026-05-02 04:57:05,167 - INFO - Epoch 85 [550/729] - Loss: 0.1157
2026-05-02 04:57:08,621 - INFO - Epoch 85 [560/729] - Loss: 0.1160
2026-05-02 04:57:12,062 - INFO - Epoch 85 [570/729] - Loss: 0.1159
2026-05-02 04:57:15,525 - INFO - Epoch 85 [580/729] - Loss: 0.1161
2026-05-02 04:57:18,976 - INFO - Epoch 85 [590/729] - Loss: 0.1160
2026-05-02 04:57:22,438 - INFO - Epoch 85 [600/729] - Loss: 0.1165
2026-05-02 04:57:25,911 - INFO - Epoch 85 [610/729] - Loss: 0.1168
2026-05-02 04:57:29,366 - INFO - Epoch 85 [620/729] - Loss: 0.1174
2026-05-02 04:57:32,812 - INFO - Epoch 85 [630/729] - Loss: 0.1174
2026-05-02 04:57:36,265 - INFO - Epoch 85 [640/729] - Loss: 0.1177
2026-05-02 04:57:39,713 - INFO - Epoch 85 [650/729] - Loss: 0.1177
2026-05-02 04:57:43,158 - INFO - Epoch 85 [660/729] - Loss: 0.1177
2026-05-02 04:57:46,606 - INFO - Epoch 85 [670/729] - Loss: 0.1179
2026-05-02 04:57:50,055 - INFO - Epoch 85 [680/729] - Loss: 0.1175
2026-05-02 04:57:53,522 - INFO - Epoch 85 [690/729] - Loss: 0.1179
2026-05-02 04:57:56,975 - INFO - Epoch 85 [700/729] - Loss: 0.1181
2026-05-02 04:58:00,423 - INFO - Epoch 85 [710/729] - Loss: 0.1179
2026-05-02 04:58:03,888 - INFO - Epoch 85 [720/729] - Loss: 0.1185
2026-05-02 04:58:55,542 - INFO - VAL Epoch 85 | Loss: 0.3085 | IoU: 0.8923 | Prec: 0.8843 | F1: 0.8775 | MAPE_L: 5.23% | MAPE_W: 25.11%
2026-05-02 04:58:56,323 - INFO - Epoch 86 [0/729] - Loss: 0.1352
2026-05-02 04:59:04,636 - INFO - Epoch 86 [10/729] - Loss: 0.1321
2026-05-02 04:59:08,088 - INFO - Epoch 86 [20/729] - Loss: 0.1222
2026-05-02 04:59:11,547 - INFO - Epoch 86 [30/729] - Loss: 0.1290
2026-05-02 04:59:14,992 - INFO - Epoch 86 [40/729] - Loss: 0.1451
2026-05-02 04:59:18,442 - INFO - Epoch 86 [50/729] - Loss: 0.1460
2026-05-02 04:59:21,885 - INFO - Epoch 86 [60/729] - Loss: 0.1415
2026-05-02 04:59:25,343 - INFO - Epoch 86 [70/729] - Loss: 0.1410
2026-05-02 04:59:28,783 - INFO - Epoch 86 [80/729] - Loss: 0.1337
2026-05-02 04:59:32,235 - INFO - Epoch 86 [90/729] - Loss: 0.1361
2026-05-02 04:59:35,685 - INFO - Epoch 86 [100/729] - Loss: 0.1349
2026-05-02 04:59:39,140 - INFO - Epoch 86 [110/729] - Loss: 0.1367
2026-05-02 04:59:42,590 - INFO - Epoch 86 [120/729] - Loss: 0.1371
2026-05-02 04:59:46,058 - INFO - Epoch 86 [130/729] - Loss: 0.1403
2026-05-02 04:59:49,504 - INFO - Epoch 86 [140/729] - Loss: 0.1425
2026-05-02 04:59:52,958 - INFO - Epoch 86 [150/729] - Loss: 0.1440
2026-05-02 04:59:56,407 - INFO - Epoch 86 [160/729] - Loss: 0.1429
2026-05-02 04:59:59,862 - INFO - Epoch 86 [170/729] - Loss: 0.1438
2026-05-02 05:00:03,317 - INFO - Epoch 86 [180/729] - Loss: 0.1426
2026-05-02 05:00:06,773 - INFO - Epoch 86 [190/729] - Loss: 0.1415
2026-05-02 05:00:10,269 - INFO - Epoch 86 [200/729] - Loss: 0.1422
2026-05-02 05:00:13,715 - INFO - Epoch 86 [210/729] - Loss: 0.1409
2026-05-02 05:00:17,167 - INFO - Epoch 86 [220/729] - Loss: 0.1403
2026-05-02 05:00:20,690 - INFO - Epoch 86 [230/729] - Loss: 0.1423
2026-05-02 05:00:24,141 - INFO - Epoch 86 [240/729] - Loss: 0.1423
2026-05-02 05:00:27,590 - INFO - Epoch 86 [250/729] - Loss: 0.1419
2026-05-02 05:00:31,048 - INFO - Epoch 86 [260/729] - Loss: 0.1414
2026-05-02 05:00:34,499 - INFO - Epoch 86 [270/729] - Loss: 0.1414
2026-05-02 05:00:37,949 - INFO - Epoch 86 [280/729] - Loss: 0.1416
2026-05-02 05:00:41,395 - INFO - Epoch 86 [290/729] - Loss: 0.1415
2026-05-02 05:00:44,842 - INFO - Epoch 86 [300/729] - Loss: 0.1413
2026-05-02 05:00:48,299 - INFO - Epoch 86 [310/729] - Loss: 0.1418
2026-05-02 05:00:51,757 - INFO - Epoch 86 [320/729] - Loss: 0.1420
2026-05-02 05:00:55,200 - INFO - Epoch 86 [330/729] - Loss: 0.1408
2026-05-02 05:00:58,645 - INFO - Epoch 86 [340/729] - Loss: 0.1399
2026-05-02 05:01:02,100 - INFO - Epoch 86 [350/729] - Loss: 0.1396
2026-05-02 05:01:05,561 - INFO - Epoch 86 [360/729] - Loss: 0.1403
2026-05-02 05:01:09,007 - INFO - Epoch 86 [370/729] - Loss: 0.1396
2026-05-02 05:01:12,461 - INFO - Epoch 86 [380/729] - Loss: 0.1383
2026-05-02 05:01:15,925 - INFO - Epoch 86 [390/729] - Loss: 0.1376
2026-05-02 05:01:19,369 - INFO - Epoch 86 [400/729] - Loss: 0.1367
2026-05-02 05:01:22,814 - INFO - Epoch 86 [410/729] - Loss: 0.1356
2026-05-02 05:01:26,264 - INFO - Epoch 86 [420/729] - Loss: 0.1350
2026-05-02 05:01:29,714 - INFO - Epoch 86 [430/729] - Loss: 0.1350
2026-05-02 05:01:33,158 - INFO - Epoch 86 [440/729] - Loss: 0.1342
2026-05-02 05:01:36,608 - INFO - Epoch 86 [450/729] - Loss: 0.1336
2026-05-02 05:01:40,062 - INFO - Epoch 86 [460/729] - Loss: 0.1336
2026-05-02 05:01:43,513 - INFO - Epoch 86 [470/729] - Loss: 0.1333
2026-05-02 05:01:46,994 - INFO - Epoch 86 [480/729] - Loss: 0.1334
2026-05-02 05:01:50,445 - INFO - Epoch 86 [490/729] - Loss: 0.1330
2026-05-02 05:01:53,891 - INFO - Epoch 86 [500/729] - Loss: 0.1324
2026-05-02 05:01:57,341 - INFO - Epoch 86 [510/729] - Loss: 0.1322
2026-05-02 05:02:00,793 - INFO - Epoch 86 [520/729] - Loss: 0.1317
2026-05-02 05:02:04,257 - INFO - Epoch 86 [530/729] - Loss: 0.1315
2026-05-02 05:02:07,704 - INFO - Epoch 86 [540/729] - Loss: 0.1311
2026-05-02 05:02:11,169 - INFO - Epoch 86 [550/729] - Loss: 0.1308
2026-05-02 05:02:14,638 - INFO - Epoch 86 [560/729] - Loss: 0.1304
2026-05-02 05:02:18,089 - INFO - Epoch 86 [570/729] - Loss: 0.1299
2026-05-02 05:02:21,535 - INFO - Epoch 86 [580/729] - Loss: 0.1294
2026-05-02 05:02:24,977 - INFO - Epoch 86 [590/729] - Loss: 0.1287
2026-05-02 05:02:28,423 - INFO - Epoch 86 [600/729] - Loss: 0.1281
2026-05-02 05:02:31,869 - INFO - Epoch 86 [610/729] - Loss: 0.1276
2026-05-02 05:02:35,311 - INFO - Epoch 86 [620/729] - Loss: 0.1273
2026-05-02 05:02:38,758 - INFO - Epoch 86 [630/729] - Loss: 0.1271
2026-05-02 05:02:42,212 - INFO - Epoch 86 [640/729] - Loss: 0.1272
2026-05-02 05:02:45,653 - INFO - Epoch 86 [650/729] - Loss: 0.1267
2026-05-02 05:02:49,095 - INFO - Epoch 86 [660/729] - Loss: 0.1264
2026-05-02 05:02:52,537 - INFO - Epoch 86 [670/729] - Loss: 0.1260
2026-05-02 05:02:55,982 - INFO - Epoch 86 [680/729] - Loss: 0.1260
2026-05-02 05:02:59,426 - INFO - Epoch 86 [690/729] - Loss: 0.1257
2026-05-02 05:03:02,884 - INFO - Epoch 86 [700/729] - Loss: 0.1256
2026-05-02 05:03:06,327 - INFO - Epoch 86 [710/729] - Loss: 0.1250
2026-05-02 05:03:09,776 - INFO - Epoch 86 [720/729] - Loss: 0.1251
2026-05-02 05:04:01,590 - INFO - VAL Epoch 86 | Loss: 0.2947 | IoU: 0.8956 | Prec: 0.8727 | F1: 0.8768 | MAPE_L: 5.17% | MAPE_W: 25.57%
2026-05-02 05:04:02,353 - INFO - Epoch 87 [0/729] - Loss: 0.1058
2026-05-02 05:04:05,797 - INFO - Epoch 87 [10/729] - Loss: 0.1087
2026-05-02 05:04:09,255 - INFO - Epoch 87 [20/729] - Loss: 0.1325
2026-05-02 05:04:12,727 - INFO - Epoch 87 [30/729] - Loss: 0.1332
2026-05-02 05:04:16,176 - INFO - Epoch 87 [40/729] - Loss: 0.1235
2026-05-02 05:04:19,637 - INFO - Epoch 87 [50/729] - Loss: 0.1252
2026-05-02 05:04:23,076 - INFO - Epoch 87 [60/729] - Loss: 0.1227
2026-05-02 05:04:26,523 - INFO - Epoch 87 [70/729] - Loss: 0.1184
2026-05-02 05:04:29,963 - INFO - Epoch 87 [80/729] - Loss: 0.1162
2026-05-02 05:04:33,407 - INFO - Epoch 87 [90/729] - Loss: 0.1162
2026-05-02 05:04:36,858 - INFO - Epoch 87 [100/729] - Loss: 0.1158
2026-05-02 05:04:40,306 - INFO - Epoch 87 [110/729] - Loss: 0.1159
2026-05-02 05:04:43,759 - INFO - Epoch 87 [120/729] - Loss: 0.1162
2026-05-02 05:04:47,203 - INFO - Epoch 87 [130/729] - Loss: 0.1144
2026-05-02 05:04:50,650 - INFO - Epoch 87 [140/729] - Loss: 0.1141
2026-05-02 05:04:54,096 - INFO - Epoch 87 [150/729] - Loss: 0.1129
2026-05-02 05:04:57,551 - INFO - Epoch 87 [160/729] - Loss: 0.1145
2026-05-02 05:05:01,010 - INFO - Epoch 87 [170/729] - Loss: 0.1137
2026-05-02 05:05:04,457 - INFO - Epoch 87 [180/729] - Loss: 0.1132
2026-05-02 05:05:07,905 - INFO - Epoch 87 [190/729] - Loss: 0.1136
2026-05-02 05:05:11,361 - INFO - Epoch 87 [200/729] - Loss: 0.1142
2026-05-02 05:05:14,816 - INFO - Epoch 87 [210/729] - Loss: 0.1148
2026-05-02 05:05:18,267 - INFO - Epoch 87 [220/729] - Loss: 0.1158
2026-05-02 05:05:21,723 - INFO - Epoch 87 [230/729] - Loss: 0.1155
2026-05-02 05:05:25,178 - INFO - Epoch 87 [240/729] - Loss: 0.1169
2026-05-02 05:05:28,643 - INFO - Epoch 87 [250/729] - Loss: 0.1169
2026-05-02 05:05:32,101 - INFO - Epoch 87 [260/729] - Loss: 0.1171
2026-05-02 05:05:35,548 - INFO - Epoch 87 [270/729] - Loss: 0.1170
2026-05-02 05:05:38,994 - INFO - Epoch 87 [280/729] - Loss: 0.1170
2026-05-02 05:05:42,445 - INFO - Epoch 87 [290/729] - Loss: 0.1194
2026-05-02 05:05:45,926 - INFO - Epoch 87 [300/729] - Loss: 0.1201
2026-05-02 05:05:49,394 - INFO - Epoch 87 [310/729] - Loss: 0.1215
2026-05-02 05:05:52,861 - INFO - Epoch 87 [320/729] - Loss: 0.1219
2026-05-02 05:05:56,304 - INFO - Epoch 87 [330/729] - Loss: 0.1213
2026-05-02 05:05:59,751 - INFO - Epoch 87 [340/729] - Loss: 0.1208
2026-05-02 05:06:03,201 - INFO - Epoch 87 [350/729] - Loss: 0.1203
2026-05-02 05:06:06,649 - INFO - Epoch 87 [360/729] - Loss: 0.1200
2026-05-02 05:06:10,102 - INFO - Epoch 87 [370/729] - Loss: 0.1201
2026-05-02 05:06:13,550 - INFO - Epoch 87 [380/729] - Loss: 0.1201
2026-05-02 05:06:16,991 - INFO - Epoch 87 [390/729] - Loss: 0.1190
2026-05-02 05:06:20,436 - INFO - Epoch 87 [400/729] - Loss: 0.1195
2026-05-02 05:06:23,905 - INFO - Epoch 87 [410/729] - Loss: 0.1195
2026-05-02 05:06:27,353 - INFO - Epoch 87 [420/729] - Loss: 0.1193
2026-05-02 05:06:30,802 - INFO - Epoch 87 [430/729] - Loss: 0.1193
2026-05-02 05:06:34,256 - INFO - Epoch 87 [440/729] - Loss: 0.1192
2026-05-02 05:06:37,705 - INFO - Epoch 87 [450/729] - Loss: 0.1192
2026-05-02 05:06:41,147 - INFO - Epoch 87 [460/729] - Loss: 0.1188
2026-05-02 05:06:44,600 - INFO - Epoch 87 [470/729] - Loss: 0.1189
2026-05-02 05:06:48,051 - INFO - Epoch 87 [480/729] - Loss: 0.1186
2026-05-02 05:06:51,495 - INFO - Epoch 87 [490/729] - Loss: 0.1180
2026-05-02 05:06:54,947 - INFO - Epoch 87 [500/729] - Loss: 0.1176
2026-05-02 05:06:58,391 - INFO - Epoch 87 [510/729] - Loss: 0.1171
2026-05-02 05:07:01,846 - INFO - Epoch 87 [520/729] - Loss: 0.1169
2026-05-02 05:07:05,291 - INFO - Epoch 87 [530/729] - Loss: 0.1163
2026-05-02 05:07:08,738 - INFO - Epoch 87 [540/729] - Loss: 0.1161
2026-05-02 05:07:12,184 - INFO - Epoch 87 [550/729] - Loss: 0.1157
2026-05-02 05:07:15,632 - INFO - Epoch 87 [560/729] - Loss: 0.1154
2026-05-02 05:07:19,089 - INFO - Epoch 87 [570/729] - Loss: 0.1159
2026-05-02 05:07:22,557 - INFO - Epoch 87 [580/729] - Loss: 0.1164
2026-05-02 05:07:26,007 - INFO - Epoch 87 [590/729] - Loss: 0.1162
2026-05-02 05:07:29,454 - INFO - Epoch 87 [600/729] - Loss: 0.1161
2026-05-02 05:07:32,903 - INFO - Epoch 87 [610/729] - Loss: 0.1160
2026-05-02 05:07:36,348 - INFO - Epoch 87 [620/729] - Loss: 0.1157
2026-05-02 05:07:39,793 - INFO - Epoch 87 [630/729] - Loss: 0.1154
2026-05-02 05:07:43,258 - INFO - Epoch 87 [640/729] - Loss: 0.1153
2026-05-02 05:07:46,717 - INFO - Epoch 87 [650/729] - Loss: 0.1157
2026-05-02 05:07:50,177 - INFO - Epoch 87 [660/729] - Loss: 0.1159
2026-05-02 05:07:53,620 - INFO - Epoch 87 [670/729] - Loss: 0.1159
2026-05-02 05:07:57,103 - INFO - Epoch 87 [680/729] - Loss: 0.1160
2026-05-02 05:08:00,550 - INFO - Epoch 87 [690/729] - Loss: 0.1158
2026-05-02 05:08:03,996 - INFO - Epoch 87 [700/729] - Loss: 0.1154
2026-05-02 05:08:07,462 - INFO - Epoch 87 [710/729] - Loss: 0.1153
2026-05-02 05:08:10,916 - INFO - Epoch 87 [720/729] - Loss: 0.1151
2026-05-02 05:09:02,450 - INFO - VAL Epoch 87 | Loss: 0.2938 | IoU: 0.8986 | Prec: 0.8606 | F1: 0.8714 | MAPE_L: 5.06% | MAPE_W: 25.41%
2026-05-02 05:09:03,242 - INFO - Epoch 88 [0/729] - Loss: 0.1330
2026-05-02 05:09:06,687 - INFO - Epoch 88 [10/729] - Loss: 0.1108
2026-05-02 05:09:10,143 - INFO - Epoch 88 [20/729] - Loss: 0.1069
2026-05-02 05:09:13,590 - INFO - Epoch 88 [30/729] - Loss: 0.1072
2026-05-02 05:09:17,041 - INFO - Epoch 88 [40/729] - Loss: 0.1142
2026-05-02 05:09:20,484 - INFO - Epoch 88 [50/729] - Loss: 0.1098
2026-05-02 05:09:23,937 - INFO - Epoch 88 [60/729] - Loss: 0.1110
2026-05-02 05:09:27,384 - INFO - Epoch 88 [70/729] - Loss: 0.1104
2026-05-02 05:09:30,832 - INFO - Epoch 88 [80/729] - Loss: 0.1128
2026-05-02 05:09:34,275 - INFO - Epoch 88 [90/729] - Loss: 0.1110
2026-05-02 05:09:37,732 - INFO - Epoch 88 [100/729] - Loss: 0.1133
2026-05-02 05:09:41,170 - INFO - Epoch 88 [110/729] - Loss: 0.1103
2026-05-02 05:09:44,609 - INFO - Epoch 88 [120/729] - Loss: 0.1101
2026-05-02 05:09:48,064 - INFO - Epoch 88 [130/729] - Loss: 0.1117
2026-05-02 05:09:51,563 - INFO - Epoch 88 [140/729] - Loss: 0.1153
2026-05-02 05:09:55,005 - INFO - Epoch 88 [150/729] - Loss: 0.1164
2026-05-02 05:09:58,454 - INFO - Epoch 88 [160/729] - Loss: 0.1161
2026-05-02 05:10:01,917 - INFO - Epoch 88 [170/729] - Loss: 0.1166
2026-05-02 05:10:05,363 - INFO - Epoch 88 [180/729] - Loss: 0.1160
2026-05-02 05:10:08,809 - INFO - Epoch 88 [190/729] - Loss: 0.1159
2026-05-02 05:10:12,254 - INFO - Epoch 88 [200/729] - Loss: 0.1161
2026-05-02 05:10:15,701 - INFO - Epoch 88 [210/729] - Loss: 0.1155
2026-05-02 05:10:19,147 - INFO - Epoch 88 [220/729] - Loss: 0.1155
2026-05-02 05:10:22,598 - INFO - Epoch 88 [230/729] - Loss: 0.1145
2026-05-02 05:10:26,049 - INFO - Epoch 88 [240/729] - Loss: 0.1154
2026-05-02 05:10:29,505 - INFO - Epoch 88 [250/729] - Loss: 0.1160
2026-05-02 05:10:32,975 - INFO - Epoch 88 [260/729] - Loss: 0.1162
2026-05-02 05:10:36,430 - INFO - Epoch 88 [270/729] - Loss: 0.1163
2026-05-02 05:10:39,891 - INFO - Epoch 88 [280/729] - Loss: 0.1168
2026-05-02 05:10:43,335 - INFO - Epoch 88 [290/729] - Loss: 0.1165
2026-05-02 05:10:46,803 - INFO - Epoch 88 [300/729] - Loss: 0.1166
2026-05-02 05:10:50,245 - INFO - Epoch 88 [310/729] - Loss: 0.1157
2026-05-02 05:10:53,708 - INFO - Epoch 88 [320/729] - Loss: 0.1160
2026-05-02 05:10:57,151 - INFO - Epoch 88 [330/729] - Loss: 0.1151
2026-05-02 05:11:00,602 - INFO - Epoch 88 [340/729] - Loss: 0.1151
2026-05-02 05:11:04,051 - INFO - Epoch 88 [350/729] - Loss: 0.1144
2026-05-02 05:11:07,522 - INFO - Epoch 88 [360/729] - Loss: 0.1140
2026-05-02 05:11:10,967 - INFO - Epoch 88 [370/729] - Loss: 0.1139
2026-05-02 05:11:14,451 - INFO - Epoch 88 [380/729] - Loss: 0.1147
2026-05-02 05:11:17,909 - INFO - Epoch 88 [390/729] - Loss: 0.1148
2026-05-02 05:11:21,358 - INFO - Epoch 88 [400/729] - Loss: 0.1145
2026-05-02 05:11:24,803 - INFO - Epoch 88 [410/729] - Loss: 0.1140
2026-05-02 05:11:28,266 - INFO - Epoch 88 [420/729] - Loss: 0.1142
2026-05-02 05:11:31,717 - INFO - Epoch 88 [430/729] - Loss: 0.1143
2026-05-02 05:11:35,166 - INFO - Epoch 88 [440/729] - Loss: 0.1139
2026-05-02 05:11:38,642 - INFO - Epoch 88 [450/729] - Loss: 0.1144
2026-05-02 05:11:42,095 - INFO - Epoch 88 [460/729] - Loss: 0.1141
2026-05-02 05:11:45,542 - INFO - Epoch 88 [470/729] - Loss: 0.1142
2026-05-02 05:11:48,988 - INFO - Epoch 88 [480/729] - Loss: 0.1138
2026-05-02 05:11:52,438 - INFO - Epoch 88 [490/729] - Loss: 0.1137
2026-05-02 05:11:55,893 - INFO - Epoch 88 [500/729] - Loss: 0.1133
2026-05-02 05:11:59,335 - INFO - Epoch 88 [510/729] - Loss: 0.1128
2026-05-02 05:12:02,790 - INFO - Epoch 88 [520/729] - Loss: 0.1129
2026-05-02 05:12:06,240 - INFO - Epoch 88 [530/729] - Loss: 0.1127
2026-05-02 05:12:09,688 - INFO - Epoch 88 [540/729] - Loss: 0.1125
2026-05-02 05:12:13,146 - INFO - Epoch 88 [550/729] - Loss: 0.1125
2026-05-02 05:12:16,591 - INFO - Epoch 88 [560/729] - Loss: 0.1121
2026-05-02 05:12:20,039 - INFO - Epoch 88 [570/729] - Loss: 0.1118
2026-05-02 05:12:23,482 - INFO - Epoch 88 [580/729] - Loss: 0.1114
2026-05-02 05:12:26,933 - INFO - Epoch 88 [590/729] - Loss: 0.1115
2026-05-02 05:12:30,375 - INFO - Epoch 88 [600/729] - Loss: 0.1114
2026-05-02 05:12:33,823 - INFO - Epoch 88 [610/729] - Loss: 0.1115
2026-05-02 05:12:37,288 - INFO - Epoch 88 [620/729] - Loss: 0.1117
2026-05-02 05:12:40,728 - INFO - Epoch 88 [630/729] - Loss: 0.1114
2026-05-02 05:12:44,204 - INFO - Epoch 88 [640/729] - Loss: 0.1119
2026-05-02 05:12:47,655 - INFO - Epoch 88 [650/729] - Loss: 0.1120
2026-05-02 05:12:51,093 - INFO - Epoch 88 [660/729] - Loss: 0.1116
2026-05-02 05:12:54,530 - INFO - Epoch 88 [670/729] - Loss: 0.1113
2026-05-02 05:12:57,972 - INFO - Epoch 88 [680/729] - Loss: 0.1111
2026-05-02 05:13:01,413 - INFO - Epoch 88 [690/729] - Loss: 0.1119
2026-05-02 05:13:04,871 - INFO - Epoch 88 [700/729] - Loss: 0.1116
2026-05-02 05:13:08,317 - INFO - Epoch 88 [710/729] - Loss: 0.1113
2026-05-02 05:13:11,759 - INFO - Epoch 88 [720/729] - Loss: 0.1112
2026-05-02 05:13:58,062 - INFO - VAL Epoch 88 | Loss: 0.2936 | IoU: 0.8973 | Prec: 0.8789 | F1: 0.8805 | MAPE_L: 4.87% | MAPE_W: 25.26%
2026-05-02 05:13:58,819 - INFO - Epoch 89 [0/729] - Loss: 0.1644
2026-05-02 05:14:07,275 - INFO - Epoch 89 [10/729] - Loss: 0.1063
2026-05-02 05:14:10,732 - INFO - Epoch 89 [20/729] - Loss: 0.1092
2026-05-02 05:14:14,186 - INFO - Epoch 89 [30/729] - Loss: 0.1104
2026-05-02 05:14:17,639 - INFO - Epoch 89 [40/729] - Loss: 0.1067
2026-05-02 05:14:21,080 - INFO - Epoch 89 [50/729] - Loss: 0.1043
2026-05-02 05:14:24,540 - INFO - Epoch 89 [60/729] - Loss: 0.1090
2026-05-02 05:14:27,989 - INFO - Epoch 89 [70/729] - Loss: 0.1137
2026-05-02 05:14:31,427 - INFO - Epoch 89 [80/729] - Loss: 0.1095
2026-05-02 05:14:34,873 - INFO - Epoch 89 [90/729] - Loss: 0.1074
2026-05-02 05:14:38,317 - INFO - Epoch 89 [100/729] - Loss: 0.1073
2026-05-02 05:14:41,790 - INFO - Epoch 89 [110/729] - Loss: 0.1092
2026-05-02 05:14:45,249 - INFO - Epoch 89 [120/729] - Loss: 0.1105
2026-05-02 05:14:48,702 - INFO - Epoch 89 [130/729] - Loss: 0.1101
2026-05-02 05:14:52,146 - INFO - Epoch 89 [140/729] - Loss: 0.1093
2026-05-02 05:14:55,599 - INFO - Epoch 89 [150/729] - Loss: 0.1093
2026-05-02 05:14:59,084 - INFO - Epoch 89 [160/729] - Loss: 0.1122
2026-05-02 05:15:02,540 - INFO - Epoch 89 [170/729] - Loss: 0.1128
2026-05-02 05:15:06,017 - INFO - Epoch 89 [180/729] - Loss: 0.1133
2026-05-02 05:15:09,471 - INFO - Epoch 89 [190/729] - Loss: 0.1137
2026-05-02 05:15:12,942 - INFO - Epoch 89 [200/729] - Loss: 0.1147
2026-05-02 05:15:16,388 - INFO - Epoch 89 [210/729] - Loss: 0.1143
2026-05-02 05:15:19,837 - INFO - Epoch 89 [220/729] - Loss: 0.1147
2026-05-02 05:15:23,296 - INFO - Epoch 89 [230/729] - Loss: 0.1146
2026-05-02 05:15:26,739 - INFO - Epoch 89 [240/729] - Loss: 0.1137
2026-05-02 05:15:30,205 - INFO - Epoch 89 [250/729] - Loss: 0.1146
2026-05-02 05:15:33,658 - INFO - Epoch 89 [260/729] - Loss: 0.1142
2026-05-02 05:15:37,124 - INFO - Epoch 89 [270/729] - Loss: 0.1146
2026-05-02 05:15:40,570 - INFO - Epoch 89 [280/729] - Loss: 0.1136
2026-05-02 05:15:44,030 - INFO - Epoch 89 [290/729] - Loss: 0.1138
2026-05-02 05:15:47,489 - INFO - Epoch 89 [300/729] - Loss: 0.1142
2026-05-02 05:15:50,963 - INFO - Epoch 89 [310/729] - Loss: 0.1144
2026-05-02 05:15:54,414 - INFO - Epoch 89 [320/729] - Loss: 0.1135
2026-05-02 05:15:57,859 - INFO - Epoch 89 [330/729] - Loss: 0.1128
2026-05-02 05:16:01,304 - INFO - Epoch 89 [340/729] - Loss: 0.1117
2026-05-02 05:16:04,763 - INFO - Epoch 89 [350/729] - Loss: 0.1112
2026-05-02 05:16:08,220 - INFO - Epoch 89 [360/729] - Loss: 0.1108
2026-05-02 05:16:11,660 - INFO - Epoch 89 [370/729] - Loss: 0.1096
2026-05-02 05:16:15,110 - INFO - Epoch 89 [380/729] - Loss: 0.1094
2026-05-02 05:16:18,568 - INFO - Epoch 89 [390/729] - Loss: 0.1096
2026-05-02 05:16:22,037 - INFO - Epoch 89 [400/729] - Loss: 0.1107
2026-05-02 05:16:25,491 - INFO - Epoch 89 [410/729] - Loss: 0.1107
2026-05-02 05:16:28,943 - INFO - Epoch 89 [420/729] - Loss: 0.1104
2026-05-02 05:16:32,392 - INFO - Epoch 89 [430/729] - Loss: 0.1114
2026-05-02 05:16:35,850 - INFO - Epoch 89 [440/729] - Loss: 0.1121
2026-05-02 05:16:39,301 - INFO - Epoch 89 [450/729] - Loss: 0.1117
2026-05-02 05:16:42,747 - INFO - Epoch 89 [460/729] - Loss: 0.1113
2026-05-02 05:16:46,201 - INFO - Epoch 89 [470/729] - Loss: 0.1106
2026-05-02 05:16:49,652 - INFO - Epoch 89 [480/729] - Loss: 0.1103
2026-05-02 05:16:53,097 - INFO - Epoch 89 [490/729] - Loss: 0.1098
2026-05-02 05:16:56,561 - INFO - Epoch 89 [500/729] - Loss: 0.1099
2026-05-02 05:17:00,010 - INFO - Epoch 89 [510/729] - Loss: 0.1101
2026-05-02 05:17:03,466 - INFO - Epoch 89 [520/729] - Loss: 0.1103
2026-05-02 05:17:06,917 - INFO - Epoch 89 [530/729] - Loss: 0.1103
2026-05-02 05:17:10,380 - INFO - Epoch 89 [540/729] - Loss: 0.1102
2026-05-02 05:17:13,834 - INFO - Epoch 89 [550/729] - Loss: 0.1103
2026-05-02 05:17:17,276 - INFO - Epoch 89 [560/729] - Loss: 0.1099
2026-05-02 05:17:20,724 - INFO - Epoch 89 [570/729] - Loss: 0.1097
2026-05-02 05:17:24,170 - INFO - Epoch 89 [580/729] - Loss: 0.1094
2026-05-02 05:17:27,627 - INFO - Epoch 89 [590/729] - Loss: 0.1098
2026-05-02 05:17:31,099 - INFO - Epoch 89 [600/729] - Loss: 0.1100
2026-05-02 05:17:34,557 - INFO - Epoch 89 [610/729] - Loss: 0.1105
2026-05-02 05:17:38,017 - INFO - Epoch 89 [620/729] - Loss: 0.1109
2026-05-02 05:17:41,474 - INFO - Epoch 89 [630/729] - Loss: 0.1110
2026-05-02 05:17:44,932 - INFO - Epoch 89 [640/729] - Loss: 0.1109
2026-05-02 05:17:48,383 - INFO - Epoch 89 [650/729] - Loss: 0.1110
2026-05-02 05:17:51,842 - INFO - Epoch 89 [660/729] - Loss: 0.1107
2026-05-02 05:17:55,293 - INFO - Epoch 89 [670/729] - Loss: 0.1107
2026-05-02 05:17:58,745 - INFO - Epoch 89 [680/729] - Loss: 0.1105
2026-05-02 05:18:02,195 - INFO - Epoch 89 [690/729] - Loss: 0.1106
2026-05-02 05:18:05,653 - INFO - Epoch 89 [700/729] - Loss: 0.1108
2026-05-02 05:18:09,108 - INFO - Epoch 89 [710/729] - Loss: 0.1111
2026-05-02 05:18:12,562 - INFO - Epoch 89 [720/729] - Loss: 0.1112
2026-05-02 05:19:04,081 - INFO - VAL Epoch 89 | Loss: 0.2965 | IoU: 0.8962 | Prec: 0.8967 | F1: 0.8848 | MAPE_L: 5.51% | MAPE_W: 25.18%
2026-05-02 05:19:04,868 - INFO - Epoch 90 [0/729] - Loss: 0.1908
2026-05-02 05:19:08,319 - INFO - Epoch 90 [10/729] - Loss: 0.1348
2026-05-02 05:19:11,775 - INFO - Epoch 90 [20/729] - Loss: 0.1655
2026-05-02 05:19:15,232 - INFO - Epoch 90 [30/729] - Loss: 0.1503
2026-05-02 05:19:18,695 - INFO - Epoch 90 [40/729] - Loss: 0.1422
2026-05-02 05:19:22,145 - INFO - Epoch 90 [50/729] - Loss: 0.1326
2026-05-02 05:19:25,604 - INFO - Epoch 90 [60/729] - Loss: 0.1302
2026-05-02 05:19:29,065 - INFO - Epoch 90 [70/729] - Loss: 0.1250
2026-05-02 05:19:32,521 - INFO - Epoch 90 [80/729] - Loss: 0.1226
2026-05-02 05:19:35,976 - INFO - Epoch 90 [90/729] - Loss: 0.1219
2026-05-02 05:19:39,439 - INFO - Epoch 90 [100/729] - Loss: 0.1209
2026-05-02 05:19:42,894 - INFO - Epoch 90 [110/729] - Loss: 0.1189
2026-05-02 05:19:46,353 - INFO - Epoch 90 [120/729] - Loss: 0.1193
2026-05-02 05:19:49,845 - INFO - Epoch 90 [130/729] - Loss: 0.1217
2026-05-02 05:19:53,311 - INFO - Epoch 90 [140/729] - Loss: 0.1209
2026-05-02 05:19:56,759 - INFO - Epoch 90 [150/729] - Loss: 0.1187
2026-05-02 05:20:00,234 - INFO - Epoch 90 [160/729] - Loss: 0.1182
2026-05-02 05:20:03,690 - INFO - Epoch 90 [170/729] - Loss: 0.1182
2026-05-02 05:20:07,159 - INFO - Epoch 90 [180/729] - Loss: 0.1182
2026-05-02 05:20:10,614 - INFO - Epoch 90 [190/729] - Loss: 0.1180
2026-05-02 05:20:14,076 - INFO - Epoch 90 [200/729] - Loss: 0.1174
2026-05-02 05:20:17,535 - INFO - Epoch 90 [210/729] - Loss: 0.1178
2026-05-02 05:20:20,985 - INFO - Epoch 90 [220/729] - Loss: 0.1165
2026-05-02 05:20:24,435 - INFO - Epoch 90 [230/729] - Loss: 0.1155
2026-05-02 05:20:27,895 - INFO - Epoch 90 [240/729] - Loss: 0.1161
2026-05-02 05:20:31,354 - INFO - Epoch 90 [250/729] - Loss: 0.1166
2026-05-02 05:20:34,808 - INFO - Epoch 90 [260/729] - Loss: 0.1168
2026-05-02 05:20:38,270 - INFO - Epoch 90 [270/729] - Loss: 0.1183
2026-05-02 05:20:41,717 - INFO - Epoch 90 [280/729] - Loss: 0.1175
2026-05-02 05:20:45,173 - INFO - Epoch 90 [290/729] - Loss: 0.1168
2026-05-02 05:20:48,633 - INFO - Epoch 90 [300/729] - Loss: 0.1167
2026-05-02 05:20:52,081 - INFO - Epoch 90 [310/729] - Loss: 0.1154
2026-05-02 05:20:55,541 - INFO - Epoch 90 [320/729] - Loss: 0.1156
2026-05-02 05:20:58,991 - INFO - Epoch 90 [330/729] - Loss: 0.1146
2026-05-02 05:21:02,451 - INFO - Epoch 90 [340/729] - Loss: 0.1144
2026-05-02 05:21:05,911 - INFO - Epoch 90 [350/729] - Loss: 0.1144
2026-05-02 05:21:09,367 - INFO - Epoch 90 [360/729] - Loss: 0.1141
2026-05-02 05:21:12,818 - INFO - Epoch 90 [370/729] - Loss: 0.1133
2026-05-02 05:21:16,335 - INFO - Epoch 90 [380/729] - Loss: 0.1145
2026-05-02 05:21:19,792 - INFO - Epoch 90 [390/729] - Loss: 0.1146
2026-05-02 05:21:23,250 - INFO - Epoch 90 [400/729] - Loss: 0.1146
2026-05-02 05:21:26,715 - INFO - Epoch 90 [410/729] - Loss: 0.1144
2026-05-02 05:21:30,183 - INFO - Epoch 90 [420/729] - Loss: 0.1146
2026-05-02 05:21:33,633 - INFO - Epoch 90 [430/729] - Loss: 0.1142
2026-05-02 05:21:37,085 - INFO - Epoch 90 [440/729] - Loss: 0.1140
2026-05-02 05:21:40,538 - INFO - Epoch 90 [450/729] - Loss: 0.1134
2026-05-02 05:21:43,986 - INFO - Epoch 90 [460/729] - Loss: 0.1128
2026-05-02 05:21:47,465 - INFO - Epoch 90 [470/729] - Loss: 0.1125
2026-05-02 05:21:50,925 - INFO - Epoch 90 [480/729] - Loss: 0.1120
2026-05-02 05:21:54,385 - INFO - Epoch 90 [490/729] - Loss: 0.1124
2026-05-02 05:21:57,854 - INFO - Epoch 90 [500/729] - Loss: 0.1128
2026-05-02 05:22:01,307 - INFO - Epoch 90 [510/729] - Loss: 0.1125
2026-05-02 05:22:04,774 - INFO - Epoch 90 [520/729] - Loss: 0.1123
2026-05-02 05:22:08,236 - INFO - Epoch 90 [530/729] - Loss: 0.1124
2026-05-02 05:22:11,689 - INFO - Epoch 90 [540/729] - Loss: 0.1124
2026-05-02 05:22:15,159 - INFO - Epoch 90 [550/729] - Loss: 0.1122
2026-05-02 05:22:18,623 - INFO - Epoch 90 [560/729] - Loss: 0.1124
2026-05-02 05:22:22,081 - INFO - Epoch 90 [570/729] - Loss: 0.1121
2026-05-02 05:22:25,538 - INFO - Epoch 90 [580/729] - Loss: 0.1117
2026-05-02 05:22:28,987 - INFO - Epoch 90 [590/729] - Loss: 0.1119
2026-05-02 05:22:32,446 - INFO - Epoch 90 [600/729] - Loss: 0.1120
2026-05-02 05:22:35,904 - INFO - Epoch 90 [610/729] - Loss: 0.1120
2026-05-02 05:22:39,398 - INFO - Epoch 90 [620/729] - Loss: 0.1123
2026-05-02 05:22:42,861 - INFO - Epoch 90 [630/729] - Loss: 0.1122
2026-05-02 05:22:46,318 - INFO - Epoch 90 [640/729] - Loss: 0.1120
2026-05-02 05:22:49,780 - INFO - Epoch 90 [650/729] - Loss: 0.1116
2026-05-02 05:22:53,235 - INFO - Epoch 90 [660/729] - Loss: 0.1115
2026-05-02 05:22:56,688 - INFO - Epoch 90 [670/729] - Loss: 0.1112
2026-05-02 05:23:00,143 - INFO - Epoch 90 [680/729] - Loss: 0.1113
2026-05-02 05:23:03,590 - INFO - Epoch 90 [690/729] - Loss: 0.1109
2026-05-02 05:23:07,046 - INFO - Epoch 90 [700/729] - Loss: 0.1113
2026-05-02 05:23:10,501 - INFO - Epoch 90 [710/729] - Loss: 0.1112
2026-05-02 05:23:13,950 - INFO - Epoch 90 [720/729] - Loss: 0.1109
2026-05-02 05:24:00,304 - INFO - VAL Epoch 90 | Loss: 0.3016 | IoU: 0.8987 | Prec: 0.8833 | F1: 0.8817 | MAPE_L: 4.94% | MAPE_W: 25.38%
2026-05-02 05:24:01,063 - INFO - Epoch 91 [0/729] - Loss: 0.0980
2026-05-02 05:24:04,514 - INFO - Epoch 91 [10/729] - Loss: 0.1170
2026-05-02 05:24:07,962 - INFO - Epoch 91 [20/729] - Loss: 0.1227
2026-05-02 05:24:11,396 - INFO - Epoch 91 [30/729] - Loss: 0.1125
2026-05-02 05:24:14,836 - INFO - Epoch 91 [40/729] - Loss: 0.1097
2026-05-02 05:24:18,265 - INFO - Epoch 91 [50/729] - Loss: 0.1056
2026-05-02 05:24:21,698 - INFO - Epoch 91 [60/729] - Loss: 0.1042
2026-05-02 05:24:25,135 - INFO - Epoch 91 [70/729] - Loss: 0.1063
2026-05-02 05:24:28,563 - INFO - Epoch 91 [80/729] - Loss: 0.1030
2026-05-02 05:24:31,994 - INFO - Epoch 91 [90/729] - Loss: 0.1018
2026-05-02 05:24:35,432 - INFO - Epoch 91 [100/729] - Loss: 0.1039
2026-05-02 05:24:38,865 - INFO - Epoch 91 [110/729] - Loss: 0.1066
2026-05-02 05:24:42,319 - INFO - Epoch 91 [120/729] - Loss: 0.1080
2026-05-02 05:24:45,748 - INFO - Epoch 91 [130/729] - Loss: 0.1073
2026-05-02 05:24:49,220 - INFO - Epoch 91 [140/729] - Loss: 0.1093
2026-05-02 05:24:52,657 - INFO - Epoch 91 [150/729] - Loss: 0.1092
2026-05-02 05:24:56,092 - INFO - Epoch 91 [160/729] - Loss: 0.1083
2026-05-02 05:24:59,522 - INFO - Epoch 91 [170/729] - Loss: 0.1085
2026-05-02 05:25:02,958 - INFO - Epoch 91 [180/729] - Loss: 0.1085
2026-05-02 05:25:06,387 - INFO - Epoch 91 [190/729] - Loss: 0.1079
2026-05-02 05:25:09,837 - INFO - Epoch 91 [200/729] - Loss: 0.1083
2026-05-02 05:25:13,270 - INFO - Epoch 91 [210/729] - Loss: 0.1078
2026-05-02 05:25:16,704 - INFO - Epoch 91 [220/729] - Loss: 0.1073
2026-05-02 05:25:20,135 - INFO - Epoch 91 [230/729] - Loss: 0.1058
2026-05-02 05:25:23,565 - INFO - Epoch 91 [240/729] - Loss: 0.1049
2026-05-02 05:25:26,990 - INFO - Epoch 91 [250/729] - Loss: 0.1035
2026-05-02 05:25:30,429 - INFO - Epoch 91 [260/729] - Loss: 0.1032
2026-05-02 05:25:33,861 - INFO - Epoch 91 [270/729] - Loss: 0.1030
2026-05-02 05:25:37,291 - INFO - Epoch 91 [280/729] - Loss: 0.1032
2026-05-02 05:25:40,735 - INFO - Epoch 91 [290/729] - Loss: 0.1037
2026-05-02 05:25:44,173 - INFO - Epoch 91 [300/729] - Loss: 0.1043
2026-05-02 05:25:47,597 - INFO - Epoch 91 [310/729] - Loss: 0.1033
2026-05-02 05:25:51,027 - INFO - Epoch 91 [320/729] - Loss: 0.1028
2026-05-02 05:25:54,470 - INFO - Epoch 91 [330/729] - Loss: 0.1038
2026-05-02 05:25:57,900 - INFO - Epoch 91 [340/729] - Loss: 0.1041
2026-05-02 05:26:01,361 - INFO - Epoch 91 [350/729] - Loss: 0.1048
2026-05-02 05:26:04,814 - INFO - Epoch 91 [360/729] - Loss: 0.1051
2026-05-02 05:26:08,245 - INFO - Epoch 91 [370/729] - Loss: 0.1048
2026-05-02 05:26:11,700 - INFO - Epoch 91 [380/729] - Loss: 0.1062
2026-05-02 05:26:15,142 - INFO - Epoch 91 [390/729] - Loss: 0.1066
2026-05-02 05:26:18,576 - INFO - Epoch 91 [400/729] - Loss: 0.1063
2026-05-02 05:26:22,012 - INFO - Epoch 91 [410/729] - Loss: 0.1063
2026-05-02 05:26:25,488 - INFO - Epoch 91 [420/729] - Loss: 0.1069
2026-05-02 05:26:28,915 - INFO - Epoch 91 [430/729] - Loss: 0.1061
2026-05-02 05:26:32,378 - INFO - Epoch 91 [440/729] - Loss: 0.1063
2026-05-02 05:26:35,818 - INFO - Epoch 91 [450/729] - Loss: 0.1067
2026-05-02 05:26:39,259 - INFO - Epoch 91 [460/729] - Loss: 0.1069
2026-05-02 05:26:42,693 - INFO - Epoch 91 [470/729] - Loss: 0.1070
2026-05-02 05:26:46,129 - INFO - Epoch 91 [480/729] - Loss: 0.1069
2026-05-02 05:26:49,553 - INFO - Epoch 91 [490/729] - Loss: 0.1064
2026-05-02 05:26:52,989 - INFO - Epoch 91 [500/729] - Loss: 0.1063
2026-05-02 05:26:56,436 - INFO - Epoch 91 [510/729] - Loss: 0.1063
2026-05-02 05:26:59,903 - INFO - Epoch 91 [520/729] - Loss: 0.1068
2026-05-02 05:27:03,348 - INFO - Epoch 91 [530/729] - Loss: 0.1069
2026-05-02 05:27:06,792 - INFO - Epoch 91 [540/729] - Loss: 0.1073
2026-05-02 05:27:10,232 - INFO - Epoch 91 [550/729] - Loss: 0.1072
2026-05-02 05:27:13,663 - INFO - Epoch 91 [560/729] - Loss: 0.1069
2026-05-02 05:27:17,091 - INFO - Epoch 91 [570/729] - Loss: 0.1064
2026-05-02 05:27:20,533 - INFO - Epoch 91 [580/729] - Loss: 0.1063
2026-05-02 05:27:23,965 - INFO - Epoch 91 [590/729] - Loss: 0.1059
2026-05-02 05:27:27,407 - INFO - Epoch 91 [600/729] - Loss: 0.1064
2026-05-02 05:27:30,846 - INFO - Epoch 91 [610/729] - Loss: 0.1063
2026-05-02 05:27:34,288 - INFO - Epoch 91 [620/729] - Loss: 0.1061
2026-05-02 05:27:37,726 - INFO - Epoch 91 [630/729] - Loss: 0.1061
2026-05-02 05:27:41,161 - INFO - Epoch 91 [640/729] - Loss: 0.1059
2026-05-02 05:27:44,617 - INFO - Epoch 91 [650/729] - Loss: 0.1062
2026-05-02 05:27:48,046 - INFO - Epoch 91 [660/729] - Loss: 0.1061
2026-05-02 05:27:51,481 - INFO - Epoch 91 [670/729] - Loss: 0.1059
2026-05-02 05:27:54,922 - INFO - Epoch 91 [680/729] - Loss: 0.1060
2026-05-02 05:27:58,353 - INFO - Epoch 91 [690/729] - Loss: 0.1058
2026-05-02 05:28:01,807 - INFO - Epoch 91 [700/729] - Loss: 0.1063
2026-05-02 05:28:05,241 - INFO - Epoch 91 [710/729] - Loss: 0.1062
2026-05-02 05:28:08,677 - INFO - Epoch 91 [720/729] - Loss: 0.1062
2026-05-02 05:28:54,977 - INFO - VAL Epoch 91 | Loss: 0.3096 | IoU: 0.8936 | Prec: 0.8873 | F1: 0.8794 | MAPE_L: 4.82% | MAPE_W: 25.06%
2026-05-02 05:28:55,704 - INFO - Epoch 92 [0/729] - Loss: 0.0816
2026-05-02 05:28:59,157 - INFO - Epoch 92 [10/729] - Loss: 0.1086
2026-05-02 05:29:02,615 - INFO - Epoch 92 [20/729] - Loss: 0.1051
2026-05-02 05:29:06,066 - INFO - Epoch 92 [30/729] - Loss: 0.1060
2026-05-02 05:29:09,517 - INFO - Epoch 92 [40/729] - Loss: 0.1040
2026-05-02 05:29:12,960 - INFO - Epoch 92 [50/729] - Loss: 0.1004
2026-05-02 05:29:16,410 - INFO - Epoch 92 [60/729] - Loss: 0.0997
2026-05-02 05:29:19,865 - INFO - Epoch 92 [70/729] - Loss: 0.0997
2026-05-02 05:29:23,310 - INFO - Epoch 92 [80/729] - Loss: 0.0996
2026-05-02 05:29:26,754 - INFO - Epoch 92 [90/729] - Loss: 0.0979
2026-05-02 05:29:30,203 - INFO - Epoch 92 [100/729] - Loss: 0.0984
2026-05-02 05:29:33,646 - INFO - Epoch 92 [110/729] - Loss: 0.0985
2026-05-02 05:29:37,095 - INFO - Epoch 92 [120/729] - Loss: 0.0996
2026-05-02 05:29:40,544 - INFO - Epoch 92 [130/729] - Loss: 0.0995
2026-05-02 05:29:44,008 - INFO - Epoch 92 [140/729] - Loss: 0.0994
2026-05-02 05:29:47,448 - INFO - Epoch 92 [150/729] - Loss: 0.0972
2026-05-02 05:29:50,931 - INFO - Epoch 92 [160/729] - Loss: 0.1009
2026-05-02 05:29:54,377 - INFO - Epoch 92 [170/729] - Loss: 0.1010
2026-05-02 05:29:57,816 - INFO - Epoch 92 [180/729] - Loss: 0.0998
2026-05-02 05:30:01,267 - INFO - Epoch 92 [190/729] - Loss: 0.1005
2026-05-02 05:30:04,724 - INFO - Epoch 92 [200/729] - Loss: 0.1005
2026-05-02 05:30:08,184 - INFO - Epoch 92 [210/729] - Loss: 0.1001
2026-05-02 05:30:11,634 - INFO - Epoch 92 [220/729] - Loss: 0.1001
2026-05-02 05:30:15,084 - INFO - Epoch 92 [230/729] - Loss: 0.1003
2026-05-02 05:30:18,527 - INFO - Epoch 92 [240/729] - Loss: 0.0996
2026-05-02 05:30:21,986 - INFO - Epoch 92 [250/729] - Loss: 0.1008
2026-05-02 05:30:25,469 - INFO - Epoch 92 [260/729] - Loss: 0.1018
2026-05-02 05:30:28,925 - INFO - Epoch 92 [270/729] - Loss: 0.1025
2026-05-02 05:30:32,376 - INFO - Epoch 92 [280/729] - Loss: 0.1030
2026-05-02 05:30:35,826 - INFO - Epoch 92 [290/729] - Loss: 0.1029
2026-05-02 05:30:39,267 - INFO - Epoch 92 [300/729] - Loss: 0.1024
2026-05-02 05:30:42,707 - INFO - Epoch 92 [310/729] - Loss: 0.1024
2026-05-02 05:30:46,170 - INFO - Epoch 92 [320/729] - Loss: 0.1027
2026-05-02 05:30:49,610 - INFO - Epoch 92 [330/729] - Loss: 0.1023
2026-05-02 05:30:53,057 - INFO - Epoch 92 [340/729] - Loss: 0.1025
2026-05-02 05:30:56,497 - INFO - Epoch 92 [350/729] - Loss: 0.1023
2026-05-02 05:30:59,946 - INFO - Epoch 92 [360/729] - Loss: 0.1023
2026-05-02 05:31:03,401 - INFO - Epoch 92 [370/729] - Loss: 0.1020
2026-05-02 05:31:06,852 - INFO - Epoch 92 [380/729] - Loss: 0.1027
2026-05-02 05:31:10,326 - INFO - Epoch 92 [390/729] - Loss: 0.1032
2026-05-02 05:31:13,799 - INFO - Epoch 92 [400/729] - Loss: 0.1037
2026-05-02 05:31:17,254 - INFO - Epoch 92 [410/729] - Loss: 0.1037
2026-05-02 05:31:20,715 - INFO - Epoch 92 [420/729] - Loss: 0.1040
2026-05-02 05:31:24,156 - INFO - Epoch 92 [430/729] - Loss: 0.1037
2026-05-02 05:31:27,596 - INFO - Epoch 92 [440/729] - Loss: 0.1035
2026-05-02 05:31:31,040 - INFO - Epoch 92 [450/729] - Loss: 0.1032
2026-05-02 05:31:34,480 - INFO - Epoch 92 [460/729] - Loss: 0.1047
2026-05-02 05:31:37,914 - INFO - Epoch 92 [470/729] - Loss: 0.1039
2026-05-02 05:31:41,360 - INFO - Epoch 92 [480/729] - Loss: 0.1035
2026-05-02 05:31:44,819 - INFO - Epoch 92 [490/729] - Loss: 0.1044
2026-05-02 05:31:48,264 - INFO - Epoch 92 [500/729] - Loss: 0.1048
2026-05-02 05:31:51,735 - INFO - Epoch 92 [510/729] - Loss: 0.1057
2026-05-02 05:31:55,177 - INFO - Epoch 92 [520/729] - Loss: 0.1053
2026-05-02 05:31:58,611 - INFO - Epoch 92 [530/729] - Loss: 0.1048
2026-05-02 05:32:02,049 - INFO - Epoch 92 [540/729] - Loss: 0.1044
2026-05-02 05:32:05,532 - INFO - Epoch 92 [550/729] - Loss: 0.1046
2026-05-02 05:32:08,980 - INFO - Epoch 92 [560/729] - Loss: 0.1049
2026-05-02 05:32:12,426 - INFO - Epoch 92 [570/729] - Loss: 0.1050
2026-05-02 05:32:15,888 - INFO - Epoch 92 [580/729] - Loss: 0.1054
2026-05-02 05:32:19,337 - INFO - Epoch 92 [590/729] - Loss: 0.1059
2026-05-02 05:32:22,779 - INFO - Epoch 92 [600/729] - Loss: 0.1057
2026-05-02 05:32:26,228 - INFO - Epoch 92 [610/729] - Loss: 0.1057
2026-05-02 05:32:29,671 - INFO - Epoch 92 [620/729] - Loss: 0.1056
2026-05-02 05:32:33,114 - INFO - Epoch 92 [630/729] - Loss: 0.1053
2026-05-02 05:32:36,569 - INFO - Epoch 92 [640/729] - Loss: 0.1052
2026-05-02 05:32:40,015 - INFO - Epoch 92 [650/729] - Loss: 0.1049
2026-05-02 05:32:43,478 - INFO - Epoch 92 [660/729] - Loss: 0.1053
2026-05-02 05:32:46,931 - INFO - Epoch 92 [670/729] - Loss: 0.1053
2026-05-02 05:32:50,376 - INFO - Epoch 92 [680/729] - Loss: 0.1053
2026-05-02 05:32:53,828 - INFO - Epoch 92 [690/729] - Loss: 0.1053
2026-05-02 05:32:57,295 - INFO - Epoch 92 [700/729] - Loss: 0.1055
2026-05-02 05:33:00,743 - INFO - Epoch 92 [710/729] - Loss: 0.1052
2026-05-02 05:33:04,190 - INFO - Epoch 92 [720/729] - Loss: 0.1049
2026-05-02 05:33:50,844 - INFO - VAL Epoch 92 | Loss: 0.3068 | IoU: 0.8940 | Prec: 0.8947 | F1: 0.8846 | MAPE_L: 4.86% | MAPE_W: 25.45%
2026-05-02 05:33:51,609 - INFO - Epoch 93 [0/729] - Loss: 0.0884
2026-05-02 05:33:55,065 - INFO - Epoch 93 [10/729] - Loss: 0.1207
2026-05-02 05:33:58,509 - INFO - Epoch 93 [20/729] - Loss: 0.1073
2026-05-02 05:34:01,957 - INFO - Epoch 93 [30/729] - Loss: 0.1100
2026-05-02 05:34:05,403 - INFO - Epoch 93 [40/729] - Loss: 0.1072
2026-05-02 05:34:08,845 - INFO - Epoch 93 [50/729] - Loss: 0.1053
2026-05-02 05:34:12,310 - INFO - Epoch 93 [60/729] - Loss: 0.1057
2026-05-02 05:34:15,757 - INFO - Epoch 93 [70/729] - Loss: 0.1037
2026-05-02 05:34:19,215 - INFO - Epoch 93 [80/729] - Loss: 0.1036
2026-05-02 05:34:22,661 - INFO - Epoch 93 [90/729] - Loss: 0.1028
2026-05-02 05:34:26,126 - INFO - Epoch 93 [100/729] - Loss: 0.1027
2026-05-02 05:34:29,564 - INFO - Epoch 93 [110/729] - Loss: 0.1001
2026-05-02 05:34:33,005 - INFO - Epoch 93 [120/729] - Loss: 0.0990
2026-05-02 05:34:36,453 - INFO - Epoch 93 [130/729] - Loss: 0.0978
2026-05-02 05:34:39,896 - INFO - Epoch 93 [140/729] - Loss: 0.1006
2026-05-02 05:34:43,354 - INFO - Epoch 93 [150/729] - Loss: 0.1018
2026-05-02 05:34:46,802 - INFO - Epoch 93 [160/729] - Loss: 0.1027
2026-05-02 05:34:50,257 - INFO - Epoch 93 [170/729] - Loss: 0.1042
2026-05-02 05:34:53,706 - INFO - Epoch 93 [180/729] - Loss: 0.1040
2026-05-02 05:34:57,145 - INFO - Epoch 93 [190/729] - Loss: 0.1033
2026-05-02 05:35:00,606 - INFO - Epoch 93 [200/729] - Loss: 0.1038
2026-05-02 05:35:04,051 - INFO - Epoch 93 [210/729] - Loss: 0.1035
2026-05-02 05:35:07,503 - INFO - Epoch 93 [220/729] - Loss: 0.1034
2026-05-02 05:35:10,947 - INFO - Epoch 93 [230/729] - Loss: 0.1029
2026-05-02 05:35:14,391 - INFO - Epoch 93 [240/729] - Loss: 0.1033
2026-05-02 05:35:17,830 - INFO - Epoch 93 [250/729] - Loss: 0.1026
2026-05-02 05:35:21,276 - INFO - Epoch 93 [260/729] - Loss: 0.1023
2026-05-02 05:35:24,718 - INFO - Epoch 93 [270/729] - Loss: 0.1021
2026-05-02 05:35:28,166 - INFO - Epoch 93 [280/729] - Loss: 0.1022
2026-05-02 05:35:31,642 - INFO - Epoch 93 [290/729] - Loss: 0.1031
2026-05-02 05:35:35,089 - INFO - Epoch 93 [300/729] - Loss: 0.1034
2026-05-02 05:35:38,539 - INFO - Epoch 93 [310/729] - Loss: 0.1038
2026-05-02 05:35:41,984 - INFO - Epoch 93 [320/729] - Loss: 0.1043
2026-05-02 05:35:45,437 - INFO - Epoch 93 [330/729] - Loss: 0.1040
2026-05-02 05:35:48,878 - INFO - Epoch 93 [340/729] - Loss: 0.1042
2026-05-02 05:35:52,326 - INFO - Epoch 93 [350/729] - Loss: 0.1041
2026-05-02 05:35:55,772 - INFO - Epoch 93 [360/729] - Loss: 0.1044
2026-05-02 05:35:59,213 - INFO - Epoch 93 [370/729] - Loss: 0.1045
2026-05-02 05:36:02,646 - INFO - Epoch 93 [380/729] - Loss: 0.1039
2026-05-02 05:36:06,097 - INFO - Epoch 93 [390/729] - Loss: 0.1042
2026-05-02 05:36:09,535 - INFO - Epoch 93 [400/729] - Loss: 0.1041
2026-05-02 05:36:12,980 - INFO - Epoch 93 [410/729] - Loss: 0.1041
2026-05-02 05:36:16,421 - INFO - Epoch 93 [420/729] - Loss: 0.1043
2026-05-02 05:36:19,860 - INFO - Epoch 93 [430/729] - Loss: 0.1043
2026-05-02 05:36:23,297 - INFO - Epoch 93 [440/729] - Loss: 0.1041
2026-05-02 05:36:26,735 - INFO - Epoch 93 [450/729] - Loss: 0.1037
2026-05-02 05:36:30,190 - INFO - Epoch 93 [460/729] - Loss: 0.1051
2026-05-02 05:36:33,632 - INFO - Epoch 93 [470/729] - Loss: 0.1051
2026-05-02 05:36:37,092 - INFO - Epoch 93 [480/729] - Loss: 0.1053
2026-05-02 05:36:40,545 - INFO - Epoch 93 [490/729] - Loss: 0.1056
2026-05-02 05:36:43,983 - INFO - Epoch 93 [500/729] - Loss: 0.1054
2026-05-02 05:36:47,462 - INFO - Epoch 93 [510/729] - Loss: 0.1058
2026-05-02 05:36:50,907 - INFO - Epoch 93 [520/729] - Loss: 0.1056
2026-05-02 05:36:54,354 - INFO - Epoch 93 [530/729] - Loss: 0.1058
2026-05-02 05:36:57,792 - INFO - Epoch 93 [540/729] - Loss: 0.1054
2026-05-02 05:37:01,246 - INFO - Epoch 93 [550/729] - Loss: 0.1055
2026-05-02 05:37:04,696 - INFO - Epoch 93 [560/729] - Loss: 0.1058
2026-05-02 05:37:08,139 - INFO - Epoch 93 [570/729] - Loss: 0.1055
2026-05-02 05:37:11,587 - INFO - Epoch 93 [580/729] - Loss: 0.1055
2026-05-02 05:37:15,029 - INFO - Epoch 93 [590/729] - Loss: 0.1053
2026-05-02 05:37:18,470 - INFO - Epoch 93 [600/729] - Loss: 0.1054
2026-05-02 05:37:21,934 - INFO - Epoch 93 [610/729] - Loss: 0.1056
2026-05-02 05:37:25,383 - INFO - Epoch 93 [620/729] - Loss: 0.1057
2026-05-02 05:37:28,826 - INFO - Epoch 93 [630/729] - Loss: 0.1056
2026-05-02 05:37:32,271 - INFO - Epoch 93 [640/729] - Loss: 0.1055
2026-05-02 05:37:35,735 - INFO - Epoch 93 [650/729] - Loss: 0.1057
2026-05-02 05:37:39,188 - INFO - Epoch 93 [660/729] - Loss: 0.1056
2026-05-02 05:37:42,633 - INFO - Epoch 93 [670/729] - Loss: 0.1053
2026-05-02 05:37:46,091 - INFO - Epoch 93 [680/729] - Loss: 0.1054
2026-05-02 05:37:49,547 - INFO - Epoch 93 [690/729] - Loss: 0.1056
2026-05-02 05:37:52,989 - INFO - Epoch 93 [700/729] - Loss: 0.1054
2026-05-02 05:37:56,476 - INFO - Epoch 93 [710/729] - Loss: 0.1058
2026-05-02 05:37:59,924 - INFO - Epoch 93 [720/729] - Loss: 0.1062
2026-05-02 05:38:46,429 - INFO - VAL Epoch 93 | Loss: 0.3087 | IoU: 0.8948 | Prec: 0.8883 | F1: 0.8844 | MAPE_L: 5.04% | MAPE_W: 25.29%
2026-05-02 05:38:46,429 - INFO -     [!] Early stopping triggered.
/mnt/proj3/eu-26-25/hrsid_pipeline/train.py:390: FutureWarning: You are using `torch.load` with `weights_only=False` (the current default value), which uses the default pickle module implicitly. It is possible to construct malicious pickle data which will execute arbitrary code during unpickling (See https://github.com/pytorch/pytorch/blob/main/SECURITY.md#untrusted-models for more details). In a future release, the default value for `weights_only` will be flipped to `True`. This limits the functions that could be executed during unpickling. Arbitrary objects will no longer be allowed to be loaded via this mode unless they are explicitly allowlisted by the user via `torch.serialization.add_safe_globals`. We recommend you start setting `weights_only=True` for any use case where you don't have full control of the loaded file. Please open an issue on GitHub for any issues related to this experimental feature.
  model.load_state_dict(torch.load(best_path, map_location=device))
2026-05-02 05:38:46,563 - INFO - 
================================================================================
PHASE SETUP: Classification Training (FUSAR) (FUSAR)
================================================================================
2026-05-02 05:38:46,564 - INFO - Backbone: Partially Unfrozen (Only Layer4 & FPN)
2026-05-02 05:38:46,564 - INFO - Detector: Frozen
2026-05-02 05:38:46,564 - INFO - Attribute Heads: Regression FROZEN, Classification UNFROZEN
2026-05-02 05:38:47,884 - INFO - Epoch 1 [0/489] - Loss: 1.3056
2026-05-02 05:38:48,913 - INFO - Epoch 1 [10/489] - Loss: 1.0955
2026-05-02 05:38:49,950 - INFO - Epoch 1 [20/489] - Loss: 1.1164
2026-05-02 05:38:50,981 - INFO - Epoch 1 [30/489] - Loss: 1.1537
2026-05-02 05:38:52,023 - INFO - Epoch 1 [40/489] - Loss: 1.0064
2026-05-02 05:38:53,066 - INFO - Epoch 1 [50/489] - Loss: 0.9238
2026-05-02 05:38:54,108 - INFO - Epoch 1 [60/489] - Loss: 0.8656
2026-05-02 05:38:55,146 - INFO - Epoch 1 [70/489] - Loss: 0.8161
2026-05-02 05:38:56,184 - INFO - Epoch 1 [80/489] - Loss: 0.7597
2026-05-02 05:38:57,204 - INFO - Epoch 1 [90/489] - Loss: 0.7286
2026-05-02 05:38:58,242 - INFO - Epoch 1 [100/489] - Loss: 0.6936
2026-05-02 05:38:59,279 - INFO - Epoch 1 [110/489] - Loss: 0.6713
2026-05-02 05:39:00,320 - INFO - Epoch 1 [120/489] - Loss: 0.6476
2026-05-02 05:39:01,355 - INFO - Epoch 1 [130/489] - Loss: 0.6346
2026-05-02 05:39:02,399 - INFO - Epoch 1 [140/489] - Loss: 0.6214
2026-05-02 05:39:03,440 - INFO - Epoch 1 [150/489] - Loss: 0.5979
2026-05-02 05:39:04,480 - INFO - Epoch 1 [160/489] - Loss: 0.5791
2026-05-02 05:39:05,508 - INFO - Epoch 1 [170/489] - Loss: 0.5677
2026-05-02 05:39:06,533 - INFO - Epoch 1 [180/489] - Loss: 0.5591
2026-05-02 05:39:07,557 - INFO - Epoch 1 [190/489] - Loss: 0.5511
2026-05-02 05:39:08,590 - INFO - Epoch 1 [200/489] - Loss: 0.5433
2026-05-02 05:39:09,626 - INFO - Epoch 1 [210/489] - Loss: 0.5321
2026-05-02 05:39:10,658 - INFO - Epoch 1 [220/489] - Loss: 0.5226
2026-05-02 05:39:11,686 - INFO - Epoch 1 [230/489] - Loss: 0.5201
2026-05-02 05:39:12,714 - INFO - Epoch 1 [240/489] - Loss: 0.5109
2026-05-02 05:39:13,746 - INFO - Epoch 1 [250/489] - Loss: 0.5017
2026-05-02 05:39:14,781 - INFO - Epoch 1 [260/489] - Loss: 0.4930
2026-05-02 05:39:15,802 - INFO - Epoch 1 [270/489] - Loss: 0.4813
2026-05-02 05:39:16,837 - INFO - Epoch 1 [280/489] - Loss: 0.4739
2026-05-02 05:39:17,871 - INFO - Epoch 1 [290/489] - Loss: 0.4737
2026-05-02 05:39:18,903 - INFO - Epoch 1 [300/489] - Loss: 0.4668
2026-05-02 05:39:19,943 - INFO - Epoch 1 [310/489] - Loss: 0.4640
2026-05-02 05:39:20,978 - INFO - Epoch 1 [320/489] - Loss: 0.4579
2026-05-02 05:39:22,002 - INFO - Epoch 1 [330/489] - Loss: 0.4566
2026-05-02 05:39:23,029 - INFO - Epoch 1 [340/489] - Loss: 0.4538
2026-05-02 05:39:24,055 - INFO - Epoch 1 [350/489] - Loss: 0.4471
2026-05-02 05:39:25,085 - INFO - Epoch 1 [360/489] - Loss: 0.4403
2026-05-02 05:39:26,115 - INFO - Epoch 1 [370/489] - Loss: 0.4349
2026-05-02 05:39:27,145 - INFO - Epoch 1 [380/489] - Loss: 0.4346
2026-05-02 05:39:28,171 - INFO - Epoch 1 [390/489] - Loss: 0.4303
2026-05-02 05:39:29,198 - INFO - Epoch 1 [400/489] - Loss: 0.4287
2026-05-02 05:39:30,229 - INFO - Epoch 1 [410/489] - Loss: 0.4288
2026-05-02 05:39:31,261 - INFO - Epoch 1 [420/489] - Loss: 0.4245
2026-05-02 05:39:32,290 - INFO - Epoch 1 [430/489] - Loss: 0.4219
2026-05-02 05:39:33,319 - INFO - Epoch 1 [440/489] - Loss: 0.4187
2026-05-02 05:39:34,355 - INFO - Epoch 1 [450/489] - Loss: 0.4146
2026-05-02 05:39:35,389 - INFO - Epoch 1 [460/489] - Loss: 0.4108
2026-05-02 05:39:36,415 - INFO - Epoch 1 [470/489] - Loss: 0.4076
2026-05-02 05:39:37,445 - INFO - Epoch 1 [480/489] - Loss: 0.4080
2026-05-02 05:40:04,003 - INFO - VAL Epoch 1 | Loss: 0.3505 | Acc: 0.6596
2026-05-02 05:40:04,363 - INFO -     [!] New Best Model Saved!
2026-05-02 05:40:04,935 - INFO - Epoch 2 [0/489] - Loss: 0.1371
2026-05-02 05:40:10,958 - INFO - Epoch 2 [10/489] - Loss: 0.2439
2026-05-02 05:40:11,989 - INFO - Epoch 2 [20/489] - Loss: 0.3100
2026-05-02 05:40:13,015 - INFO - Epoch 2 [30/489] - Loss: 0.2809
2026-05-02 05:40:14,044 - INFO - Epoch 2 [40/489] - Loss: 0.2739
2026-05-02 05:40:15,073 - INFO - Epoch 2 [50/489] - Loss: 0.2585
2026-05-02 05:40:16,108 - INFO - Epoch 2 [60/489] - Loss: 0.2439
2026-05-02 05:40:17,144 - INFO - Epoch 2 [70/489] - Loss: 0.2376
2026-05-02 05:40:18,172 - INFO - Epoch 2 [80/489] - Loss: 0.2388
2026-05-02 05:40:19,199 - INFO - Epoch 2 [90/489] - Loss: 0.2652
2026-05-02 05:40:20,236 - INFO - Epoch 2 [100/489] - Loss: 0.2603
2026-05-02 05:40:21,277 - INFO - Epoch 2 [110/489] - Loss: 0.2537
2026-05-02 05:40:22,308 - INFO - Epoch 2 [120/489] - Loss: 0.2507
2026-05-02 05:40:23,355 - INFO - Epoch 2 [130/489] - Loss: 0.2602
2026-05-02 05:40:24,381 - INFO - Epoch 2 [140/489] - Loss: 0.2646
2026-05-02 05:40:25,426 - INFO - Epoch 2 [150/489] - Loss: 0.2618
2026-05-02 05:40:26,462 - INFO - Epoch 2 [160/489] - Loss: 0.2629
2026-05-02 05:40:27,489 - INFO - Epoch 2 [170/489] - Loss: 0.2658
2026-05-02 05:40:28,515 - INFO - Epoch 2 [180/489] - Loss: 0.2691
2026-05-02 05:40:29,551 - INFO - Epoch 2 [190/489] - Loss: 0.2737
2026-05-02 05:40:30,582 - INFO - Epoch 2 [200/489] - Loss: 0.2659
2026-05-02 05:40:31,603 - INFO - Epoch 2 [210/489] - Loss: 0.2666
2026-05-02 05:40:32,628 - INFO - Epoch 2 [220/489] - Loss: 0.2667
2026-05-02 05:40:33,659 - INFO - Epoch 2 [230/489] - Loss: 0.2653
2026-05-02 05:40:34,695 - INFO - Epoch 2 [240/489] - Loss: 0.2684
2026-05-02 05:40:35,723 - INFO - Epoch 2 [250/489] - Loss: 0.2684
2026-05-02 05:40:36,755 - INFO - Epoch 2 [260/489] - Loss: 0.2669
2026-05-02 05:40:37,778 - INFO - Epoch 2 [270/489] - Loss: 0.2631
2026-05-02 05:40:38,808 - INFO - Epoch 2 [280/489] - Loss: 0.2653
2026-05-02 05:40:39,836 - INFO - Epoch 2 [290/489] - Loss: 0.2620
2026-05-02 05:40:40,870 - INFO - Epoch 2 [300/489] - Loss: 0.2635
2026-05-02 05:40:41,895 - INFO - Epoch 2 [310/489] - Loss: 0.2661
2026-05-02 05:40:42,926 - INFO - Epoch 2 [320/489] - Loss: 0.2633
2026-05-02 05:40:43,955 - INFO - Epoch 2 [330/489] - Loss: 0.2612
2026-05-02 05:40:44,979 - INFO - Epoch 2 [340/489] - Loss: 0.2596
2026-05-02 05:40:46,004 - INFO - Epoch 2 [350/489] - Loss: 0.2610
2026-05-02 05:40:47,036 - INFO - Epoch 2 [360/489] - Loss: 0.2598
2026-05-02 05:40:48,061 - INFO - Epoch 2 [370/489] - Loss: 0.2615
2026-05-02 05:40:49,092 - INFO - Epoch 2 [380/489] - Loss: 0.2611
2026-05-02 05:40:50,133 - INFO - Epoch 2 [390/489] - Loss: 0.2600
2026-05-02 05:40:51,155 - INFO - Epoch 2 [400/489] - Loss: 0.2592
2026-05-02 05:40:52,177 - INFO - Epoch 2 [410/489] - Loss: 0.2596
2026-05-02 05:40:53,200 - INFO - Epoch 2 [420/489] - Loss: 0.2591
2026-05-02 05:40:54,231 - INFO - Epoch 2 [430/489] - Loss: 0.2586
2026-05-02 05:40:55,265 - INFO - Epoch 2 [440/489] - Loss: 0.2586
2026-05-02 05:40:56,296 - INFO - Epoch 2 [450/489] - Loss: 0.2565
2026-05-02 05:40:57,319 - INFO - Epoch 2 [460/489] - Loss: 0.2575
2026-05-02 05:40:58,339 - INFO - Epoch 2 [470/489] - Loss: 0.2559
2026-05-02 05:40:59,374 - INFO - Epoch 2 [480/489] - Loss: 0.2545
2026-05-02 05:41:19,917 - INFO - VAL Epoch 2 | Loss: 0.2867 | Acc: 0.7123
2026-05-02 05:41:20,284 - INFO -     [!] New Best Model Saved!
2026-05-02 05:41:20,795 - INFO - Epoch 3 [0/489] - Loss: 0.3466
2026-05-02 05:41:21,822 - INFO - Epoch 3 [10/489] - Loss: 0.1975
2026-05-02 05:41:22,852 - INFO - Epoch 3 [20/489] - Loss: 0.1941
2026-05-02 05:41:23,883 - INFO - Epoch 3 [30/489] - Loss: 0.2072
2026-05-02 05:41:24,918 - INFO - Epoch 3 [40/489] - Loss: 0.2335
2026-05-02 05:41:25,954 - INFO - Epoch 3 [50/489] - Loss: 0.2411
2026-05-02 05:41:27,001 - INFO - Epoch 3 [60/489] - Loss: 0.2436
2026-05-02 05:41:28,038 - INFO - Epoch 3 [70/489] - Loss: 0.2446
2026-05-02 05:41:29,072 - INFO - Epoch 3 [80/489] - Loss: 0.2382
2026-05-02 05:41:30,106 - INFO - Epoch 3 [90/489] - Loss: 0.2340
2026-05-02 05:41:31,150 - INFO - Epoch 3 [100/489] - Loss: 0.2312
2026-05-02 05:41:32,183 - INFO - Epoch 3 [110/489] - Loss: 0.2386
2026-05-02 05:41:33,215 - INFO - Epoch 3 [120/489] - Loss: 0.2412
2026-05-02 05:41:34,259 - INFO - Epoch 3 [130/489] - Loss: 0.2419
2026-05-02 05:41:35,306 - INFO - Epoch 3 [140/489] - Loss: 0.2362
2026-05-02 05:41:36,339 - INFO - Epoch 3 [150/489] - Loss: 0.2422
2026-05-02 05:41:37,374 - INFO - Epoch 3 [160/489] - Loss: 0.2434
2026-05-02 05:41:38,410 - INFO - Epoch 3 [170/489] - Loss: 0.2439
2026-05-02 05:41:39,453 - INFO - Epoch 3 [180/489] - Loss: 0.2483
2026-05-02 05:41:40,493 - INFO - Epoch 3 [190/489] - Loss: 0.2454
2026-05-02 05:41:41,536 - INFO - Epoch 3 [200/489] - Loss: 0.2451
2026-05-02 05:41:42,583 - INFO - Epoch 3 [210/489] - Loss: 0.2431
2026-05-02 05:41:43,620 - INFO - Epoch 3 [220/489] - Loss: 0.2390
2026-05-02 05:41:44,684 - INFO - Epoch 3 [230/489] - Loss: 0.2466
2026-05-02 05:41:45,735 - INFO - Epoch 3 [240/489] - Loss: 0.2441
2026-05-02 05:41:46,794 - INFO - Epoch 3 [250/489] - Loss: 0.2468
2026-05-02 05:41:47,853 - INFO - Epoch 3 [260/489] - Loss: 0.2471
2026-05-02 05:41:48,895 - INFO - Epoch 3 [270/489] - Loss: 0.2475
2026-05-02 05:41:49,954 - INFO - Epoch 3 [280/489] - Loss: 0.2427
2026-05-02 05:41:51,007 - INFO - Epoch 3 [290/489] - Loss: 0.2427
2026-05-02 05:41:52,050 - INFO - Epoch 3 [300/489] - Loss: 0.2411
2026-05-02 05:41:53,099 - INFO - Epoch 3 [310/489] - Loss: 0.2387
2026-05-02 05:41:54,146 - INFO - Epoch 3 [320/489] - Loss: 0.2342
2026-05-02 05:41:55,183 - INFO - Epoch 3 [330/489] - Loss: 0.2366
2026-05-02 05:41:56,235 - INFO - Epoch 3 [340/489] - Loss: 0.2347
2026-05-02 05:41:57,272 - INFO - Epoch 3 [350/489] - Loss: 0.2347
2026-05-02 05:41:58,322 - INFO - Epoch 3 [360/489] - Loss: 0.2374
2026-05-02 05:41:59,354 - INFO - Epoch 3 [370/489] - Loss: 0.2372
2026-05-02 05:42:00,395 - INFO - Epoch 3 [380/489] - Loss: 0.2383
2026-05-02 05:42:01,443 - INFO - Epoch 3 [390/489] - Loss: 0.2382
2026-05-02 05:42:02,491 - INFO - Epoch 3 [400/489] - Loss: 0.2380
2026-05-02 05:42:03,522 - INFO - Epoch 3 [410/489] - Loss: 0.2366
2026-05-02 05:42:04,580 - INFO - Epoch 3 [420/489] - Loss: 0.2369
2026-05-02 05:42:05,626 - INFO - Epoch 3 [430/489] - Loss: 0.2365
2026-05-02 05:42:06,669 - INFO - Epoch 3 [440/489] - Loss: 0.2351
2026-05-02 05:42:07,729 - INFO - Epoch 3 [450/489] - Loss: 0.2336
2026-05-02 05:42:08,770 - INFO - Epoch 3 [460/489] - Loss: 0.2318
2026-05-02 05:42:09,800 - INFO - Epoch 3 [470/489] - Loss: 0.2322
2026-05-02 05:42:10,848 - INFO - Epoch 3 [480/489] - Loss: 0.2319
2026-05-02 05:42:37,100 - INFO - VAL Epoch 3 | Loss: 0.3254 | Acc: 0.5794
2026-05-02 05:42:42,763 - INFO - Epoch 4 [0/489] - Loss: 0.0934
2026-05-02 05:42:43,802 - INFO - Epoch 4 [10/489] - Loss: 0.3286
2026-05-02 05:42:44,860 - INFO - Epoch 4 [20/489] - Loss: 0.2863
2026-05-02 05:42:45,906 - INFO - Epoch 4 [30/489] - Loss: 0.2531
2026-05-02 05:42:46,960 - INFO - Epoch 4 [40/489] - Loss: 0.2392
2026-05-02 05:42:48,007 - INFO - Epoch 4 [50/489] - Loss: 0.2441
2026-05-02 05:42:49,051 - INFO - Epoch 4 [60/489] - Loss: 0.2481
2026-05-02 05:42:50,094 - INFO - Epoch 4 [70/489] - Loss: 0.2555
2026-05-02 05:42:51,150 - INFO - Epoch 4 [80/489] - Loss: 0.2547
2026-05-02 05:42:52,203 - INFO - Epoch 4 [90/489] - Loss: 0.2579
2026-05-02 05:42:53,271 - INFO - Epoch 4 [100/489] - Loss: 0.2488
2026-05-02 05:42:54,325 - INFO - Epoch 4 [110/489] - Loss: 0.2503
2026-05-02 05:42:55,369 - INFO - Epoch 4 [120/489] - Loss: 0.2446
2026-05-02 05:42:56,427 - INFO - Epoch 4 [130/489] - Loss: 0.2484
2026-05-02 05:42:57,467 - INFO - Epoch 4 [140/489] - Loss: 0.2444
2026-05-02 05:42:58,519 - INFO - Epoch 4 [150/489] - Loss: 0.2420
2026-05-02 05:42:59,562 - INFO - Epoch 4 [160/489] - Loss: 0.2393
2026-05-02 05:43:00,614 - INFO - Epoch 4 [170/489] - Loss: 0.2406
2026-05-02 05:43:01,661 - INFO - Epoch 4 [180/489] - Loss: 0.2368
2026-05-02 05:43:02,709 - INFO - Epoch 4 [190/489] - Loss: 0.2342
2026-05-02 05:43:03,754 - INFO - Epoch 4 [200/489] - Loss: 0.2352
2026-05-02 05:43:04,801 - INFO - Epoch 4 [210/489] - Loss: 0.2357
2026-05-02 05:43:05,853 - INFO - Epoch 4 [220/489] - Loss: 0.2355
2026-05-02 05:43:06,905 - INFO - Epoch 4 [230/489] - Loss: 0.2346
2026-05-02 05:43:07,957 - INFO - Epoch 4 [240/489] - Loss: 0.2347
2026-05-02 05:43:08,993 - INFO - Epoch 4 [250/489] - Loss: 0.2337
2026-05-02 05:43:10,039 - INFO - Epoch 4 [260/489] - Loss: 0.2301
2026-05-02 05:43:11,086 - INFO - Epoch 4 [270/489] - Loss: 0.2344
2026-05-02 05:43:12,140 - INFO - Epoch 4 [280/489] - Loss: 0.2371
2026-05-02 05:43:13,185 - INFO - Epoch 4 [290/489] - Loss: 0.2353
2026-05-02 05:43:14,223 - INFO - Epoch 4 [300/489] - Loss: 0.2339
2026-05-02 05:43:15,274 - INFO - Epoch 4 [310/489] - Loss: 0.2339
2026-05-02 05:43:16,320 - INFO - Epoch 4 [320/489] - Loss: 0.2338
2026-05-02 05:43:17,372 - INFO - Epoch 4 [330/489] - Loss: 0.2315
2026-05-02 05:43:18,421 - INFO - Epoch 4 [340/489] - Loss: 0.2294
2026-05-02 05:43:19,471 - INFO - Epoch 4 [350/489] - Loss: 0.2307
2026-05-02 05:43:20,514 - INFO - Epoch 4 [360/489] - Loss: 0.2279
2026-05-02 05:43:21,553 - INFO - Epoch 4 [370/489] - Loss: 0.2245
2026-05-02 05:43:22,595 - INFO - Epoch 4 [380/489] - Loss: 0.2243
2026-05-02 05:43:23,646 - INFO - Epoch 4 [390/489] - Loss: 0.2236
2026-05-02 05:43:24,694 - INFO - Epoch 4 [400/489] - Loss: 0.2231
2026-05-02 05:43:25,740 - INFO - Epoch 4 [410/489] - Loss: 0.2210
2026-05-02 05:43:26,789 - INFO - Epoch 4 [420/489] - Loss: 0.2208
2026-05-02 05:43:27,841 - INFO - Epoch 4 [430/489] - Loss: 0.2198
2026-05-02 05:43:28,902 - INFO - Epoch 4 [440/489] - Loss: 0.2184
2026-05-02 05:43:29,949 - INFO - Epoch 4 [450/489] - Loss: 0.2227
2026-05-02 05:43:30,999 - INFO - Epoch 4 [460/489] - Loss: 0.2215
2026-05-02 05:43:32,060 - INFO - Epoch 4 [470/489] - Loss: 0.2210
2026-05-02 05:43:33,116 - INFO - Epoch 4 [480/489] - Loss: 0.2214
2026-05-02 05:43:54,165 - INFO - VAL Epoch 4 | Loss: 0.3219 | Acc: 0.5393
2026-05-02 05:43:54,697 - INFO - Epoch 5 [0/489] - Loss: 0.1260
2026-05-02 05:43:55,744 - INFO - Epoch 5 [10/489] - Loss: 0.0987
2026-05-02 05:43:56,809 - INFO - Epoch 5 [20/489] - Loss: 0.1123
2026-05-02 05:43:57,866 - INFO - Epoch 5 [30/489] - Loss: 0.1469
2026-05-02 05:43:58,909 - INFO - Epoch 5 [40/489] - Loss: 0.1375
2026-05-02 05:43:59,951 - INFO - Epoch 5 [50/489] - Loss: 0.1617
2026-05-02 05:44:01,006 - INFO - Epoch 5 [60/489] - Loss: 0.1580
2026-05-02 05:44:02,070 - INFO - Epoch 5 [70/489] - Loss: 0.1659
2026-05-02 05:44:03,115 - INFO - Epoch 5 [80/489] - Loss: 0.1596
2026-05-02 05:44:04,166 - INFO - Epoch 5 [90/489] - Loss: 0.1587
2026-05-02 05:44:05,218 - INFO - Epoch 5 [100/489] - Loss: 0.1615
2026-05-02 05:44:06,272 - INFO - Epoch 5 [110/489] - Loss: 0.1679
2026-05-02 05:44:07,331 - INFO - Epoch 5 [120/489] - Loss: 0.1745
2026-05-02 05:44:08,378 - INFO - Epoch 5 [130/489] - Loss: 0.1748
2026-05-02 05:44:09,422 - INFO - Epoch 5 [140/489] - Loss: 0.1755
2026-05-02 05:44:10,457 - INFO - Epoch 5 [150/489] - Loss: 0.1742
2026-05-02 05:44:11,498 - INFO - Epoch 5 [160/489] - Loss: 0.1765
2026-05-02 05:44:12,539 - INFO - Epoch 5 [170/489] - Loss: 0.1758
2026-05-02 05:44:13,577 - INFO - Epoch 5 [180/489] - Loss: 0.1789
2026-05-02 05:44:14,613 - INFO - Epoch 5 [190/489] - Loss: 0.1779
2026-05-02 05:44:15,651 - INFO - Epoch 5 [200/489] - Loss: 0.1811
2026-05-02 05:44:16,686 - INFO - Epoch 5 [210/489] - Loss: 0.1788
2026-05-02 05:44:17,724 - INFO - Epoch 5 [220/489] - Loss: 0.1753
2026-05-02 05:44:18,764 - INFO - Epoch 5 [230/489] - Loss: 0.1749
2026-05-02 05:44:19,796 - INFO - Epoch 5 [240/489] - Loss: 0.1790
2026-05-02 05:44:20,828 - INFO - Epoch 5 [250/489] - Loss: 0.1769
2026-05-02 05:44:21,864 - INFO - Epoch 5 [260/489] - Loss: 0.1762
2026-05-02 05:44:22,901 - INFO - Epoch 5 [270/489] - Loss: 0.1749
2026-05-02 05:44:23,932 - INFO - Epoch 5 [280/489] - Loss: 0.1773
2026-05-02 05:44:24,968 - INFO - Epoch 5 [290/489] - Loss: 0.1756
2026-05-02 05:44:25,998 - INFO - Epoch 5 [300/489] - Loss: 0.1759
2026-05-02 05:44:27,028 - INFO - Epoch 5 [310/489] - Loss: 0.1769
2026-05-02 05:44:28,063 - INFO - Epoch 5 [320/489] - Loss: 0.1771
2026-05-02 05:44:29,105 - INFO - Epoch 5 [330/489] - Loss: 0.1798
2026-05-02 05:44:30,133 - INFO - Epoch 5 [340/489] - Loss: 0.1793
2026-05-02 05:44:31,166 - INFO - Epoch 5 [350/489] - Loss: 0.1770
2026-05-02 05:44:32,194 - INFO - Epoch 5 [360/489] - Loss: 0.1770
2026-05-02 05:44:33,234 - INFO - Epoch 5 [370/489] - Loss: 0.1768
2026-05-02 05:44:34,283 - INFO - Epoch 5 [380/489] - Loss: 0.1784
2026-05-02 05:44:35,322 - INFO - Epoch 5 [390/489] - Loss: 0.1781
2026-05-02 05:44:36,361 - INFO - Epoch 5 [400/489] - Loss: 0.1784
2026-05-02 05:44:37,393 - INFO - Epoch 5 [410/489] - Loss: 0.1809
2026-05-02 05:44:38,440 - INFO - Epoch 5 [420/489] - Loss: 0.1801
2026-05-02 05:44:39,471 - INFO - Epoch 5 [430/489] - Loss: 0.1802
2026-05-02 05:44:40,506 - INFO - Epoch 5 [440/489] - Loss: 0.1787
2026-05-02 05:44:41,558 - INFO - Epoch 5 [450/489] - Loss: 0.1798
2026-05-02 05:44:42,592 - INFO - Epoch 5 [460/489] - Loss: 0.1779
2026-05-02 05:44:43,628 - INFO - Epoch 5 [470/489] - Loss: 0.1770
2026-05-02 05:44:44,673 - INFO - Epoch 5 [480/489] - Loss: 0.1754
2026-05-02 05:45:10,181 - INFO - VAL Epoch 5 | Loss: 0.2688 | Acc: 0.7115
2026-05-02 05:45:10,732 - INFO - Epoch 6 [0/489] - Loss: 0.0627
2026-05-02 05:45:16,649 - INFO - Epoch 6 [10/489] - Loss: 0.2713
2026-05-02 05:45:17,675 - INFO - Epoch 6 [20/489] - Loss: 0.1892
2026-05-02 05:45:18,709 - INFO - Epoch 6 [30/489] - Loss: 0.1650
2026-05-02 05:45:19,729 - INFO - Epoch 6 [40/489] - Loss: 0.1675
2026-05-02 05:45:20,757 - INFO - Epoch 6 [50/489] - Loss: 0.1604
2026-05-02 05:45:21,775 - INFO - Epoch 6 [60/489] - Loss: 0.1743
2026-05-02 05:45:22,794 - INFO - Epoch 6 [70/489] - Loss: 0.1802
2026-05-02 05:45:23,816 - INFO - Epoch 6 [80/489] - Loss: 0.1792
2026-05-02 05:45:24,837 - INFO - Epoch 6 [90/489] - Loss: 0.1908
2026-05-02 05:45:25,870 - INFO - Epoch 6 [100/489] - Loss: 0.2011
2026-05-02 05:45:26,898 - INFO - Epoch 6 [110/489] - Loss: 0.2012
2026-05-02 05:45:27,919 - INFO - Epoch 6 [120/489] - Loss: 0.1963
2026-05-02 05:45:28,945 - INFO - Epoch 6 [130/489] - Loss: 0.1898
2026-05-02 05:45:29,982 - INFO - Epoch 6 [140/489] - Loss: 0.1978
2026-05-02 05:45:31,006 - INFO - Epoch 6 [150/489] - Loss: 0.1939
2026-05-02 05:45:32,034 - INFO - Epoch 6 [160/489] - Loss: 0.1917
2026-05-02 05:45:33,058 - INFO - Epoch 6 [170/489] - Loss: 0.1881
2026-05-02 05:45:34,086 - INFO - Epoch 6 [180/489] - Loss: 0.1837
2026-05-02 05:45:35,117 - INFO - Epoch 6 [190/489] - Loss: 0.1816
2026-05-02 05:45:36,144 - INFO - Epoch 6 [200/489] - Loss: 0.1772
2026-05-02 05:45:37,178 - INFO - Epoch 6 [210/489] - Loss: 0.1735
2026-05-02 05:45:38,204 - INFO - Epoch 6 [220/489] - Loss: 0.1710
2026-05-02 05:45:39,228 - INFO - Epoch 6 [230/489] - Loss: 0.1712
2026-05-02 05:45:40,255 - INFO - Epoch 6 [240/489] - Loss: 0.1702
2026-05-02 05:45:41,273 - INFO - Epoch 6 [250/489] - Loss: 0.1739
2026-05-02 05:45:42,301 - INFO - Epoch 6 [260/489] - Loss: 0.1777
2026-05-02 05:45:43,324 - INFO - Epoch 6 [270/489] - Loss: 0.1750
2026-05-02 05:45:44,341 - INFO - Epoch 6 [280/489] - Loss: 0.1765
2026-05-02 05:45:45,365 - INFO - Epoch 6 [290/489] - Loss: 0.1763
2026-05-02 05:45:46,384 - INFO - Epoch 6 [300/489] - Loss: 0.1752
2026-05-02 05:45:47,404 - INFO - Epoch 6 [310/489] - Loss: 0.1760
2026-05-02 05:45:48,430 - INFO - Epoch 6 [320/489] - Loss: 0.1742
2026-05-02 05:45:49,449 - INFO - Epoch 6 [330/489] - Loss: 0.1758
2026-05-02 05:45:50,470 - INFO - Epoch 6 [340/489] - Loss: 0.1743
2026-05-02 05:45:51,487 - INFO - Epoch 6 [350/489] - Loss: 0.1756
2026-05-02 05:45:52,510 - INFO - Epoch 6 [360/489] - Loss: 0.1749
2026-05-02 05:45:53,533 - INFO - Epoch 6 [370/489] - Loss: 0.1738
2026-05-02 05:45:54,551 - INFO - Epoch 6 [380/489] - Loss: 0.1759
2026-05-02 05:45:55,575 - INFO - Epoch 6 [390/489] - Loss: 0.1758
2026-05-02 05:45:56,590 - INFO - Epoch 6 [400/489] - Loss: 0.1805
2026-05-02 05:45:57,610 - INFO - Epoch 6 [410/489] - Loss: 0.1789
2026-05-02 05:45:58,630 - INFO - Epoch 6 [420/489] - Loss: 0.1770
2026-05-02 05:45:59,647 - INFO - Epoch 6 [430/489] - Loss: 0.1764
2026-05-02 05:46:00,668 - INFO - Epoch 6 [440/489] - Loss: 0.1749
2026-05-02 05:46:01,688 - INFO - Epoch 6 [450/489] - Loss: 0.1769
2026-05-02 05:46:02,702 - INFO - Epoch 6 [460/489] - Loss: 0.1767
2026-05-02 05:46:03,718 - INFO - Epoch 6 [470/489] - Loss: 0.1764
2026-05-02 05:46:04,737 - INFO - Epoch 6 [480/489] - Loss: 0.1760
2026-05-02 05:46:30,136 - INFO - VAL Epoch 6 | Loss: 0.2687 | Acc: 0.7115
2026-05-02 05:46:30,687 - INFO - Epoch 7 [0/489] - Loss: 0.2845
2026-05-02 05:46:31,709 - INFO - Epoch 7 [10/489] - Loss: 0.1392
2026-05-02 05:46:32,729 - INFO - Epoch 7 [20/489] - Loss: 0.1386
2026-05-02 05:46:33,752 - INFO - Epoch 7 [30/489] - Loss: 0.1622
2026-05-02 05:46:34,774 - INFO - Epoch 7 [40/489] - Loss: 0.1713
2026-05-02 05:46:35,793 - INFO - Epoch 7 [50/489] - Loss: 0.1619
2026-05-02 05:46:36,816 - INFO - Epoch 7 [60/489] - Loss: 0.1518
2026-05-02 05:46:37,836 - INFO - Epoch 7 [70/489] - Loss: 0.1498
2026-05-02 05:46:38,857 - INFO - Epoch 7 [80/489] - Loss: 0.1481
2026-05-02 05:46:39,876 - INFO - Epoch 7 [90/489] - Loss: 0.1465
2026-05-02 05:46:40,894 - INFO - Epoch 7 [100/489] - Loss: 0.1435
2026-05-02 05:46:41,913 - INFO - Epoch 7 [110/489] - Loss: 0.1438
2026-05-02 05:46:42,930 - INFO - Epoch 7 [120/489] - Loss: 0.1446
2026-05-02 05:46:43,951 - INFO - Epoch 7 [130/489] - Loss: 0.1405
2026-05-02 05:46:44,973 - INFO - Epoch 7 [140/489] - Loss: 0.1479
2026-05-02 05:46:45,989 - INFO - Epoch 7 [150/489] - Loss: 0.1445
2026-05-02 05:46:47,010 - INFO - Epoch 7 [160/489] - Loss: 0.1458
2026-05-02 05:46:48,026 - INFO - Epoch 7 [170/489] - Loss: 0.1466
2026-05-02 05:46:49,042 - INFO - Epoch 7 [180/489] - Loss: 0.1480
2026-05-02 05:46:50,066 - INFO - Epoch 7 [190/489] - Loss: 0.1456
2026-05-02 05:46:51,081 - INFO - Epoch 7 [200/489] - Loss: 0.1460
2026-05-02 05:46:52,095 - INFO - Epoch 7 [210/489] - Loss: 0.1467
2026-05-02 05:46:53,111 - INFO - Epoch 7 [220/489] - Loss: 0.1448
2026-05-02 05:46:54,137 - INFO - Epoch 7 [230/489] - Loss: 0.1433
2026-05-02 05:46:55,157 - INFO - Epoch 7 [240/489] - Loss: 0.1432
2026-05-02 05:46:56,175 - INFO - Epoch 7 [250/489] - Loss: 0.1463
2026-05-02 05:46:57,197 - INFO - Epoch 7 [260/489] - Loss: 0.1449
2026-05-02 05:46:58,217 - INFO - Epoch 7 [270/489] - Loss: 0.1446
2026-05-02 05:46:59,236 - INFO - Epoch 7 [280/489] - Loss: 0.1441
2026-05-02 05:47:00,258 - INFO - Epoch 7 [290/489] - Loss: 0.1429
2026-05-02 05:47:01,278 - INFO - Epoch 7 [300/489] - Loss: 0.1419
2026-05-02 05:47:02,303 - INFO - Epoch 7 [310/489] - Loss: 0.1440
2026-05-02 05:47:03,323 - INFO - Epoch 7 [320/489] - Loss: 0.1460
2026-05-02 05:47:04,339 - INFO - Epoch 7 [330/489] - Loss: 0.1452
2026-05-02 05:47:05,359 - INFO - Epoch 7 [340/489] - Loss: 0.1468
2026-05-02 05:47:06,377 - INFO - Epoch 7 [350/489] - Loss: 0.1451
2026-05-02 05:47:07,395 - INFO - Epoch 7 [360/489] - Loss: 0.1443
2026-05-02 05:47:08,418 - INFO - Epoch 7 [370/489] - Loss: 0.1445
2026-05-02 05:47:09,437 - INFO - Epoch 7 [380/489] - Loss: 0.1437
2026-05-02 05:47:10,456 - INFO - Epoch 7 [390/489] - Loss: 0.1436
2026-05-02 05:47:11,478 - INFO - Epoch 7 [400/489] - Loss: 0.1437
2026-05-02 05:47:12,501 - INFO - Epoch 7 [410/489] - Loss: 0.1453
2026-05-02 05:47:13,524 - INFO - Epoch 7 [420/489] - Loss: 0.1479
2026-05-02 05:47:14,538 - INFO - Epoch 7 [430/489] - Loss: 0.1465
2026-05-02 05:47:15,558 - INFO - Epoch 7 [440/489] - Loss: 0.1445
2026-05-02 05:47:16,578 - INFO - Epoch 7 [450/489] - Loss: 0.1436
2026-05-02 05:47:17,598 - INFO - Epoch 7 [460/489] - Loss: 0.1432
2026-05-02 05:47:18,614 - INFO - Epoch 7 [470/489] - Loss: 0.1456
2026-05-02 05:47:19,631 - INFO - Epoch 7 [480/489] - Loss: 0.1452
2026-05-02 05:47:45,014 - INFO - VAL Epoch 7 | Loss: 0.2974 | Acc: 0.6502
2026-05-02 05:47:45,580 - INFO - Epoch 8 [0/489] - Loss: 0.0705
2026-05-02 05:47:46,591 - INFO - Epoch 8 [10/489] - Loss: 0.1358
2026-05-02 05:47:47,601 - INFO - Epoch 8 [20/489] - Loss: 0.1405
2026-05-02 05:47:48,612 - INFO - Epoch 8 [30/489] - Loss: 0.1505
2026-05-02 05:47:49,630 - INFO - Epoch 8 [40/489] - Loss: 0.1491
2026-05-02 05:47:50,637 - INFO - Epoch 8 [50/489] - Loss: 0.1487
2026-05-02 05:47:51,650 - INFO - Epoch 8 [60/489] - Loss: 0.1536
2026-05-02 05:47:52,671 - INFO - Epoch 8 [70/489] - Loss: 0.1661
2026-05-02 05:47:53,681 - INFO - Epoch 8 [80/489] - Loss: 0.1759
2026-05-02 05:47:54,697 - INFO - Epoch 8 [90/489] - Loss: 0.1667
2026-05-02 05:47:55,714 - INFO - Epoch 8 [100/489] - Loss: 0.1610
2026-05-02 05:47:56,731 - INFO - Epoch 8 [110/489] - Loss: 0.1565
2026-05-02 05:47:57,758 - INFO - Epoch 8 [120/489] - Loss: 0.1672
2026-05-02 05:47:58,773 - INFO - Epoch 8 [130/489] - Loss: 0.1694
2026-05-02 05:47:59,790 - INFO - Epoch 8 [140/489] - Loss: 0.1641
2026-05-02 05:48:00,803 - INFO - Epoch 8 [150/489] - Loss: 0.1625
2026-05-02 05:48:01,836 - INFO - Epoch 8 [160/489] - Loss: 0.1592
2026-05-02 05:48:02,864 - INFO - Epoch 8 [170/489] - Loss: 0.1570
2026-05-02 05:48:03,877 - INFO - Epoch 8 [180/489] - Loss: 0.1528
2026-05-02 05:48:04,895 - INFO - Epoch 8 [190/489] - Loss: 0.1517
2026-05-02 05:48:05,916 - INFO - Epoch 8 [200/489] - Loss: 0.1510
2026-05-02 05:48:06,935 - INFO - Epoch 8 [210/489] - Loss: 0.1480
2026-05-02 05:48:07,958 - INFO - Epoch 8 [220/489] - Loss: 0.1533
2026-05-02 05:48:08,986 - INFO - Epoch 8 [230/489] - Loss: 0.1515
2026-05-02 05:48:10,018 - INFO - Epoch 8 [240/489] - Loss: 0.1496
2026-05-02 05:48:11,039 - INFO - Epoch 8 [250/489] - Loss: 0.1524
2026-05-02 05:48:12,081 - INFO - Epoch 8 [260/489] - Loss: 0.1584
2026-05-02 05:48:13,099 - INFO - Epoch 8 [270/489] - Loss: 0.1594
2026-05-02 05:48:14,123 - INFO - Epoch 8 [280/489] - Loss: 0.1582
2026-05-02 05:48:15,158 - INFO - Epoch 8 [290/489] - Loss: 0.1585
2026-05-02 05:48:16,179 - INFO - Epoch 8 [300/489] - Loss: 0.1608
2026-05-02 05:48:17,202 - INFO - Epoch 8 [310/489] - Loss: 0.1588
2026-05-02 05:48:18,223 - INFO - Epoch 8 [320/489] - Loss: 0.1614
2026-05-02 05:48:19,245 - INFO - Epoch 8 [330/489] - Loss: 0.1620
2026-05-02 05:48:20,271 - INFO - Epoch 8 [340/489] - Loss: 0.1602
2026-05-02 05:48:21,297 - INFO - Epoch 8 [350/489] - Loss: 0.1603
2026-05-02 05:48:22,313 - INFO - Epoch 8 [360/489] - Loss: 0.1604
2026-05-02 05:48:23,340 - INFO - Epoch 8 [370/489] - Loss: 0.1580
2026-05-02 05:48:24,364 - INFO - Epoch 8 [380/489] - Loss: 0.1564
2026-05-02 05:48:25,375 - INFO - Epoch 8 [390/489] - Loss: 0.1559
2026-05-02 05:48:26,382 - INFO - Epoch 8 [400/489] - Loss: 0.1544
2026-05-02 05:48:27,395 - INFO - Epoch 8 [410/489] - Loss: 0.1529
2026-05-02 05:48:28,418 - INFO - Epoch 8 [420/489] - Loss: 0.1536
2026-05-02 05:48:29,434 - INFO - Epoch 8 [430/489] - Loss: 0.1544
2026-05-02 05:48:30,447 - INFO - Epoch 8 [440/489] - Loss: 0.1537
2026-05-02 05:48:31,456 - INFO - Epoch 8 [450/489] - Loss: 0.1529
2026-05-02 05:48:32,467 - INFO - Epoch 8 [460/489] - Loss: 0.1539
2026-05-02 05:48:33,482 - INFO - Epoch 8 [470/489] - Loss: 0.1535
2026-05-02 05:48:34,498 - INFO - Epoch 8 [480/489] - Loss: 0.1559
2026-05-02 05:49:04,922 - INFO - VAL Epoch 8 | Loss: 0.2783 | Acc: 0.6785
2026-05-02 05:49:05,502 - INFO - Epoch 9 [0/489] - Loss: 0.0678
2026-05-02 05:49:06,519 - INFO - Epoch 9 [10/489] - Loss: 0.1537
2026-05-02 05:49:07,532 - INFO - Epoch 9 [20/489] - Loss: 0.1331
2026-05-02 05:49:08,547 - INFO - Epoch 9 [30/489] - Loss: 0.1455
2026-05-02 05:49:09,563 - INFO - Epoch 9 [40/489] - Loss: 0.1457
2026-05-02 05:49:10,577 - INFO - Epoch 9 [50/489] - Loss: 0.1370
2026-05-02 05:49:11,587 - INFO - Epoch 9 [60/489] - Loss: 0.1395
2026-05-02 05:49:12,606 - INFO - Epoch 9 [70/489] - Loss: 0.1484
2026-05-02 05:49:13,618 - INFO - Epoch 9 [80/489] - Loss: 0.1538
2026-05-02 05:49:14,632 - INFO - Epoch 9 [90/489] - Loss: 0.1648
2026-05-02 05:49:15,649 - INFO - Epoch 9 [100/489] - Loss: 0.1612
2026-05-02 05:49:16,662 - INFO - Epoch 9 [110/489] - Loss: 0.1564
2026-05-02 05:49:17,676 - INFO - Epoch 9 [120/489] - Loss: 0.1542
2026-05-02 05:49:18,695 - INFO - Epoch 9 [130/489] - Loss: 0.1623
2026-05-02 05:49:19,702 - INFO - Epoch 9 [140/489] - Loss: 0.1578
2026-05-02 05:49:20,725 - INFO - Epoch 9 [150/489] - Loss: 0.1558
2026-05-02 05:49:21,743 - INFO - Epoch 9 [160/489] - Loss: 0.1559
2026-05-02 05:49:22,754 - INFO - Epoch 9 [170/489] - Loss: 0.1601
2026-05-02 05:49:23,769 - INFO - Epoch 9 [180/489] - Loss: 0.1594
2026-05-02 05:49:24,786 - INFO - Epoch 9 [190/489] - Loss: 0.1576
2026-05-02 05:49:25,803 - INFO - Epoch 9 [200/489] - Loss: 0.1598
2026-05-02 05:49:26,818 - INFO - Epoch 9 [210/489] - Loss: 0.1570
2026-05-02 05:49:27,831 - INFO - Epoch 9 [220/489] - Loss: 0.1546
2026-05-02 05:49:28,851 - INFO - Epoch 9 [230/489] - Loss: 0.1526
2026-05-02 05:49:29,863 - INFO - Epoch 9 [240/489] - Loss: 0.1507
2026-05-02 05:49:30,879 - INFO - Epoch 9 [250/489] - Loss: 0.1528
2026-05-02 05:49:31,899 - INFO - Epoch 9 [260/489] - Loss: 0.1507
2026-05-02 05:49:32,919 - INFO - Epoch 9 [270/489] - Loss: 0.1507
2026-05-02 05:49:33,937 - INFO - Epoch 9 [280/489] - Loss: 0.1503
2026-05-02 05:49:34,952 - INFO - Epoch 9 [290/489] - Loss: 0.1499
2026-05-02 05:49:35,976 - INFO - Epoch 9 [300/489] - Loss: 0.1482
2026-05-02 05:49:36,994 - INFO - Epoch 9 [310/489] - Loss: 0.1475
2026-05-02 05:49:38,014 - INFO - Epoch 9 [320/489] - Loss: 0.1487
2026-05-02 05:49:39,038 - INFO - Epoch 9 [330/489] - Loss: 0.1478
2026-05-02 05:49:40,052 - INFO - Epoch 9 [340/489] - Loss: 0.1478
2026-05-02 05:49:41,071 - INFO - Epoch 9 [350/489] - Loss: 0.1469
2026-05-02 05:49:42,090 - INFO - Epoch 9 [360/489] - Loss: 0.1476
2026-05-02 05:49:43,107 - INFO - Epoch 9 [370/489] - Loss: 0.1479
2026-05-02 05:49:44,127 - INFO - Epoch 9 [380/489] - Loss: 0.1474
2026-05-02 05:49:45,158 - INFO - Epoch 9 [390/489] - Loss: 0.1465
2026-05-02 05:49:46,189 - INFO - Epoch 9 [400/489] - Loss: 0.1451
2026-05-02 05:49:47,211 - INFO - Epoch 9 [410/489] - Loss: 0.1461
2026-05-02 05:49:48,230 - INFO - Epoch 9 [420/489] - Loss: 0.1455
2026-05-02 05:49:49,254 - INFO - Epoch 9 [430/489] - Loss: 0.1459
2026-05-02 05:49:50,278 - INFO - Epoch 9 [440/489] - Loss: 0.1447
2026-05-02 05:49:51,299 - INFO - Epoch 9 [450/489] - Loss: 0.1460
2026-05-02 05:49:52,318 - INFO - Epoch 9 [460/489] - Loss: 0.1456
2026-05-02 05:49:53,333 - INFO - Epoch 9 [470/489] - Loss: 0.1448
2026-05-02 05:49:54,354 - INFO - Epoch 9 [480/489] - Loss: 0.1438
2026-05-02 05:50:14,185 - INFO - VAL Epoch 9 | Loss: 0.2427 | Acc: 0.7209
2026-05-02 05:50:14,556 - INFO -     [!] New Best Model Saved!
2026-05-02 05:50:15,051 - INFO - Epoch 10 [0/489] - Loss: 0.0525
2026-05-02 05:50:16,062 - INFO - Epoch 10 [10/489] - Loss: 0.0680
2026-05-02 05:50:17,079 - INFO - Epoch 10 [20/489] - Loss: 0.1021
2026-05-02 05:50:18,101 - INFO - Epoch 10 [30/489] - Loss: 0.1060
2026-05-02 05:50:19,119 - INFO - Epoch 10 [40/489] - Loss: 0.1064
2026-05-02 05:50:20,132 - INFO - Epoch 10 [50/489] - Loss: 0.1011
2026-05-02 05:50:21,150 - INFO - Epoch 10 [60/489] - Loss: 0.0992
2026-05-02 05:50:22,169 - INFO - Epoch 10 [70/489] - Loss: 0.1092
2026-05-02 05:50:23,188 - INFO - Epoch 10 [80/489] - Loss: 0.1044
2026-05-02 05:50:24,212 - INFO - Epoch 10 [90/489] - Loss: 0.1106
2026-05-02 05:50:25,236 - INFO - Epoch 10 [100/489] - Loss: 0.1106
2026-05-02 05:50:26,266 - INFO - Epoch 10 [110/489] - Loss: 0.1153
2026-05-02 05:50:27,292 - INFO - Epoch 10 [120/489] - Loss: 0.1176
2026-05-02 05:50:28,324 - INFO - Epoch 10 [130/489] - Loss: 0.1174
2026-05-02 05:50:29,352 - INFO - Epoch 10 [140/489] - Loss: 0.1176
2026-05-02 05:50:30,376 - INFO - Epoch 10 [150/489] - Loss: 0.1206
2026-05-02 05:50:31,406 - INFO - Epoch 10 [160/489] - Loss: 0.1237
2026-05-02 05:50:32,428 - INFO - Epoch 10 [170/489] - Loss: 0.1208
2026-05-02 05:50:33,449 - INFO - Epoch 10 [180/489] - Loss: 0.1213
2026-05-02 05:50:34,477 - INFO - Epoch 10 [190/489] - Loss: 0.1198
2026-05-02 05:50:35,501 - INFO - Epoch 10 [200/489] - Loss: 0.1235
2026-05-02 05:50:36,514 - INFO - Epoch 10 [210/489] - Loss: 0.1232
2026-05-02 05:50:37,537 - INFO - Epoch 10 [220/489] - Loss: 0.1275
2026-05-02 05:50:38,558 - INFO - Epoch 10 [230/489] - Loss: 0.1306
2026-05-02 05:50:39,588 - INFO - Epoch 10 [240/489] - Loss: 0.1313
2026-05-02 05:50:40,615 - INFO - Epoch 10 [250/489] - Loss: 0.1290
2026-05-02 05:50:41,642 - INFO - Epoch 10 [260/489] - Loss: 0.1337
2026-05-02 05:50:42,662 - INFO - Epoch 10 [270/489] - Loss: 0.1338
2026-05-02 05:50:43,683 - INFO - Epoch 10 [280/489] - Loss: 0.1324
2026-05-02 05:50:44,705 - INFO - Epoch 10 [290/489] - Loss: 0.1313
2026-05-02 05:50:45,725 - INFO - Epoch 10 [300/489] - Loss: 0.1326
2026-05-02 05:50:46,744 - INFO - Epoch 10 [310/489] - Loss: 0.1314
2026-05-02 05:50:47,763 - INFO - Epoch 10 [320/489] - Loss: 0.1306
2026-05-02 05:50:48,792 - INFO - Epoch 10 [330/489] - Loss: 0.1306
2026-05-02 05:50:49,815 - INFO - Epoch 10 [340/489] - Loss: 0.1292
2026-05-02 05:50:50,835 - INFO - Epoch 10 [350/489] - Loss: 0.1276
2026-05-02 05:50:51,860 - INFO - Epoch 10 [360/489] - Loss: 0.1275
2026-05-02 05:50:52,888 - INFO - Epoch 10 [370/489] - Loss: 0.1283
2026-05-02 05:50:53,909 - INFO - Epoch 10 [380/489] - Loss: 0.1286
2026-05-02 05:50:54,929 - INFO - Epoch 10 [390/489] - Loss: 0.1275
2026-05-02 05:50:55,956 - INFO - Epoch 10 [400/489] - Loss: 0.1282
2026-05-02 05:50:56,987 - INFO - Epoch 10 [410/489] - Loss: 0.1272
2026-05-02 05:50:58,016 - INFO - Epoch 10 [420/489] - Loss: 0.1276
2026-05-02 05:50:59,046 - INFO - Epoch 10 [430/489] - Loss: 0.1282
2026-05-02 05:51:00,069 - INFO - Epoch 10 [440/489] - Loss: 0.1273
2026-05-02 05:51:01,091 - INFO - Epoch 10 [450/489] - Loss: 0.1265
2026-05-02 05:51:02,118 - INFO - Epoch 10 [460/489] - Loss: 0.1256
2026-05-02 05:51:03,131 - INFO - Epoch 10 [470/489] - Loss: 0.1240
2026-05-02 05:51:04,158 - INFO - Epoch 10 [480/489] - Loss: 0.1232
2026-05-02 05:51:29,013 - INFO - VAL Epoch 10 | Loss: 0.2939 | Acc: 0.6690
2026-05-02 05:51:29,606 - INFO - Epoch 11 [0/489] - Loss: 0.0188
2026-05-02 05:51:30,618 - INFO - Epoch 11 [10/489] - Loss: 0.0834
2026-05-02 05:51:31,645 - INFO - Epoch 11 [20/489] - Loss: 0.1061
2026-05-02 05:51:32,668 - INFO - Epoch 11 [30/489] - Loss: 0.1108
2026-05-02 05:51:33,685 - INFO - Epoch 11 [40/489] - Loss: 0.0979
2026-05-02 05:51:34,717 - INFO - Epoch 11 [50/489] - Loss: 0.0919
2026-05-02 05:51:35,730 - INFO - Epoch 11 [60/489] - Loss: 0.1093
2026-05-02 05:51:36,754 - INFO - Epoch 11 [70/489] - Loss: 0.1077
2026-05-02 05:51:37,780 - INFO - Epoch 11 [80/489] - Loss: 0.1109
2026-05-02 05:51:38,797 - INFO - Epoch 11 [90/489] - Loss: 0.1130
2026-05-02 05:51:39,815 - INFO - Epoch 11 [100/489] - Loss: 0.1121
2026-05-02 05:51:40,834 - INFO - Epoch 11 [110/489] - Loss: 0.1120
2026-05-02 05:51:41,848 - INFO - Epoch 11 [120/489] - Loss: 0.1192
2026-05-02 05:51:42,867 - INFO - Epoch 11 [130/489] - Loss: 0.1206
2026-05-02 05:51:43,891 - INFO - Epoch 11 [140/489] - Loss: 0.1185
2026-05-02 05:51:44,910 - INFO - Epoch 11 [150/489] - Loss: 0.1224
2026-05-02 05:51:45,936 - INFO - Epoch 11 [160/489] - Loss: 0.1262
2026-05-02 05:51:46,955 - INFO - Epoch 11 [170/489] - Loss: 0.1247
2026-05-02 05:51:47,965 - INFO - Epoch 11 [180/489] - Loss: 0.1346
2026-05-02 05:51:48,981 - INFO - Epoch 11 [190/489] - Loss: 0.1313
2026-05-02 05:51:49,999 - INFO - Epoch 11 [200/489] - Loss: 0.1327
2026-05-02 05:51:51,012 - INFO - Epoch 11 [210/489] - Loss: 0.1305
2026-05-02 05:51:52,036 - INFO - Epoch 11 [220/489] - Loss: 0.1300
2026-05-02 05:51:53,053 - INFO - Epoch 11 [230/489] - Loss: 0.1303
2026-05-02 05:51:54,069 - INFO - Epoch 11 [240/489] - Loss: 0.1286
2026-05-02 05:51:55,081 - INFO - Epoch 11 [250/489] - Loss: 0.1285
2026-05-02 05:51:56,097 - INFO - Epoch 11 [260/489] - Loss: 0.1292
2026-05-02 05:51:57,108 - INFO - Epoch 11 [270/489] - Loss: 0.1280
2026-05-02 05:51:58,122 - INFO - Epoch 11 [280/489] - Loss: 0.1258
2026-05-02 05:51:59,139 - INFO - Epoch 11 [290/489] - Loss: 0.1268
2026-05-02 05:52:00,150 - INFO - Epoch 11 [300/489] - Loss: 0.1257
2026-05-02 05:52:01,166 - INFO - Epoch 11 [310/489] - Loss: 0.1270
2026-05-02 05:52:02,193 - INFO - Epoch 11 [320/489] - Loss: 0.1263
2026-05-02 05:52:03,207 - INFO - Epoch 11 [330/489] - Loss: 0.1272
2026-05-02 05:52:04,229 - INFO - Epoch 11 [340/489] - Loss: 0.1297
2026-05-02 05:52:05,250 - INFO - Epoch 11 [350/489] - Loss: 0.1299
2026-05-02 05:52:06,269 - INFO - Epoch 11 [360/489] - Loss: 0.1297
2026-05-02 05:52:07,284 - INFO - Epoch 11 [370/489] - Loss: 0.1296
2026-05-02 05:52:08,301 - INFO - Epoch 11 [380/489] - Loss: 0.1305
2026-05-02 05:52:09,321 - INFO - Epoch 11 [390/489] - Loss: 0.1289
2026-05-02 05:52:10,340 - INFO - Epoch 11 [400/489] - Loss: 0.1291
2026-05-02 05:52:11,356 - INFO - Epoch 11 [410/489] - Loss: 0.1290
2026-05-02 05:52:12,376 - INFO - Epoch 11 [420/489] - Loss: 0.1277
2026-05-02 05:52:13,394 - INFO - Epoch 11 [430/489] - Loss: 0.1265
2026-05-02 05:52:14,411 - INFO - Epoch 11 [440/489] - Loss: 0.1267
2026-05-02 05:52:15,431 - INFO - Epoch 11 [450/489] - Loss: 0.1269
2026-05-02 05:52:16,454 - INFO - Epoch 11 [460/489] - Loss: 0.1262
2026-05-02 05:52:17,473 - INFO - Epoch 11 [470/489] - Loss: 0.1252
2026-05-02 05:52:18,496 - INFO - Epoch 11 [480/489] - Loss: 0.1243
2026-05-02 05:52:43,751 - INFO - VAL Epoch 11 | Loss: 0.2499 | Acc: 0.7044
2026-05-02 05:52:44,358 - INFO - Epoch 12 [0/489] - Loss: 0.0403
2026-05-02 05:52:45,371 - INFO - Epoch 12 [10/489] - Loss: 0.0774
2026-05-02 05:52:46,387 - INFO - Epoch 12 [20/489] - Loss: 0.0771
2026-05-02 05:52:47,402 - INFO - Epoch 12 [30/489] - Loss: 0.0728
2026-05-02 05:52:48,416 - INFO - Epoch 12 [40/489] - Loss: 0.0730
2026-05-02 05:52:49,433 - INFO - Epoch 12 [50/489] - Loss: 0.0736
2026-05-02 05:52:50,446 - INFO - Epoch 12 [60/489] - Loss: 0.0777
2026-05-02 05:52:51,459 - INFO - Epoch 12 [70/489] - Loss: 0.0824
2026-05-02 05:52:52,474 - INFO - Epoch 12 [80/489] - Loss: 0.0811
2026-05-02 05:52:53,489 - INFO - Epoch 12 [90/489] - Loss: 0.0864
2026-05-02 05:52:54,509 - INFO - Epoch 12 [100/489] - Loss: 0.0864
2026-05-02 05:52:55,520 - INFO - Epoch 12 [110/489] - Loss: 0.0892
2026-05-02 05:52:56,535 - INFO - Epoch 12 [120/489] - Loss: 0.0855
2026-05-02 05:52:57,553 - INFO - Epoch 12 [130/489] - Loss: 0.0843
2026-05-02 05:52:58,564 - INFO - Epoch 12 [140/489] - Loss: 0.0881
2026-05-02 05:52:59,570 - INFO - Epoch 12 [150/489] - Loss: 0.0929
2026-05-02 05:53:00,586 - INFO - Epoch 12 [160/489] - Loss: 0.0927
2026-05-02 05:53:01,599 - INFO - Epoch 12 [170/489] - Loss: 0.0892
2026-05-02 05:53:02,615 - INFO - Epoch 12 [180/489] - Loss: 0.0889
2026-05-02 05:53:03,629 - INFO - Epoch 12 [190/489] - Loss: 0.0879
2026-05-02 05:53:04,644 - INFO - Epoch 12 [200/489] - Loss: 0.0881
2026-05-02 05:53:05,654 - INFO - Epoch 12 [210/489] - Loss: 0.0923
2026-05-02 05:53:06,667 - INFO - Epoch 12 [220/489] - Loss: 0.0915
2026-05-02 05:53:07,689 - INFO - Epoch 12 [230/489] - Loss: 0.0939
2026-05-02 05:53:08,708 - INFO - Epoch 12 [240/489] - Loss: 0.0962
2026-05-02 05:53:09,728 - INFO - Epoch 12 [250/489] - Loss: 0.0951
2026-05-02 05:53:10,753 - INFO - Epoch 12 [260/489] - Loss: 0.0931
2026-05-02 05:53:11,771 - INFO - Epoch 12 [270/489] - Loss: 0.0939
2026-05-02 05:53:12,784 - INFO - Epoch 12 [280/489] - Loss: 0.0933
2026-05-02 05:53:13,803 - INFO - Epoch 12 [290/489] - Loss: 0.0928
2026-05-02 05:53:14,828 - INFO - Epoch 12 [300/489] - Loss: 0.0920
2026-05-02 05:53:15,850 - INFO - Epoch 12 [310/489] - Loss: 0.0915
2026-05-02 05:53:16,865 - INFO - Epoch 12 [320/489] - Loss: 0.0911
2026-05-02 05:53:17,883 - INFO - Epoch 12 [330/489] - Loss: 0.0950
2026-05-02 05:53:18,905 - INFO - Epoch 12 [340/489] - Loss: 0.0940
2026-05-02 05:53:19,932 - INFO - Epoch 12 [350/489] - Loss: 0.0934
2026-05-02 05:53:20,955 - INFO - Epoch 12 [360/489] - Loss: 0.0939
2026-05-02 05:53:21,968 - INFO - Epoch 12 [370/489] - Loss: 0.0936
2026-05-02 05:53:22,978 - INFO - Epoch 12 [380/489] - Loss: 0.0935
2026-05-02 05:53:23,998 - INFO - Epoch 12 [390/489] - Loss: 0.0935
2026-05-02 05:53:25,016 - INFO - Epoch 12 [400/489] - Loss: 0.0935
2026-05-02 05:53:26,034 - INFO - Epoch 12 [410/489] - Loss: 0.0974
2026-05-02 05:53:27,059 - INFO - Epoch 12 [420/489] - Loss: 0.0986
2026-05-02 05:53:28,081 - INFO - Epoch 12 [430/489] - Loss: 0.0992
2026-05-02 05:53:29,107 - INFO - Epoch 12 [440/489] - Loss: 0.1004
2026-05-02 05:53:30,135 - INFO - Epoch 12 [450/489] - Loss: 0.1009
2026-05-02 05:53:31,161 - INFO - Epoch 12 [460/489] - Loss: 0.1005
2026-05-02 05:53:32,184 - INFO - Epoch 12 [470/489] - Loss: 0.1012
2026-05-02 05:53:33,203 - INFO - Epoch 12 [480/489] - Loss: 0.1014
2026-05-02 05:54:02,906 - INFO - VAL Epoch 12 | Loss: 0.3005 | Acc: 0.6619
2026-05-02 05:54:03,489 - INFO - Epoch 13 [0/489] - Loss: 0.0500
2026-05-02 05:54:04,494 - INFO - Epoch 13 [10/489] - Loss: 0.0564
2026-05-02 05:54:05,512 - INFO - Epoch 13 [20/489] - Loss: 0.0623
2026-05-02 05:54:06,527 - INFO - Epoch 13 [30/489] - Loss: 0.0974
2026-05-02 05:54:07,545 - INFO - Epoch 13 [40/489] - Loss: 0.0937
2026-05-02 05:54:08,555 - INFO - Epoch 13 [50/489] - Loss: 0.1019
2026-05-02 05:54:09,571 - INFO - Epoch 13 [60/489] - Loss: 0.0910
2026-05-02 05:54:10,586 - INFO - Epoch 13 [70/489] - Loss: 0.1118
2026-05-02 05:54:11,593 - INFO - Epoch 13 [80/489] - Loss: 0.1072
2026-05-02 05:54:12,608 - INFO - Epoch 13 [90/489] - Loss: 0.1140
2026-05-02 05:54:13,620 - INFO - Epoch 13 [100/489] - Loss: 0.1129
2026-05-02 05:54:14,628 - INFO - Epoch 13 [110/489] - Loss: 0.1095
2026-05-02 05:54:15,629 - INFO - Epoch 13 [120/489] - Loss: 0.1060
2026-05-02 05:54:16,639 - INFO - Epoch 13 [130/489] - Loss: 0.1120
2026-05-02 05:54:17,660 - INFO - Epoch 13 [140/489] - Loss: 0.1125
2026-05-02 05:54:18,668 - INFO - Epoch 13 [150/489] - Loss: 0.1277
2026-05-02 05:54:19,680 - INFO - Epoch 13 [160/489] - Loss: 0.1313
2026-05-02 05:54:20,695 - INFO - Epoch 13 [170/489] - Loss: 0.1337
2026-05-02 05:54:21,712 - INFO - Epoch 13 [180/489] - Loss: 0.1314
2026-05-02 05:54:22,721 - INFO - Epoch 13 [190/489] - Loss: 0.1293
2026-05-02 05:54:23,732 - INFO - Epoch 13 [200/489] - Loss: 0.1262
2026-05-02 05:54:24,748 - INFO - Epoch 13 [210/489] - Loss: 0.1270
2026-05-02 05:54:25,764 - INFO - Epoch 13 [220/489] - Loss: 0.1247
2026-05-02 05:54:26,778 - INFO - Epoch 13 [230/489] - Loss: 0.1223
2026-05-02 05:54:27,796 - INFO - Epoch 13 [240/489] - Loss: 0.1204
2026-05-02 05:54:28,806 - INFO - Epoch 13 [250/489] - Loss: 0.1223
2026-05-02 05:54:29,826 - INFO - Epoch 13 [260/489] - Loss: 0.1215
2026-05-02 05:54:30,833 - INFO - Epoch 13 [270/489] - Loss: 0.1194
2026-05-02 05:54:31,848 - INFO - Epoch 13 [280/489] - Loss: 0.1181
2026-05-02 05:54:32,865 - INFO - Epoch 13 [290/489] - Loss: 0.1176
2026-05-02 05:54:33,874 - INFO - Epoch 13 [300/489] - Loss: 0.1172
2026-05-02 05:54:34,886 - INFO - Epoch 13 [310/489] - Loss: 0.1169
2026-05-02 05:54:35,908 - INFO - Epoch 13 [320/489] - Loss: 0.1156
2026-05-02 05:54:36,916 - INFO - Epoch 13 [330/489] - Loss: 0.1144
2026-05-02 05:54:37,931 - INFO - Epoch 13 [340/489] - Loss: 0.1130
2026-05-02 05:54:38,939 - INFO - Epoch 13 [350/489] - Loss: 0.1127
2026-05-02 05:54:39,953 - INFO - Epoch 13 [360/489] - Loss: 0.1123
2026-05-02 05:54:40,963 - INFO - Epoch 13 [370/489] - Loss: 0.1112
2026-05-02 05:54:41,977 - INFO - Epoch 13 [380/489] - Loss: 0.1105
2026-05-02 05:54:42,989 - INFO - Epoch 13 [390/489] - Loss: 0.1106
2026-05-02 05:54:44,013 - INFO - Epoch 13 [400/489] - Loss: 0.1093
2026-05-02 05:54:45,024 - INFO - Epoch 13 [410/489] - Loss: 0.1084
2026-05-02 05:54:46,046 - INFO - Epoch 13 [420/489] - Loss: 0.1083
2026-05-02 05:54:47,062 - INFO - Epoch 13 [430/489] - Loss: 0.1080
2026-05-02 05:54:48,093 - INFO - Epoch 13 [440/489] - Loss: 0.1092
2026-05-02 05:54:49,116 - INFO - Epoch 13 [450/489] - Loss: 0.1091
2026-05-02 05:54:50,132 - INFO - Epoch 13 [460/489] - Loss: 0.1088
2026-05-02 05:54:51,152 - INFO - Epoch 13 [470/489] - Loss: 0.1081
2026-05-02 05:54:52,177 - INFO - Epoch 13 [480/489] - Loss: 0.1076
2026-05-02 05:55:12,191 - INFO - VAL Epoch 13 | Loss: 0.3188 | Acc: 0.6313
2026-05-02 05:55:12,766 - INFO - Epoch 14 [0/489] - Loss: 0.0277
2026-05-02 05:55:18,853 - INFO - Epoch 14 [10/489] - Loss: 0.1255
2026-05-02 05:55:19,885 - INFO - Epoch 14 [20/489] - Loss: 0.1041
2026-05-02 05:55:20,903 - INFO - Epoch 14 [30/489] - Loss: 0.1173
2026-05-02 05:55:21,935 - INFO - Epoch 14 [40/489] - Loss: 0.1197
2026-05-02 05:55:22,959 - INFO - Epoch 14 [50/489] - Loss: 0.1171
2026-05-02 05:55:23,980 - INFO - Epoch 14 [60/489] - Loss: 0.1245
2026-05-02 05:55:25,001 - INFO - Epoch 14 [70/489] - Loss: 0.1219
2026-05-02 05:55:26,014 - INFO - Epoch 14 [80/489] - Loss: 0.1235
2026-05-02 05:55:27,041 - INFO - Epoch 14 [90/489] - Loss: 0.1207
2026-05-02 05:55:28,074 - INFO - Epoch 14 [100/489] - Loss: 0.1295
2026-05-02 05:55:29,099 - INFO - Epoch 14 [110/489] - Loss: 0.1263
2026-05-02 05:55:30,119 - INFO - Epoch 14 [120/489] - Loss: 0.1265
2026-05-02 05:55:31,140 - INFO - Epoch 14 [130/489] - Loss: 0.1268
2026-05-02 05:55:32,160 - INFO - Epoch 14 [140/489] - Loss: 0.1272
2026-05-02 05:55:33,184 - INFO - Epoch 14 [150/489] - Loss: 0.1251
2026-05-02 05:55:34,208 - INFO - Epoch 14 [160/489] - Loss: 0.1239
2026-05-02 05:55:35,230 - INFO - Epoch 14 [170/489] - Loss: 0.1216
2026-05-02 05:55:36,250 - INFO - Epoch 14 [180/489] - Loss: 0.1184
2026-05-02 05:55:37,273 - INFO - Epoch 14 [190/489] - Loss: 0.1178
2026-05-02 05:55:38,294 - INFO - Epoch 14 [200/489] - Loss: 0.1167
2026-05-02 05:55:39,322 - INFO - Epoch 14 [210/489] - Loss: 0.1178
2026-05-02 05:55:40,343 - INFO - Epoch 14 [220/489] - Loss: 0.1170
2026-05-02 05:55:41,366 - INFO - Epoch 14 [230/489] - Loss: 0.1153
2026-05-02 05:55:42,393 - INFO - Epoch 14 [240/489] - Loss: 0.1130
2026-05-02 05:55:43,417 - INFO - Epoch 14 [250/489] - Loss: 0.1122
2026-05-02 05:55:44,451 - INFO - Epoch 14 [260/489] - Loss: 0.1109
2026-05-02 05:55:45,470 - INFO - Epoch 14 [270/489] - Loss: 0.1114
2026-05-02 05:55:46,492 - INFO - Epoch 14 [280/489] - Loss: 0.1102
2026-05-02 05:55:47,517 - INFO - Epoch 14 [290/489] - Loss: 0.1106
2026-05-02 05:55:48,550 - INFO - Epoch 14 [300/489] - Loss: 0.1097
2026-05-02 05:55:49,579 - INFO - Epoch 14 [310/489] - Loss: 0.1094
2026-05-02 05:55:50,605 - INFO - Epoch 14 [320/489] - Loss: 0.1085
2026-05-02 05:55:51,635 - INFO - Epoch 14 [330/489] - Loss: 0.1095
2026-05-02 05:55:52,656 - INFO - Epoch 14 [340/489] - Loss: 0.1083
2026-05-02 05:55:53,678 - INFO - Epoch 14 [350/489] - Loss: 0.1089
2026-05-02 05:55:54,700 - INFO - Epoch 14 [360/489] - Loss: 0.1080
2026-05-02 05:55:55,727 - INFO - Epoch 14 [370/489] - Loss: 0.1078
2026-05-02 05:55:56,750 - INFO - Epoch 14 [380/489] - Loss: 0.1072
2026-05-02 05:55:57,781 - INFO - Epoch 14 [390/489] - Loss: 0.1075
2026-05-02 05:55:58,802 - INFO - Epoch 14 [400/489] - Loss: 0.1068
2026-05-02 05:55:59,831 - INFO - Epoch 14 [410/489] - Loss: 0.1076
2026-05-02 05:56:00,855 - INFO - Epoch 14 [420/489] - Loss: 0.1083
2026-05-02 05:56:01,890 - INFO - Epoch 14 [430/489] - Loss: 0.1097
2026-05-02 05:56:02,916 - INFO - Epoch 14 [440/489] - Loss: 0.1091
2026-05-02 05:56:03,942 - INFO - Epoch 14 [450/489] - Loss: 0.1088
2026-05-02 05:56:04,960 - INFO - Epoch 14 [460/489] - Loss: 0.1079
2026-05-02 05:56:05,981 - INFO - Epoch 14 [470/489] - Loss: 0.1091
2026-05-02 05:56:07,000 - INFO - Epoch 14 [480/489] - Loss: 0.1109
2026-05-02 05:56:32,174 - INFO - VAL Epoch 14 | Loss: 0.2555 | Acc: 0.7681
2026-05-02 05:56:32,555 - INFO -     [!] New Best Model Saved!
2026-05-02 05:56:33,055 - INFO - Epoch 15 [0/489] - Loss: 0.0045
2026-05-02 05:56:34,076 - INFO - Epoch 15 [10/489] - Loss: 0.0519
2026-05-02 05:56:35,091 - INFO - Epoch 15 [20/489] - Loss: 0.1009
2026-05-02 05:56:36,105 - INFO - Epoch 15 [30/489] - Loss: 0.0892
2026-05-02 05:56:37,128 - INFO - Epoch 15 [40/489] - Loss: 0.0862
2026-05-02 05:56:38,144 - INFO - Epoch 15 [50/489] - Loss: 0.0864
2026-05-02 05:56:39,170 - INFO - Epoch 15 [60/489] - Loss: 0.0854
2026-05-02 05:56:40,192 - INFO - Epoch 15 [70/489] - Loss: 0.0928
2026-05-02 05:56:41,213 - INFO - Epoch 15 [80/489] - Loss: 0.0978
2026-05-02 05:56:42,233 - INFO - Epoch 15 [90/489] - Loss: 0.1047
2026-05-02 05:56:43,252 - INFO - Epoch 15 [100/489] - Loss: 0.1070
2026-05-02 05:56:44,270 - INFO - Epoch 15 [110/489] - Loss: 0.1069
2026-05-02 05:56:45,291 - INFO - Epoch 15 [120/489] - Loss: 0.1069
2026-05-02 05:56:46,308 - INFO - Epoch 15 [130/489] - Loss: 0.1095
2026-05-02 05:56:47,328 - INFO - Epoch 15 [140/489] - Loss: 0.1069
2026-05-02 05:56:48,345 - INFO - Epoch 15 [150/489] - Loss: 0.1077
2026-05-02 05:56:49,369 - INFO - Epoch 15 [160/489] - Loss: 0.1049
2026-05-02 05:56:50,393 - INFO - Epoch 15 [170/489] - Loss: 0.1080
2026-05-02 05:56:51,409 - INFO - Epoch 15 [180/489] - Loss: 0.1066
2026-05-02 05:56:52,427 - INFO - Epoch 15 [190/489] - Loss: 0.1048
2026-05-02 05:56:53,445 - INFO - Epoch 15 [200/489] - Loss: 0.1029
2026-05-02 05:56:54,462 - INFO - Epoch 15 [210/489] - Loss: 0.1036
2026-05-02 05:56:55,483 - INFO - Epoch 15 [220/489] - Loss: 0.1031
2026-05-02 05:56:56,501 - INFO - Epoch 15 [230/489] - Loss: 0.1045
2026-05-02 05:56:57,508 - INFO - Epoch 15 [240/489] - Loss: 0.1029
2026-05-02 05:56:58,521 - INFO - Epoch 15 [250/489] - Loss: 0.1013
2026-05-02 05:56:59,535 - INFO - Epoch 15 [260/489] - Loss: 0.1000
2026-05-02 05:57:00,544 - INFO - Epoch 15 [270/489] - Loss: 0.0992
2026-05-02 05:57:01,560 - INFO - Epoch 15 [280/489] - Loss: 0.0985
2026-05-02 05:57:02,578 - INFO - Epoch 15 [290/489] - Loss: 0.0990
2026-05-02 05:57:03,596 - INFO - Epoch 15 [300/489] - Loss: 0.0975
2026-05-02 05:57:04,609 - INFO - Epoch 15 [310/489] - Loss: 0.0959
2026-05-02 05:57:05,624 - INFO - Epoch 15 [320/489] - Loss: 0.0970
2026-05-02 05:57:06,635 - INFO - Epoch 15 [330/489] - Loss: 0.0976
2026-05-02 05:57:07,651 - INFO - Epoch 15 [340/489] - Loss: 0.0959
2026-05-02 05:57:08,671 - INFO - Epoch 15 [350/489] - Loss: 0.0960
2026-05-02 05:57:09,688 - INFO - Epoch 15 [360/489] - Loss: 0.0978
2026-05-02 05:57:10,704 - INFO - Epoch 15 [370/489] - Loss: 0.1008
2026-05-02 05:57:11,716 - INFO - Epoch 15 [380/489] - Loss: 0.0999
2026-05-02 05:57:12,732 - INFO - Epoch 15 [390/489] - Loss: 0.0990
2026-05-02 05:57:13,755 - INFO - Epoch 15 [400/489] - Loss: 0.1024
2026-05-02 05:57:14,769 - INFO - Epoch 15 [410/489] - Loss: 0.1024
2026-05-02 05:57:15,789 - INFO - Epoch 15 [420/489] - Loss: 0.1016
2026-05-02 05:57:16,805 - INFO - Epoch 15 [430/489] - Loss: 0.1028
2026-05-02 05:57:17,820 - INFO - Epoch 15 [440/489] - Loss: 0.1019
2026-05-02 05:57:18,836 - INFO - Epoch 15 [450/489] - Loss: 0.1027
2026-05-02 05:57:19,849 - INFO - Epoch 15 [460/489] - Loss: 0.1026
2026-05-02 05:57:20,864 - INFO - Epoch 15 [470/489] - Loss: 0.1028
2026-05-02 05:57:21,882 - INFO - Epoch 15 [480/489] - Loss: 0.1026
2026-05-02 05:57:47,051 - INFO - VAL Epoch 15 | Loss: 0.3024 | Acc: 0.7303
2026-05-02 05:57:47,598 - INFO - Epoch 16 [0/489] - Loss: 0.2824
2026-05-02 05:57:48,608 - INFO - Epoch 16 [10/489] - Loss: 0.1328
2026-05-02 05:57:49,621 - INFO - Epoch 16 [20/489] - Loss: 0.1357
2026-05-02 05:57:50,641 - INFO - Epoch 16 [30/489] - Loss: 0.1250
2026-05-02 05:57:51,661 - INFO - Epoch 16 [40/489] - Loss: 0.1092
2026-05-02 05:57:52,679 - INFO - Epoch 16 [50/489] - Loss: 0.1228
2026-05-02 05:57:53,700 - INFO - Epoch 16 [60/489] - Loss: 0.1152
2026-05-02 05:57:54,714 - INFO - Epoch 16 [70/489] - Loss: 0.1157
2026-05-02 05:57:55,731 - INFO - Epoch 16 [80/489] - Loss: 0.1183
2026-05-02 05:57:56,748 - INFO - Epoch 16 [90/489] - Loss: 0.1144
2026-05-02 05:57:57,770 - INFO - Epoch 16 [100/489] - Loss: 0.1071
2026-05-02 05:57:58,795 - INFO - Epoch 16 [110/489] - Loss: 0.1030
2026-05-02 05:57:59,813 - INFO - Epoch 16 [120/489] - Loss: 0.0987
2026-05-02 05:58:00,838 - INFO - Epoch 16 [130/489] - Loss: 0.0958
2026-05-02 05:58:01,881 - INFO - Epoch 16 [140/489] - Loss: 0.0922
2026-05-02 05:58:02,900 - INFO - Epoch 16 [150/489] - Loss: 0.0981
2026-05-02 05:58:03,924 - INFO - Epoch 16 [160/489] - Loss: 0.0956
2026-05-02 05:58:04,952 - INFO - Epoch 16 [170/489] - Loss: 0.0944
2026-05-02 05:58:05,970 - INFO - Epoch 16 [180/489] - Loss: 0.0971
2026-05-02 05:58:06,996 - INFO - Epoch 16 [190/489] - Loss: 0.0976
2026-05-02 05:58:08,021 - INFO - Epoch 16 [200/489] - Loss: 0.0966
2026-05-02 05:58:09,044 - INFO - Epoch 16 [210/489] - Loss: 0.0978
2026-05-02 05:58:10,073 - INFO - Epoch 16 [220/489] - Loss: 0.0976
2026-05-02 05:58:11,095 - INFO - Epoch 16 [230/489] - Loss: 0.0964
2026-05-02 05:58:12,123 - INFO - Epoch 16 [240/489] - Loss: 0.0956
2026-05-02 05:58:13,146 - INFO - Epoch 16 [250/489] - Loss: 0.0971
2026-05-02 05:58:14,172 - INFO - Epoch 16 [260/489] - Loss: 0.0959
2026-05-02 05:58:15,201 - INFO - Epoch 16 [270/489] - Loss: 0.0946
2026-05-02 05:58:16,226 - INFO - Epoch 16 [280/489] - Loss: 0.0935
2026-05-02 05:58:17,241 - INFO - Epoch 16 [290/489] - Loss: 0.0931
2026-05-02 05:58:18,266 - INFO - Epoch 16 [300/489] - Loss: 0.0941
2026-05-02 05:58:19,291 - INFO - Epoch 16 [310/489] - Loss: 0.0930
2026-05-02 05:58:20,309 - INFO - Epoch 16 [320/489] - Loss: 0.0923
2026-05-02 05:58:21,338 - INFO - Epoch 16 [330/489] - Loss: 0.0918
2026-05-02 05:58:22,374 - INFO - Epoch 16 [340/489] - Loss: 0.0929
2026-05-02 05:58:23,394 - INFO - Epoch 16 [350/489] - Loss: 0.0924
2026-05-02 05:58:24,418 - INFO - Epoch 16 [360/489] - Loss: 0.0938
2026-05-02 05:58:25,446 - INFO - Epoch 16 [370/489] - Loss: 0.0940
2026-05-02 05:58:26,473 - INFO - Epoch 16 [380/489] - Loss: 0.0947
2026-05-02 05:58:27,492 - INFO - Epoch 16 [390/489] - Loss: 0.0942
2026-05-02 05:58:28,510 - INFO - Epoch 16 [400/489] - Loss: 0.0943
2026-05-02 05:58:29,532 - INFO - Epoch 16 [410/489] - Loss: 0.0936
2026-05-02 05:58:30,554 - INFO - Epoch 16 [420/489] - Loss: 0.0927
2026-05-02 05:58:31,573 - INFO - Epoch 16 [430/489] - Loss: 0.0919
2026-05-02 05:58:32,590 - INFO - Epoch 16 [440/489] - Loss: 0.0911
2026-05-02 05:58:33,627 - INFO - Epoch 16 [450/489] - Loss: 0.0901
2026-05-02 05:58:34,650 - INFO - Epoch 16 [460/489] - Loss: 0.0906
2026-05-02 05:58:35,686 - INFO - Epoch 16 [470/489] - Loss: 0.0919
2026-05-02 05:58:36,721 - INFO - Epoch 16 [480/489] - Loss: 0.0919
2026-05-02 05:59:02,455 - INFO - VAL Epoch 16 | Loss: 0.3020 | Acc: 0.6855
2026-05-02 05:59:02,986 - INFO - Epoch 17 [0/489] - Loss: 0.4441
2026-05-02 05:59:04,010 - INFO - Epoch 17 [10/489] - Loss: 0.0996
2026-05-02 05:59:05,037 - INFO - Epoch 17 [20/489] - Loss: 0.1124
2026-05-02 05:59:06,069 - INFO - Epoch 17 [30/489] - Loss: 0.1067
2026-05-02 05:59:07,107 - INFO - Epoch 17 [40/489] - Loss: 0.1034
2026-05-02 05:59:08,137 - INFO - Epoch 17 [50/489] - Loss: 0.1078
2026-05-02 05:59:09,168 - INFO - Epoch 17 [60/489] - Loss: 0.0983
2026-05-02 05:59:10,195 - INFO - Epoch 17 [70/489] - Loss: 0.0900
2026-05-02 05:59:11,229 - INFO - Epoch 17 [80/489] - Loss: 0.0866
2026-05-02 05:59:12,254 - INFO - Epoch 17 [90/489] - Loss: 0.0832
2026-05-02 05:59:13,278 - INFO - Epoch 17 [100/489] - Loss: 0.0817
2026-05-02 05:59:14,296 - INFO - Epoch 17 [110/489] - Loss: 0.0781
2026-05-02 05:59:15,325 - INFO - Epoch 17 [120/489] - Loss: 0.0775
2026-05-02 05:59:16,354 - INFO - Epoch 17 [130/489] - Loss: 0.0755
2026-05-02 05:59:17,381 - INFO - Epoch 17 [140/489] - Loss: 0.0808
2026-05-02 05:59:18,410 - INFO - Epoch 17 [150/489] - Loss: 0.0824
2026-05-02 05:59:19,435 - INFO - Epoch 17 [160/489] - Loss: 0.0813
2026-05-02 05:59:20,460 - INFO - Epoch 17 [170/489] - Loss: 0.0855
2026-05-02 05:59:21,477 - INFO - Epoch 17 [180/489] - Loss: 0.0852
2026-05-02 05:59:22,492 - INFO - Epoch 17 [190/489] - Loss: 0.0821
2026-05-02 05:59:23,517 - INFO - Epoch 17 [200/489] - Loss: 0.0800
2026-05-02 05:59:24,529 - INFO - Epoch 17 [210/489] - Loss: 0.0807
2026-05-02 05:59:25,547 - INFO - Epoch 17 [220/489] - Loss: 0.0813
2026-05-02 05:59:26,567 - INFO - Epoch 17 [230/489] - Loss: 0.0812
2026-05-02 05:59:27,592 - INFO - Epoch 17 [240/489] - Loss: 0.0810
2026-05-02 05:59:28,611 - INFO - Epoch 17 [250/489] - Loss: 0.0824
2026-05-02 05:59:29,629 - INFO - Epoch 17 [260/489] - Loss: 0.0813
2026-05-02 05:59:30,646 - INFO - Epoch 17 [270/489] - Loss: 0.0802
2026-05-02 05:59:31,665 - INFO - Epoch 17 [280/489] - Loss: 0.0791
2026-05-02 05:59:32,687 - INFO - Epoch 17 [290/489] - Loss: 0.0781
2026-05-02 05:59:33,717 - INFO - Epoch 17 [300/489] - Loss: 0.0786
2026-05-02 05:59:34,736 - INFO - Epoch 17 [310/489] - Loss: 0.0779
2026-05-02 05:59:35,753 - INFO - Epoch 17 [320/489] - Loss: 0.0795
2026-05-02 05:59:36,771 - INFO - Epoch 17 [330/489] - Loss: 0.0795
2026-05-02 05:59:37,795 - INFO - Epoch 17 [340/489] - Loss: 0.0791
2026-05-02 05:59:38,827 - INFO - Epoch 17 [350/489] - Loss: 0.0808
2026-05-02 05:59:39,846 - INFO - Epoch 17 [360/489] - Loss: 0.0805
2026-05-02 05:59:40,870 - INFO - Epoch 17 [370/489] - Loss: 0.0795
2026-05-02 05:59:41,896 - INFO - Epoch 17 [380/489] - Loss: 0.0780
2026-05-02 05:59:42,921 - INFO - Epoch 17 [390/489] - Loss: 0.0802
2026-05-02 05:59:43,946 - INFO - Epoch 17 [400/489] - Loss: 0.0803
2026-05-02 05:59:44,961 - INFO - Epoch 17 [410/489] - Loss: 0.0799
2026-05-02 05:59:45,986 - INFO - Epoch 17 [420/489] - Loss: 0.0798
2026-05-02 05:59:47,010 - INFO - Epoch 17 [430/489] - Loss: 0.0787
2026-05-02 05:59:48,031 - INFO - Epoch 17 [440/489] - Loss: 0.0789
2026-05-02 05:59:49,056 - INFO - Epoch 17 [450/489] - Loss: 0.0815
2026-05-02 05:59:50,082 - INFO - Epoch 17 [460/489] - Loss: 0.0813
2026-05-02 05:59:51,108 - INFO - Epoch 17 [470/489] - Loss: 0.0817
2026-05-02 05:59:52,130 - INFO - Epoch 17 [480/489] - Loss: 0.0817
2026-05-02 06:00:12,120 - INFO - VAL Epoch 17 | Loss: 0.3246 | Acc: 0.6808
2026-05-02 06:00:12,730 - INFO - Epoch 18 [0/489] - Loss: 0.0072
2026-05-02 06:00:13,756 - INFO - Epoch 18 [10/489] - Loss: 0.0490
2026-05-02 06:00:14,780 - INFO - Epoch 18 [20/489] - Loss: 0.0573
2026-05-02 06:00:15,810 - INFO - Epoch 18 [30/489] - Loss: 0.0595
2026-05-02 06:00:16,843 - INFO - Epoch 18 [40/489] - Loss: 0.0690
2026-05-02 06:00:17,872 - INFO - Epoch 18 [50/489] - Loss: 0.0739
2026-05-02 06:00:18,895 - INFO - Epoch 18 [60/489] - Loss: 0.0768
2026-05-02 06:00:19,917 - INFO - Epoch 18 [70/489] - Loss: 0.0742
2026-05-02 06:00:20,950 - INFO - Epoch 18 [80/489] - Loss: 0.0755
2026-05-02 06:00:21,978 - INFO - Epoch 18 [90/489] - Loss: 0.0724
2026-05-02 06:00:23,005 - INFO - Epoch 18 [100/489] - Loss: 0.0759
2026-05-02 06:00:24,029 - INFO - Epoch 18 [110/489] - Loss: 0.0784
2026-05-02 06:00:25,060 - INFO - Epoch 18 [120/489] - Loss: 0.0774
2026-05-02 06:00:26,083 - INFO - Epoch 18 [130/489] - Loss: 0.0752
2026-05-02 06:00:27,109 - INFO - Epoch 18 [140/489] - Loss: 0.0740
2026-05-02 06:00:28,136 - INFO - Epoch 18 [150/489] - Loss: 0.0758
2026-05-02 06:00:29,160 - INFO - Epoch 18 [160/489] - Loss: 0.0741
2026-05-02 06:00:30,192 - INFO - Epoch 18 [170/489] - Loss: 0.0714
2026-05-02 06:00:31,230 - INFO - Epoch 18 [180/489] - Loss: 0.0734
2026-05-02 06:00:32,255 - INFO - Epoch 18 [190/489] - Loss: 0.0729
2026-05-02 06:00:33,271 - INFO - Epoch 18 [200/489] - Loss: 0.0738
2026-05-02 06:00:34,301 - INFO - Epoch 18 [210/489] - Loss: 0.0738
2026-05-02 06:00:35,329 - INFO - Epoch 18 [220/489] - Loss: 0.0726
2026-05-02 06:00:36,362 - INFO - Epoch 18 [230/489] - Loss: 0.0763
2026-05-02 06:00:37,379 - INFO - Epoch 18 [240/489] - Loss: 0.0759
2026-05-02 06:00:38,399 - INFO - Epoch 18 [250/489] - Loss: 0.0772
2026-05-02 06:00:39,417 - INFO - Epoch 18 [260/489] - Loss: 0.0760
2026-05-02 06:00:40,436 - INFO - Epoch 18 [270/489] - Loss: 0.0763
2026-05-02 06:00:41,463 - INFO - Epoch 18 [280/489] - Loss: 0.0750
2026-05-02 06:00:42,490 - INFO - Epoch 18 [290/489] - Loss: 0.0760
2026-05-02 06:00:43,506 - INFO - Epoch 18 [300/489] - Loss: 0.0770
2026-05-02 06:00:44,524 - INFO - Epoch 18 [310/489] - Loss: 0.0769
2026-05-02 06:00:45,548 - INFO - Epoch 18 [320/489] - Loss: 0.0767
2026-05-02 06:00:46,562 - INFO - Epoch 18 [330/489] - Loss: 0.0782
2026-05-02 06:00:47,572 - INFO - Epoch 18 [340/489] - Loss: 0.0775
2026-05-02 06:00:48,597 - INFO - Epoch 18 [350/489] - Loss: 0.0793
2026-05-02 06:00:49,623 - INFO - Epoch 18 [360/489] - Loss: 0.0789
2026-05-02 06:00:50,648 - INFO - Epoch 18 [370/489] - Loss: 0.0779
2026-05-02 06:00:51,663 - INFO - Epoch 18 [380/489] - Loss: 0.0770
2026-05-02 06:00:52,692 - INFO - Epoch 18 [390/489] - Loss: 0.0784
2026-05-02 06:00:53,715 - INFO - Epoch 18 [400/489] - Loss: 0.0786
2026-05-02 06:00:54,736 - INFO - Epoch 18 [410/489] - Loss: 0.0796
2026-05-02 06:00:55,754 - INFO - Epoch 18 [420/489] - Loss: 0.0794
2026-05-02 06:00:56,776 - INFO - Epoch 18 [430/489] - Loss: 0.0787
2026-05-02 06:00:57,805 - INFO - Epoch 18 [440/489] - Loss: 0.0779
2026-05-02 06:00:58,827 - INFO - Epoch 18 [450/489] - Loss: 0.0771
2026-05-02 06:00:59,846 - INFO - Epoch 18 [460/489] - Loss: 0.0771
2026-05-02 06:01:00,864 - INFO - Epoch 18 [470/489] - Loss: 0.0780
2026-05-02 06:01:01,894 - INFO - Epoch 18 [480/489] - Loss: 0.0783
2026-05-02 06:01:22,056 - INFO - VAL Epoch 18 | Loss: 0.3126 | Acc: 0.7115
2026-05-02 06:01:22,624 - INFO - Epoch 19 [0/489] - Loss: 0.0182
2026-05-02 06:01:28,837 - INFO - Epoch 19 [10/489] - Loss: 0.1085
2026-05-02 06:01:29,858 - INFO - Epoch 19 [20/489] - Loss: 0.0823
2026-05-02 06:01:30,877 - INFO - Epoch 19 [30/489] - Loss: 0.0679
2026-05-02 06:01:31,905 - INFO - Epoch 19 [40/489] - Loss: 0.0615
2026-05-02 06:01:32,922 - INFO - Epoch 19 [50/489] - Loss: 0.0798
2026-05-02 06:01:33,939 - INFO - Epoch 19 [60/489] - Loss: 0.0841
2026-05-02 06:01:34,956 - INFO - Epoch 19 [70/489] - Loss: 0.0783
2026-05-02 06:01:35,976 - INFO - Epoch 19 [80/489] - Loss: 0.0803
2026-05-02 06:01:36,991 - INFO - Epoch 19 [90/489] - Loss: 0.0732
2026-05-02 06:01:38,007 - INFO - Epoch 19 [100/489] - Loss: 0.0744
2026-05-02 06:01:39,029 - INFO - Epoch 19 [110/489] - Loss: 0.0713
2026-05-02 06:01:40,046 - INFO - Epoch 19 [120/489] - Loss: 0.0750
2026-05-02 06:01:41,075 - INFO - Epoch 19 [130/489] - Loss: 0.0756
2026-05-02 06:01:42,099 - INFO - Epoch 19 [140/489] - Loss: 0.0749
2026-05-02 06:01:43,117 - INFO - Epoch 19 [150/489] - Loss: 0.0779
2026-05-02 06:01:44,139 - INFO - Epoch 19 [160/489] - Loss: 0.0787
2026-05-02 06:01:45,154 - INFO - Epoch 19 [170/489] - Loss: 0.0775
2026-05-02 06:01:46,184 - INFO - Epoch 19 [180/489] - Loss: 0.0765
2026-05-02 06:01:47,202 - INFO - Epoch 19 [190/489] - Loss: 0.0757
2026-05-02 06:01:48,218 - INFO - Epoch 19 [200/489] - Loss: 0.0743
2026-05-02 06:01:49,240 - INFO - Epoch 19 [210/489] - Loss: 0.0735
2026-05-02 06:01:50,256 - INFO - Epoch 19 [220/489] - Loss: 0.0728
2026-05-02 06:01:51,290 - INFO - Epoch 19 [230/489] - Loss: 0.0729
2026-05-02 06:01:52,326 - INFO - Epoch 19 [240/489] - Loss: 0.0711
2026-05-02 06:01:53,356 - INFO - Epoch 19 [250/489] - Loss: 0.0703
2026-05-02 06:01:54,391 - INFO - Epoch 19 [260/489] - Loss: 0.0702
2026-05-02 06:01:55,424 - INFO - Epoch 19 [270/489] - Loss: 0.0698
2026-05-02 06:01:56,446 - INFO - Epoch 19 [280/489] - Loss: 0.0698
2026-05-02 06:01:57,472 - INFO - Epoch 19 [290/489] - Loss: 0.0695
2026-05-02 06:01:58,499 - INFO - Epoch 19 [300/489] - Loss: 0.0719
2026-05-02 06:01:59,530 - INFO - Epoch 19 [310/489] - Loss: 0.0726
2026-05-02 06:02:00,561 - INFO - Epoch 19 [320/489] - Loss: 0.0722
2026-05-02 06:02:01,590 - INFO - Epoch 19 [330/489] - Loss: 0.0725
2026-05-02 06:02:02,620 - INFO - Epoch 19 [340/489] - Loss: 0.0725
2026-05-02 06:02:03,647 - INFO - Epoch 19 [350/489] - Loss: 0.0735
2026-05-02 06:02:04,688 - INFO - Epoch 19 [360/489] - Loss: 0.0728
2026-05-02 06:02:05,724 - INFO - Epoch 19 [370/489] - Loss: 0.0723
2026-05-02 06:02:06,756 - INFO - Epoch 19 [380/489] - Loss: 0.0721
2026-05-02 06:02:07,787 - INFO - Epoch 19 [390/489] - Loss: 0.0716
2026-05-02 06:02:08,813 - INFO - Epoch 19 [400/489] - Loss: 0.0710
2026-05-02 06:02:09,840 - INFO - Epoch 19 [410/489] - Loss: 0.0707
2026-05-02 06:02:10,866 - INFO - Epoch 19 [420/489] - Loss: 0.0707
2026-05-02 06:02:11,889 - INFO - Epoch 19 [430/489] - Loss: 0.0710
2026-05-02 06:02:12,928 - INFO - Epoch 19 [440/489] - Loss: 0.0711
2026-05-02 06:02:13,967 - INFO - Epoch 19 [450/489] - Loss: 0.0726
2026-05-02 06:02:14,997 - INFO - Epoch 19 [460/489] - Loss: 0.0717
2026-05-02 06:02:16,020 - INFO - Epoch 19 [470/489] - Loss: 0.0714
2026-05-02 06:02:17,040 - INFO - Epoch 19 [480/489] - Loss: 0.0710
2026-05-02 06:02:41,881 - INFO - VAL Epoch 19 | Loss: 0.3367 | Acc: 0.6879
2026-05-02 06:02:42,417 - INFO - Epoch 20 [0/489] - Loss: 0.0658
2026-05-02 06:02:48,195 - INFO - Epoch 20 [10/489] - Loss: 0.0925
2026-05-02 06:02:49,228 - INFO - Epoch 20 [20/489] - Loss: 0.0655
2026-05-02 06:02:50,246 - INFO - Epoch 20 [30/489] - Loss: 0.0675
2026-05-02 06:02:51,272 - INFO - Epoch 20 [40/489] - Loss: 0.0731
2026-05-02 06:02:52,299 - INFO - Epoch 20 [50/489] - Loss: 0.0762
2026-05-02 06:02:53,332 - INFO - Epoch 20 [60/489] - Loss: 0.0753
2026-05-02 06:02:54,357 - INFO - Epoch 20 [70/489] - Loss: 0.0739
2026-05-02 06:02:55,383 - INFO - Epoch 20 [80/489] - Loss: 0.0737
2026-05-02 06:02:56,404 - INFO - Epoch 20 [90/489] - Loss: 0.0718
2026-05-02 06:02:57,435 - INFO - Epoch 20 [100/489] - Loss: 0.0750
2026-05-02 06:02:58,461 - INFO - Epoch 20 [110/489] - Loss: 0.0831
2026-05-02 06:02:59,490 - INFO - Epoch 20 [120/489] - Loss: 0.0805
2026-05-02 06:03:00,515 - INFO - Epoch 20 [130/489] - Loss: 0.0762
2026-05-02 06:03:01,548 - INFO - Epoch 20 [140/489] - Loss: 0.0755
2026-05-02 06:03:02,569 - INFO - Epoch 20 [150/489] - Loss: 0.0749
2026-05-02 06:03:03,589 - INFO - Epoch 20 [160/489] - Loss: 0.0761
2026-05-02 06:03:04,610 - INFO - Epoch 20 [170/489] - Loss: 0.0739
2026-05-02 06:03:05,621 - INFO - Epoch 20 [180/489] - Loss: 0.0731
2026-05-02 06:03:06,648 - INFO - Epoch 20 [190/489] - Loss: 0.0721
2026-05-02 06:03:07,680 - INFO - Epoch 20 [200/489] - Loss: 0.0710
2026-05-02 06:03:08,704 - INFO - Epoch 20 [210/489] - Loss: 0.0714
2026-05-02 06:03:09,727 - INFO - Epoch 20 [220/489] - Loss: 0.0726
2026-05-02 06:03:10,749 - INFO - Epoch 20 [230/489] - Loss: 0.0711
2026-05-02 06:03:11,769 - INFO - Epoch 20 [240/489] - Loss: 0.0761
2026-05-02 06:03:12,789 - INFO - Epoch 20 [250/489] - Loss: 0.0770
2026-05-02 06:03:13,802 - INFO - Epoch 20 [260/489] - Loss: 0.0763
2026-05-02 06:03:14,819 - INFO - Epoch 20 [270/489] - Loss: 0.0800
2026-05-02 06:03:15,845 - INFO - Epoch 20 [280/489] - Loss: 0.0808
2026-05-02 06:03:16,854 - INFO - Epoch 20 [290/489] - Loss: 0.0805
2026-05-02 06:03:17,869 - INFO - Epoch 20 [300/489] - Loss: 0.0805
2026-05-02 06:03:18,895 - INFO - Epoch 20 [310/489] - Loss: 0.0795
2026-05-02 06:03:19,922 - INFO - Epoch 20 [320/489] - Loss: 0.0803
2026-05-02 06:03:20,942 - INFO - Epoch 20 [330/489] - Loss: 0.0827
2026-05-02 06:03:21,958 - INFO - Epoch 20 [340/489] - Loss: 0.0856
2026-05-02 06:03:22,985 - INFO - Epoch 20 [350/489] - Loss: 0.0839
2026-05-02 06:03:24,009 - INFO - Epoch 20 [360/489] - Loss: 0.0853
2026-05-02 06:03:25,034 - INFO - Epoch 20 [370/489] - Loss: 0.0844
2026-05-02 06:03:26,058 - INFO - Epoch 20 [380/489] - Loss: 0.0838
2026-05-02 06:03:27,086 - INFO - Epoch 20 [390/489] - Loss: 0.0855
2026-05-02 06:03:28,102 - INFO - Epoch 20 [400/489] - Loss: 0.0848
2026-05-02 06:03:29,123 - INFO - Epoch 20 [410/489] - Loss: 0.0837
2026-05-02 06:03:30,140 - INFO - Epoch 20 [420/489] - Loss: 0.0829
2026-05-02 06:03:31,159 - INFO - Epoch 20 [430/489] - Loss: 0.0825
2026-05-02 06:03:32,178 - INFO - Epoch 20 [440/489] - Loss: 0.0832
2026-05-02 06:03:33,208 - INFO - Epoch 20 [450/489] - Loss: 0.0832
2026-05-02 06:03:34,224 - INFO - Epoch 20 [460/489] - Loss: 0.0833
2026-05-02 06:03:35,245 - INFO - Epoch 20 [470/489] - Loss: 0.0830
2026-05-02 06:03:36,263 - INFO - Epoch 20 [480/489] - Loss: 0.0824
2026-05-02 06:04:01,445 - INFO - VAL Epoch 20 | Loss: 0.3304 | Acc: 0.7634
2026-05-02 06:04:02,051 - INFO - Epoch 21 [0/489] - Loss: 0.0409
2026-05-02 06:04:08,036 - INFO - Epoch 21 [10/489] - Loss: 0.0907
2026-05-02 06:04:09,061 - INFO - Epoch 21 [20/489] - Loss: 0.0626
2026-05-02 06:04:10,080 - INFO - Epoch 21 [30/489] - Loss: 0.0958
2026-05-02 06:04:11,109 - INFO - Epoch 21 [40/489] - Loss: 0.0941
2026-05-02 06:04:12,129 - INFO - Epoch 21 [50/489] - Loss: 0.0951
2026-05-02 06:04:13,160 - INFO - Epoch 21 [60/489] - Loss: 0.0980
2026-05-02 06:04:14,193 - INFO - Epoch 21 [70/489] - Loss: 0.1010
2026-05-02 06:04:15,219 - INFO - Epoch 21 [80/489] - Loss: 0.0986
2026-05-02 06:04:16,248 - INFO - Epoch 21 [90/489] - Loss: 0.0914
2026-05-02 06:04:17,278 - INFO - Epoch 21 [100/489] - Loss: 0.0867
2026-05-02 06:04:18,301 - INFO - Epoch 21 [110/489] - Loss: 0.0898
2026-05-02 06:04:19,321 - INFO - Epoch 21 [120/489] - Loss: 0.0866
2026-05-02 06:04:20,343 - INFO - Epoch 21 [130/489] - Loss: 0.0885
2026-05-02 06:04:21,370 - INFO - Epoch 21 [140/489] - Loss: 0.0914
2026-05-02 06:04:22,396 - INFO - Epoch 21 [150/489] - Loss: 0.0883
2026-05-02 06:04:23,424 - INFO - Epoch 21 [160/489] - Loss: 0.0864
2026-05-02 06:04:24,447 - INFO - Epoch 21 [170/489] - Loss: 0.0847
2026-05-02 06:04:25,474 - INFO - Epoch 21 [180/489] - Loss: 0.0839
2026-05-02 06:04:26,497 - INFO - Epoch 21 [190/489] - Loss: 0.0821
2026-05-02 06:04:27,518 - INFO - Epoch 21 [200/489] - Loss: 0.0825
2026-05-02 06:04:28,539 - INFO - Epoch 21 [210/489] - Loss: 0.0799
2026-05-02 06:04:29,569 - INFO - Epoch 21 [220/489] - Loss: 0.0779
2026-05-02 06:04:30,597 - INFO - Epoch 21 [230/489] - Loss: 0.0769
2026-05-02 06:04:31,633 - INFO - Epoch 21 [240/489] - Loss: 0.0761
2026-05-02 06:04:32,655 - INFO - Epoch 21 [250/489] - Loss: 0.0762
2026-05-02 06:04:33,675 - INFO - Epoch 21 [260/489] - Loss: 0.0811
2026-05-02 06:04:34,691 - INFO - Epoch 21 [270/489] - Loss: 0.0805
2026-05-02 06:04:35,709 - INFO - Epoch 21 [280/489] - Loss: 0.0803
2026-05-02 06:04:36,732 - INFO - Epoch 21 [290/489] - Loss: 0.0823
2026-05-02 06:04:37,764 - INFO - Epoch 21 [300/489] - Loss: 0.0823
2026-05-02 06:04:38,785 - INFO - Epoch 21 [310/489] - Loss: 0.0832
2026-05-02 06:04:39,811 - INFO - Epoch 21 [320/489] - Loss: 0.0838
2026-05-02 06:04:40,831 - INFO - Epoch 21 [330/489] - Loss: 0.0830
2026-05-02 06:04:41,855 - INFO - Epoch 21 [340/489] - Loss: 0.0826
2026-05-02 06:04:42,876 - INFO - Epoch 21 [350/489] - Loss: 0.0818
2026-05-02 06:04:43,894 - INFO - Epoch 21 [360/489] - Loss: 0.0808
2026-05-02 06:04:44,913 - INFO - Epoch 21 [370/489] - Loss: 0.0804
2026-05-02 06:04:45,941 - INFO - Epoch 21 [380/489] - Loss: 0.0797
2026-05-02 06:04:46,962 - INFO - Epoch 21 [390/489] - Loss: 0.0791
2026-05-02 06:04:47,981 - INFO - Epoch 21 [400/489] - Loss: 0.0784
2026-05-02 06:04:49,004 - INFO - Epoch 21 [410/489] - Loss: 0.0782
2026-05-02 06:04:50,023 - INFO - Epoch 21 [420/489] - Loss: 0.0771
2026-05-02 06:04:51,037 - INFO - Epoch 21 [430/489] - Loss: 0.0764
2026-05-02 06:04:52,061 - INFO - Epoch 21 [440/489] - Loss: 0.0778
2026-05-02 06:04:53,083 - INFO - Epoch 21 [450/489] - Loss: 0.0771
2026-05-02 06:04:54,111 - INFO - Epoch 21 [460/489] - Loss: 0.0773
2026-05-02 06:04:55,134 - INFO - Epoch 21 [470/489] - Loss: 0.0773
2026-05-02 06:04:56,163 - INFO - Epoch 21 [480/489] - Loss: 0.0780
2026-05-02 06:05:16,232 - INFO - VAL Epoch 21 | Loss: 0.3031 | Acc: 0.7799
2026-05-02 06:05:16,617 - INFO -     [!] New Best Model Saved!
2026-05-02 06:05:17,121 - INFO - Epoch 22 [0/489] - Loss: 0.0365
2026-05-02 06:05:18,140 - INFO - Epoch 22 [10/489] - Loss: 0.0781
2026-05-02 06:05:19,160 - INFO - Epoch 22 [20/489] - Loss: 0.0819
2026-05-02 06:05:20,185 - INFO - Epoch 22 [30/489] - Loss: 0.0815
2026-05-02 06:05:21,220 - INFO - Epoch 22 [40/489] - Loss: 0.1146
2026-05-02 06:05:22,249 - INFO - Epoch 22 [50/489] - Loss: 0.1194
2026-05-02 06:05:23,268 - INFO - Epoch 22 [60/489] - Loss: 0.1144
2026-05-02 06:05:24,288 - INFO - Epoch 22 [70/489] - Loss: 0.1251
2026-05-02 06:05:25,313 - INFO - Epoch 22 [80/489] - Loss: 0.1174
2026-05-02 06:05:26,351 - INFO - Epoch 22 [90/489] - Loss: 0.1104
2026-05-02 06:05:27,375 - INFO - Epoch 22 [100/489] - Loss: 0.1082
2026-05-02 06:05:28,404 - INFO - Epoch 22 [110/489] - Loss: 0.1060
2026-05-02 06:05:29,428 - INFO - Epoch 22 [120/489] - Loss: 0.1036
2026-05-02 06:05:30,452 - INFO - Epoch 22 [130/489] - Loss: 0.1006
2026-05-02 06:05:31,480 - INFO - Epoch 22 [140/489] - Loss: 0.1006
2026-05-02 06:05:32,510 - INFO - Epoch 22 [150/489] - Loss: 0.0976
2026-05-02 06:05:33,546 - INFO - Epoch 22 [160/489] - Loss: 0.0979
2026-05-02 06:05:34,575 - INFO - Epoch 22 [170/489] - Loss: 0.0955
2026-05-02 06:05:35,611 - INFO - Epoch 22 [180/489] - Loss: 0.0920
2026-05-02 06:05:36,649 - INFO - Epoch 22 [190/489] - Loss: 0.0933
2026-05-02 06:05:37,676 - INFO - Epoch 22 [200/489] - Loss: 0.0913
2026-05-02 06:05:38,712 - INFO - Epoch 22 [210/489] - Loss: 0.0887
2026-05-02 06:05:39,746 - INFO - Epoch 22 [220/489] - Loss: 0.0879
2026-05-02 06:05:40,786 - INFO - Epoch 22 [230/489] - Loss: 0.0881
2026-05-02 06:05:41,809 - INFO - Epoch 22 [240/489] - Loss: 0.0885
2026-05-02 06:05:42,840 - INFO - Epoch 22 [250/489] - Loss: 0.0877
2026-05-02 06:05:43,866 - INFO - Epoch 22 [260/489] - Loss: 0.0880
2026-05-02 06:05:44,901 - INFO - Epoch 22 [270/489] - Loss: 0.0862
2026-05-02 06:05:45,931 - INFO - Epoch 22 [280/489] - Loss: 0.0854
2026-05-02 06:05:46,959 - INFO - Epoch 22 [290/489] - Loss: 0.0856
2026-05-02 06:05:47,982 - INFO - Epoch 22 [300/489] - Loss: 0.0846
2026-05-02 06:05:49,020 - INFO - Epoch 22 [310/489] - Loss: 0.0841
2026-05-02 06:05:50,055 - INFO - Epoch 22 [320/489] - Loss: 0.0834
2026-05-02 06:05:51,087 - INFO - Epoch 22 [330/489] - Loss: 0.0818
2026-05-02 06:05:52,116 - INFO - Epoch 22 [340/489] - Loss: 0.0815
2026-05-02 06:05:53,136 - INFO - Epoch 22 [350/489] - Loss: 0.0802
2026-05-02 06:05:54,161 - INFO - Epoch 22 [360/489] - Loss: 0.0799
2026-05-02 06:05:55,183 - INFO - Epoch 22 [370/489] - Loss: 0.0800
2026-05-02 06:05:56,215 - INFO - Epoch 22 [380/489] - Loss: 0.0790
2026-05-02 06:05:57,233 - INFO - Epoch 22 [390/489] - Loss: 0.0786
2026-05-02 06:05:58,260 - INFO - Epoch 22 [400/489] - Loss: 0.0779
2026-05-02 06:05:59,277 - INFO - Epoch 22 [410/489] - Loss: 0.0801
2026-05-02 06:06:00,295 - INFO - Epoch 22 [420/489] - Loss: 0.0814
2026-05-02 06:06:01,323 - INFO - Epoch 22 [430/489] - Loss: 0.0806
2026-05-02 06:06:02,359 - INFO - Epoch 22 [440/489] - Loss: 0.0796
2026-05-02 06:06:03,384 - INFO - Epoch 22 [450/489] - Loss: 0.0794
2026-05-02 06:06:04,407 - INFO - Epoch 22 [460/489] - Loss: 0.0800
2026-05-02 06:06:05,430 - INFO - Epoch 22 [470/489] - Loss: 0.0798
2026-05-02 06:06:06,453 - INFO - Epoch 22 [480/489] - Loss: 0.0788
2026-05-02 06:06:36,393 - INFO - VAL Epoch 22 | Loss: 0.3034 | Acc: 0.7414
2026-05-02 06:06:36,948 - INFO - Epoch 23 [0/489] - Loss: 0.1461
2026-05-02 06:06:37,954 - INFO - Epoch 23 [10/489] - Loss: 0.0603
2026-05-02 06:06:38,969 - INFO - Epoch 23 [20/489] - Loss: 0.0477
2026-05-02 06:06:39,978 - INFO - Epoch 23 [30/489] - Loss: 0.0489
2026-05-02 06:06:40,993 - INFO - Epoch 23 [40/489] - Loss: 0.0479
2026-05-02 06:06:41,998 - INFO - Epoch 23 [50/489] - Loss: 0.0608
2026-05-02 06:06:43,018 - INFO - Epoch 23 [60/489] - Loss: 0.0576
2026-05-02 06:06:44,042 - INFO - Epoch 23 [70/489] - Loss: 0.0637
2026-05-02 06:06:45,047 - INFO - Epoch 23 [80/489] - Loss: 0.0610
2026-05-02 06:06:46,047 - INFO - Epoch 23 [90/489] - Loss: 0.0588
2026-05-02 06:06:47,068 - INFO - Epoch 23 [100/489] - Loss: 0.0608
2026-05-02 06:06:48,073 - INFO - Epoch 23 [110/489] - Loss: 0.0588
2026-05-02 06:06:49,083 - INFO - Epoch 23 [120/489] - Loss: 0.0574
2026-05-02 06:06:50,098 - INFO - Epoch 23 [130/489] - Loss: 0.0571
2026-05-02 06:06:51,105 - INFO - Epoch 23 [140/489] - Loss: 0.0579
2026-05-02 06:06:52,115 - INFO - Epoch 23 [150/489] - Loss: 0.0639
2026-05-02 06:06:53,126 - INFO - Epoch 23 [160/489] - Loss: 0.0611
2026-05-02 06:06:54,138 - INFO - Epoch 23 [170/489] - Loss: 0.0633
2026-05-02 06:06:55,144 - INFO - Epoch 23 [180/489] - Loss: 0.0674
2026-05-02 06:06:56,149 - INFO - Epoch 23 [190/489] - Loss: 0.0653
2026-05-02 06:06:57,152 - INFO - Epoch 23 [200/489] - Loss: 0.0664
2026-05-02 06:06:58,157 - INFO - Epoch 23 [210/489] - Loss: 0.0685
2026-05-02 06:06:59,157 - INFO - Epoch 23 [220/489] - Loss: 0.0681
2026-05-02 06:07:00,158 - INFO - Epoch 23 [230/489] - Loss: 0.0692
2026-05-02 06:07:01,164 - INFO - Epoch 23 [240/489] - Loss: 0.0688
2026-05-02 06:07:02,178 - INFO - Epoch 23 [250/489] - Loss: 0.0707
2026-05-02 06:07:03,184 - INFO - Epoch 23 [260/489] - Loss: 0.0703
2026-05-02 06:07:04,186 - INFO - Epoch 23 [270/489] - Loss: 0.0696
2026-05-02 06:07:05,185 - INFO - Epoch 23 [280/489] - Loss: 0.0700
2026-05-02 06:07:06,188 - INFO - Epoch 23 [290/489] - Loss: 0.0694
2026-05-02 06:07:07,186 - INFO - Epoch 23 [300/489] - Loss: 0.0719
2026-05-02 06:07:08,192 - INFO - Epoch 23 [310/489] - Loss: 0.0723
2026-05-02 06:07:09,195 - INFO - Epoch 23 [320/489] - Loss: 0.0711
2026-05-02 06:07:10,197 - INFO - Epoch 23 [330/489] - Loss: 0.0710
2026-05-02 06:07:11,194 - INFO - Epoch 23 [340/489] - Loss: 0.0702
2026-05-02 06:07:12,198 - INFO - Epoch 23 [350/489] - Loss: 0.0692
2026-05-02 06:07:13,201 - INFO - Epoch 23 [360/489] - Loss: 0.0686
2026-05-02 06:07:14,206 - INFO - Epoch 23 [370/489] - Loss: 0.0678
2026-05-02 06:07:15,206 - INFO - Epoch 23 [380/489] - Loss: 0.0667
2026-05-02 06:07:16,208 - INFO - Epoch 23 [390/489] - Loss: 0.0673
2026-05-02 06:07:17,210 - INFO - Epoch 23 [400/489] - Loss: 0.0663
2026-05-02 06:07:18,209 - INFO - Epoch 23 [410/489] - Loss: 0.0662
2026-05-02 06:07:19,213 - INFO - Epoch 23 [420/489] - Loss: 0.0655
2026-05-02 06:07:20,215 - INFO - Epoch 23 [430/489] - Loss: 0.0660
2026-05-02 06:07:21,220 - INFO - Epoch 23 [440/489] - Loss: 0.0652
2026-05-02 06:07:22,223 - INFO - Epoch 23 [450/489] - Loss: 0.0661
2026-05-02 06:07:23,220 - INFO - Epoch 23 [460/489] - Loss: 0.0652
2026-05-02 06:07:24,224 - INFO - Epoch 23 [470/489] - Loss: 0.0651
2026-05-02 06:07:25,230 - INFO - Epoch 23 [480/489] - Loss: 0.0647
2026-05-02 06:07:49,924 - INFO - VAL Epoch 23 | Loss: 0.3757 | Acc: 0.7115
2026-05-02 06:07:50,484 - INFO - Epoch 24 [0/489] - Loss: 0.0104
2026-05-02 06:07:51,485 - INFO - Epoch 24 [10/489] - Loss: 0.0500
2026-05-02 06:07:52,485 - INFO - Epoch 24 [20/489] - Loss: 0.0818
2026-05-02 06:07:53,486 - INFO - Epoch 24 [30/489] - Loss: 0.0866
2026-05-02 06:07:54,489 - INFO - Epoch 24 [40/489] - Loss: 0.0769
2026-05-02 06:07:55,487 - INFO - Epoch 24 [50/489] - Loss: 0.0926
2026-05-02 06:07:56,487 - INFO - Epoch 24 [60/489] - Loss: 0.0931
2026-05-02 06:07:57,485 - INFO - Epoch 24 [70/489] - Loss: 0.0958
2026-05-02 06:07:58,484 - INFO - Epoch 24 [80/489] - Loss: 0.0899
2026-05-02 06:07:59,481 - INFO - Epoch 24 [90/489] - Loss: 0.0848
2026-05-02 06:08:00,481 - INFO - Epoch 24 [100/489] - Loss: 0.0874
2026-05-02 06:08:01,476 - INFO - Epoch 24 [110/489] - Loss: 0.0937
2026-05-02 06:08:02,481 - INFO - Epoch 24 [120/489] - Loss: 0.0913
2026-05-02 06:08:03,479 - INFO - Epoch 24 [130/489] - Loss: 0.0923
2026-05-02 06:08:04,474 - INFO - Epoch 24 [140/489] - Loss: 0.0929
2026-05-02 06:08:05,466 - INFO - Epoch 24 [150/489] - Loss: 0.0934
2026-05-02 06:08:06,469 - INFO - Epoch 24 [160/489] - Loss: 0.0936
2026-05-02 06:08:07,469 - INFO - Epoch 24 [170/489] - Loss: 0.0889
2026-05-02 06:08:08,466 - INFO - Epoch 24 [180/489] - Loss: 0.0888
2026-05-02 06:08:09,468 - INFO - Epoch 24 [190/489] - Loss: 0.0870
2026-05-02 06:08:10,471 - INFO - Epoch 24 [200/489] - Loss: 0.0865
2026-05-02 06:08:11,474 - INFO - Epoch 24 [210/489] - Loss: 0.0871
2026-05-02 06:08:12,471 - INFO - Epoch 24 [220/489] - Loss: 0.0876
2026-05-02 06:08:13,472 - INFO - Epoch 24 [230/489] - Loss: 0.0866
2026-05-02 06:08:14,470 - INFO - Epoch 24 [240/489] - Loss: 0.0842
2026-05-02 06:08:15,465 - INFO - Epoch 24 [250/489] - Loss: 0.0841
2026-05-02 06:08:16,464 - INFO - Epoch 24 [260/489] - Loss: 0.0822
2026-05-02 06:08:17,460 - INFO - Epoch 24 [270/489] - Loss: 0.0810
2026-05-02 06:08:18,458 - INFO - Epoch 24 [280/489] - Loss: 0.0798
2026-05-02 06:08:19,450 - INFO - Epoch 24 [290/489] - Loss: 0.0779
2026-05-02 06:08:20,443 - INFO - Epoch 24 [300/489] - Loss: 0.0771
2026-05-02 06:08:21,441 - INFO - Epoch 24 [310/489] - Loss: 0.0766
2026-05-02 06:08:22,438 - INFO - Epoch 24 [320/489] - Loss: 0.0804
2026-05-02 06:08:23,437 - INFO - Epoch 24 [330/489] - Loss: 0.0807
2026-05-02 06:08:24,428 - INFO - Epoch 24 [340/489] - Loss: 0.0792
2026-05-02 06:08:25,423 - INFO - Epoch 24 [350/489] - Loss: 0.0777
2026-05-02 06:08:26,426 - INFO - Epoch 24 [360/489] - Loss: 0.0776
2026-05-02 06:08:27,426 - INFO - Epoch 24 [370/489] - Loss: 0.0769
2026-05-02 06:08:28,418 - INFO - Epoch 24 [380/489] - Loss: 0.0775
2026-05-02 06:08:29,425 - INFO - Epoch 24 [390/489] - Loss: 0.0779
2026-05-02 06:08:30,439 - INFO - Epoch 24 [400/489] - Loss: 0.0773
2026-05-02 06:08:31,443 - INFO - Epoch 24 [410/489] - Loss: 0.0784
2026-05-02 06:08:32,449 - INFO - Epoch 24 [420/489] - Loss: 0.0780
2026-05-02 06:08:33,464 - INFO - Epoch 24 [430/489] - Loss: 0.0779
2026-05-02 06:08:34,472 - INFO - Epoch 24 [440/489] - Loss: 0.0779
2026-05-02 06:08:35,480 - INFO - Epoch 24 [450/489] - Loss: 0.0776
2026-05-02 06:08:36,498 - INFO - Epoch 24 [460/489] - Loss: 0.0790
2026-05-02 06:08:37,508 - INFO - Epoch 24 [470/489] - Loss: 0.0791
2026-05-02 06:08:38,513 - INFO - Epoch 24 [480/489] - Loss: 0.0793
2026-05-02 06:09:03,833 - INFO - VAL Epoch 24 | Loss: 0.3017 | Acc: 0.6926
2026-05-02 06:09:04,349 - INFO - Epoch 25 [0/489] - Loss: 0.0756
2026-05-02 06:09:05,377 - INFO - Epoch 25 [10/489] - Loss: 0.0616
2026-05-02 06:09:06,404 - INFO - Epoch 25 [20/489] - Loss: 0.0622
2026-05-02 06:09:07,420 - INFO - Epoch 25 [30/489] - Loss: 0.0751
2026-05-02 06:09:08,449 - INFO - Epoch 25 [40/489] - Loss: 0.0667
2026-05-02 06:09:09,480 - INFO - Epoch 25 [50/489] - Loss: 0.0621
2026-05-02 06:09:10,503 - INFO - Epoch 25 [60/489] - Loss: 0.0669
2026-05-02 06:09:11,532 - INFO - Epoch 25 [70/489] - Loss: 0.0678
2026-05-02 06:09:12,552 - INFO - Epoch 25 [80/489] - Loss: 0.0675
2026-05-02 06:09:13,569 - INFO - Epoch 25 [90/489] - Loss: 0.0679
2026-05-02 06:09:14,593 - INFO - Epoch 25 [100/489] - Loss: 0.0681
2026-05-02 06:09:15,620 - INFO - Epoch 25 [110/489] - Loss: 0.0672
2026-05-02 06:09:16,638 - INFO - Epoch 25 [120/489] - Loss: 0.0681
2026-05-02 06:09:17,667 - INFO - Epoch 25 [130/489] - Loss: 0.0662
2026-05-02 06:09:18,678 - INFO - Epoch 25 [140/489] - Loss: 0.0673
2026-05-02 06:09:19,703 - INFO - Epoch 25 [150/489] - Loss: 0.0660
2026-05-02 06:09:20,742 - INFO - Epoch 25 [160/489] - Loss: 0.0669
2026-05-02 06:09:21,772 - INFO - Epoch 25 [170/489] - Loss: 0.0694
2026-05-02 06:09:22,785 - INFO - Epoch 25 [180/489] - Loss: 0.0710
2026-05-02 06:09:23,809 - INFO - Epoch 25 [190/489] - Loss: 0.0696
2026-05-02 06:09:24,823 - INFO - Epoch 25 [200/489] - Loss: 0.0681
2026-05-02 06:09:25,853 - INFO - Epoch 25 [210/489] - Loss: 0.0669
2026-05-02 06:09:26,888 - INFO - Epoch 25 [220/489] - Loss: 0.0682
2026-05-02 06:09:27,908 - INFO - Epoch 25 [230/489] - Loss: 0.0687
2026-05-02 06:09:28,922 - INFO - Epoch 25 [240/489] - Loss: 0.0679
2026-05-02 06:09:29,947 - INFO - Epoch 25 [250/489] - Loss: 0.0688
2026-05-02 06:09:30,959 - INFO - Epoch 25 [260/489] - Loss: 0.0688
2026-05-02 06:09:31,970 - INFO - Epoch 25 [270/489] - Loss: 0.0686
2026-05-02 06:09:32,996 - INFO - Epoch 25 [280/489] - Loss: 0.0687
2026-05-02 06:09:34,023 - INFO - Epoch 25 [290/489] - Loss: 0.0683
2026-05-02 06:09:35,036 - INFO - Epoch 25 [300/489] - Loss: 0.0685
2026-05-02 06:09:36,048 - INFO - Epoch 25 [310/489] - Loss: 0.0684
2026-05-02 06:09:37,064 - INFO - Epoch 25 [320/489] - Loss: 0.0678
2026-05-02 06:09:38,076 - INFO - Epoch 25 [330/489] - Loss: 0.0669
2026-05-02 06:09:39,087 - INFO - Epoch 25 [340/489] - Loss: 0.0670
2026-05-02 06:09:40,102 - INFO - Epoch 25 [350/489] - Loss: 0.0661
2026-05-02 06:09:41,116 - INFO - Epoch 25 [360/489] - Loss: 0.0652
2026-05-02 06:09:42,118 - INFO - Epoch 25 [370/489] - Loss: 0.0645
2026-05-02 06:09:43,130 - INFO - Epoch 25 [380/489] - Loss: 0.0637
2026-05-02 06:09:44,147 - INFO - Epoch 25 [390/489] - Loss: 0.0650
2026-05-02 06:09:45,162 - INFO - Epoch 25 [400/489] - Loss: 0.0646
2026-05-02 06:09:46,184 - INFO - Epoch 25 [410/489] - Loss: 0.0635
2026-05-02 06:09:47,199 - INFO - Epoch 25 [420/489] - Loss: 0.0625
2026-05-02 06:09:48,215 - INFO - Epoch 25 [430/489] - Loss: 0.0615
2026-05-02 06:09:49,235 - INFO - Epoch 25 [440/489] - Loss: 0.0614
2026-05-02 06:09:50,252 - INFO - Epoch 25 [450/489] - Loss: 0.0625
2026-05-02 06:09:51,268 - INFO - Epoch 25 [460/489] - Loss: 0.0631
2026-05-02 06:09:52,280 - INFO - Epoch 25 [470/489] - Loss: 0.0625
2026-05-02 06:09:53,294 - INFO - Epoch 25 [480/489] - Loss: 0.0620
2026-05-02 06:10:13,044 - INFO - VAL Epoch 25 | Loss: 0.3354 | Acc: 0.7484
2026-05-02 06:10:13,581 - INFO - Epoch 26 [0/489] - Loss: 0.0147
2026-05-02 06:10:14,598 - INFO - Epoch 26 [10/489] - Loss: 0.0116
2026-05-02 06:10:15,603 - INFO - Epoch 26 [20/489] - Loss: 0.0329
2026-05-02 06:10:16,610 - INFO - Epoch 26 [30/489] - Loss: 0.0421
2026-05-02 06:10:17,622 - INFO - Epoch 26 [40/489] - Loss: 0.0364
2026-05-02 06:10:18,634 - INFO - Epoch 26 [50/489] - Loss: 0.0412
2026-05-02 06:10:19,647 - INFO - Epoch 26 [60/489] - Loss: 0.0454
2026-05-02 06:10:20,661 - INFO - Epoch 26 [70/489] - Loss: 0.0461
2026-05-02 06:10:21,675 - INFO - Epoch 26 [80/489] - Loss: 0.0444
2026-05-02 06:10:22,690 - INFO - Epoch 26 [90/489] - Loss: 0.0435
2026-05-02 06:10:23,708 - INFO - Epoch 26 [100/489] - Loss: 0.0453
2026-05-02 06:10:24,709 - INFO - Epoch 26 [110/489] - Loss: 0.0500
2026-05-02 06:10:25,716 - INFO - Epoch 26 [120/489] - Loss: 0.0489
2026-05-02 06:10:26,731 - INFO - Epoch 26 [130/489] - Loss: 0.0486
2026-05-02 06:10:27,736 - INFO - Epoch 26 [140/489] - Loss: 0.0593
2026-05-02 06:10:28,744 - INFO - Epoch 26 [150/489] - Loss: 0.0596
2026-05-02 06:10:29,756 - INFO - Epoch 26 [160/489] - Loss: 0.0602
2026-05-02 06:10:30,756 - INFO - Epoch 26 [170/489] - Loss: 0.0598
2026-05-02 06:10:31,764 - INFO - Epoch 26 [180/489] - Loss: 0.0663
2026-05-02 06:10:32,774 - INFO - Epoch 26 [190/489] - Loss: 0.0666
2026-05-02 06:10:33,792 - INFO - Epoch 26 [200/489] - Loss: 0.0658
2026-05-02 06:10:34,794 - INFO - Epoch 26 [210/489] - Loss: 0.0681
2026-05-02 06:10:35,805 - INFO - Epoch 26 [220/489] - Loss: 0.0710
2026-05-02 06:10:36,814 - INFO - Epoch 26 [230/489] - Loss: 0.0689
2026-05-02 06:10:37,824 - INFO - Epoch 26 [240/489] - Loss: 0.0699
2026-05-02 06:10:38,827 - INFO - Epoch 26 [250/489] - Loss: 0.0713
2026-05-02 06:10:39,835 - INFO - Epoch 26 [260/489] - Loss: 0.0717
2026-05-02 06:10:40,835 - INFO - Epoch 26 [270/489] - Loss: 0.0714
2026-05-02 06:10:41,840 - INFO - Epoch 26 [280/489] - Loss: 0.0704
2026-05-02 06:10:42,846 - INFO - Epoch 26 [290/489] - Loss: 0.0694
2026-05-02 06:10:43,853 - INFO - Epoch 26 [300/489] - Loss: 0.0688
2026-05-02 06:10:44,860 - INFO - Epoch 26 [310/489] - Loss: 0.0683
2026-05-02 06:10:45,872 - INFO - Epoch 26 [320/489] - Loss: 0.0677
2026-05-02 06:10:46,875 - INFO - Epoch 26 [330/489] - Loss: 0.0661
2026-05-02 06:10:47,881 - INFO - Epoch 26 [340/489] - Loss: 0.0668
2026-05-02 06:10:48,885 - INFO - Epoch 26 [350/489] - Loss: 0.0678
2026-05-02 06:10:49,889 - INFO - Epoch 26 [360/489] - Loss: 0.0677
2026-05-02 06:10:50,892 - INFO - Epoch 26 [370/489] - Loss: 0.0674
2026-05-02 06:10:51,891 - INFO - Epoch 26 [380/489] - Loss: 0.0669
2026-05-02 06:10:52,898 - INFO - Epoch 26 [390/489] - Loss: 0.0696
2026-05-02 06:10:53,896 - INFO - Epoch 26 [400/489] - Loss: 0.0683
2026-05-02 06:10:54,892 - INFO - Epoch 26 [410/489] - Loss: 0.0692
2026-05-02 06:10:55,899 - INFO - Epoch 26 [420/489] - Loss: 0.0690
2026-05-02 06:10:56,899 - INFO - Epoch 26 [430/489] - Loss: 0.0686
2026-05-02 06:10:57,902 - INFO - Epoch 26 [440/489] - Loss: 0.0676
2026-05-02 06:10:58,905 - INFO - Epoch 26 [450/489] - Loss: 0.0682
2026-05-02 06:10:59,911 - INFO - Epoch 26 [460/489] - Loss: 0.0674
2026-05-02 06:11:00,912 - INFO - Epoch 26 [470/489] - Loss: 0.0668
2026-05-02 06:11:01,923 - INFO - Epoch 26 [480/489] - Loss: 0.0663
2026-05-02 06:11:21,938 - INFO - VAL Epoch 26 | Loss: 0.3616 | Acc: 0.7398
2026-05-02 06:11:22,531 - INFO - Epoch 27 [0/489] - Loss: 0.0012
2026-05-02 06:11:28,424 - INFO - Epoch 27 [10/489] - Loss: 0.0269
2026-05-02 06:11:29,426 - INFO - Epoch 27 [20/489] - Loss: 0.0619
2026-05-02 06:11:30,432 - INFO - Epoch 27 [30/489] - Loss: 0.0591
2026-05-02 06:11:31,441 - INFO - Epoch 27 [40/489] - Loss: 0.0583
2026-05-02 06:11:32,437 - INFO - Epoch 27 [50/489] - Loss: 0.0553
2026-05-02 06:11:33,453 - INFO - Epoch 27 [60/489] - Loss: 0.0522
2026-05-02 06:11:34,459 - INFO - Epoch 27 [70/489] - Loss: 0.0579
2026-05-02 06:11:35,463 - INFO - Epoch 27 [80/489] - Loss: 0.0605
2026-05-02 06:11:36,471 - INFO - Epoch 27 [90/489] - Loss: 0.0585
2026-05-02 06:11:37,484 - INFO - Epoch 27 [100/489] - Loss: 0.0576
2026-05-02 06:11:38,498 - INFO - Epoch 27 [110/489] - Loss: 0.0632
2026-05-02 06:11:39,506 - INFO - Epoch 27 [120/489] - Loss: 0.0591
2026-05-02 06:11:40,515 - INFO - Epoch 27 [130/489] - Loss: 0.0571
2026-05-02 06:11:41,527 - INFO - Epoch 27 [140/489] - Loss: 0.0549
2026-05-02 06:11:42,539 - INFO - Epoch 27 [150/489] - Loss: 0.0519
2026-05-02 06:11:43,553 - INFO - Epoch 27 [160/489] - Loss: 0.0503
2026-05-02 06:11:44,563 - INFO - Epoch 27 [170/489] - Loss: 0.0509
2026-05-02 06:11:45,572 - INFO - Epoch 27 [180/489] - Loss: 0.0523
2026-05-02 06:11:46,586 - INFO - Epoch 27 [190/489] - Loss: 0.0509
2026-05-02 06:11:47,599 - INFO - Epoch 27 [200/489] - Loss: 0.0492
2026-05-02 06:11:48,607 - INFO - Epoch 27 [210/489] - Loss: 0.0518
2026-05-02 06:11:49,617 - INFO - Epoch 27 [220/489] - Loss: 0.0501
2026-05-02 06:11:50,631 - INFO - Epoch 27 [230/489] - Loss: 0.0544
2026-05-02 06:11:51,646 - INFO - Epoch 27 [240/489] - Loss: 0.0531
2026-05-02 06:11:52,664 - INFO - Epoch 27 [250/489] - Loss: 0.0536
2026-05-02 06:11:53,681 - INFO - Epoch 27 [260/489] - Loss: 0.0560
2026-05-02 06:11:54,694 - INFO - Epoch 27 [270/489] - Loss: 0.0569
2026-05-02 06:11:55,703 - INFO - Epoch 27 [280/489] - Loss: 0.0590
2026-05-02 06:11:56,713 - INFO - Epoch 27 [290/489] - Loss: 0.0584
2026-05-02 06:11:57,724 - INFO - Epoch 27 [300/489] - Loss: 0.0591
2026-05-02 06:11:58,736 - INFO - Epoch 27 [310/489] - Loss: 0.0587
2026-05-02 06:11:59,747 - INFO - Epoch 27 [320/489] - Loss: 0.0607
2026-05-02 06:12:00,759 - INFO - Epoch 27 [330/489] - Loss: 0.0636
2026-05-02 06:12:01,773 - INFO - Epoch 27 [340/489] - Loss: 0.0623
2026-05-02 06:12:02,787 - INFO - Epoch 27 [350/489] - Loss: 0.0616
2026-05-02 06:12:03,803 - INFO - Epoch 27 [360/489] - Loss: 0.0616
2026-05-02 06:12:04,816 - INFO - Epoch 27 [370/489] - Loss: 0.0607
2026-05-02 06:12:05,823 - INFO - Epoch 27 [380/489] - Loss: 0.0602
2026-05-02 06:12:06,831 - INFO - Epoch 27 [390/489] - Loss: 0.0603
2026-05-02 06:12:07,845 - INFO - Epoch 27 [400/489] - Loss: 0.0597
2026-05-02 06:12:08,856 - INFO - Epoch 27 [410/489] - Loss: 0.0596
2026-05-02 06:12:09,862 - INFO - Epoch 27 [420/489] - Loss: 0.0602
2026-05-02 06:12:10,874 - INFO - Epoch 27 [430/489] - Loss: 0.0608
2026-05-02 06:12:11,886 - INFO - Epoch 27 [440/489] - Loss: 0.0608
2026-05-02 06:12:12,902 - INFO - Epoch 27 [450/489] - Loss: 0.0604
2026-05-02 06:12:13,915 - INFO - Epoch 27 [460/489] - Loss: 0.0613
2026-05-02 06:12:14,928 - INFO - Epoch 27 [470/489] - Loss: 0.0616
2026-05-02 06:12:15,948 - INFO - Epoch 27 [480/489] - Loss: 0.0608
2026-05-02 06:12:35,716 - INFO - VAL Epoch 27 | Loss: 0.3449 | Acc: 0.6950
2026-05-02 06:12:36,234 - INFO - Epoch 28 [0/489] - Loss: 0.0213
2026-05-02 06:12:42,271 - INFO - Epoch 28 [10/489] - Loss: 0.0184
2026-05-02 06:12:43,277 - INFO - Epoch 28 [20/489] - Loss: 0.0265
2026-05-02 06:12:44,278 - INFO - Epoch 28 [30/489] - Loss: 0.0410
2026-05-02 06:12:45,285 - INFO - Epoch 28 [40/489] - Loss: 0.0477
2026-05-02 06:12:46,288 - INFO - Epoch 28 [50/489] - Loss: 0.0444
2026-05-02 06:12:47,294 - INFO - Epoch 28 [60/489] - Loss: 0.0436
2026-05-02 06:12:48,300 - INFO - Epoch 28 [70/489] - Loss: 0.0413
2026-05-02 06:12:49,307 - INFO - Epoch 28 [80/489] - Loss: 0.0443
2026-05-02 06:12:50,317 - INFO - Epoch 28 [90/489] - Loss: 0.0438
2026-05-02 06:12:51,324 - INFO - Epoch 28 [100/489] - Loss: 0.0424
2026-05-02 06:12:52,327 - INFO - Epoch 28 [110/489] - Loss: 0.0437
2026-05-02 06:12:53,330 - INFO - Epoch 28 [120/489] - Loss: 0.0413
2026-05-02 06:12:54,335 - INFO - Epoch 28 [130/489] - Loss: 0.0398
2026-05-02 06:12:55,344 - INFO - Epoch 28 [140/489] - Loss: 0.0426
2026-05-02 06:12:56,347 - INFO - Epoch 28 [150/489] - Loss: 0.0418
2026-05-02 06:12:57,347 - INFO - Epoch 28 [160/489] - Loss: 0.0432
2026-05-02 06:12:58,356 - INFO - Epoch 28 [170/489] - Loss: 0.0419
2026-05-02 06:12:59,355 - INFO - Epoch 28 [180/489] - Loss: 0.0411
2026-05-02 06:13:00,357 - INFO - Epoch 28 [190/489] - Loss: 0.0436
2026-05-02 06:13:01,367 - INFO - Epoch 28 [200/489] - Loss: 0.0421
2026-05-02 06:13:02,373 - INFO - Epoch 28 [210/489] - Loss: 0.0422
2026-05-02 06:13:03,372 - INFO - Epoch 28 [220/489] - Loss: 0.0418
2026-05-02 06:13:04,373 - INFO - Epoch 28 [230/489] - Loss: 0.0416
2026-05-02 06:13:05,375 - INFO - Epoch 28 [240/489] - Loss: 0.0414
2026-05-02 06:13:06,382 - INFO - Epoch 28 [250/489] - Loss: 0.0411
2026-05-02 06:13:07,392 - INFO - Epoch 28 [260/489] - Loss: 0.0415
2026-05-02 06:13:08,394 - INFO - Epoch 28 [270/489] - Loss: 0.0405
2026-05-02 06:13:09,398 - INFO - Epoch 28 [280/489] - Loss: 0.0415
2026-05-02 06:13:10,406 - INFO - Epoch 28 [290/489] - Loss: 0.0429
2026-05-02 06:13:11,407 - INFO - Epoch 28 [300/489] - Loss: 0.0424
2026-05-02 06:13:12,410 - INFO - Epoch 28 [310/489] - Loss: 0.0418
2026-05-02 06:13:13,416 - INFO - Epoch 28 [320/489] - Loss: 0.0446
2026-05-02 06:13:14,419 - INFO - Epoch 28 [330/489] - Loss: 0.0445
2026-05-02 06:13:15,421 - INFO - Epoch 28 [340/489] - Loss: 0.0437
2026-05-02 06:13:16,427 - INFO - Epoch 28 [350/489] - Loss: 0.0435
2026-05-02 06:13:17,432 - INFO - Epoch 28 [360/489] - Loss: 0.0431
2026-05-02 06:13:18,437 - INFO - Epoch 28 [370/489] - Loss: 0.0425
2026-05-02 06:13:19,439 - INFO - Epoch 28 [380/489] - Loss: 0.0425
2026-05-02 06:13:20,448 - INFO - Epoch 28 [390/489] - Loss: 0.0420
2026-05-02 06:13:21,451 - INFO - Epoch 28 [400/489] - Loss: 0.0417
2026-05-02 06:13:22,454 - INFO - Epoch 28 [410/489] - Loss: 0.0414
2026-05-02 06:13:23,460 - INFO - Epoch 28 [420/489] - Loss: 0.0418
2026-05-02 06:13:24,464 - INFO - Epoch 28 [430/489] - Loss: 0.0428
2026-05-02 06:13:25,461 - INFO - Epoch 28 [440/489] - Loss: 0.0431
2026-05-02 06:13:26,465 - INFO - Epoch 28 [450/489] - Loss: 0.0432
2026-05-02 06:13:27,463 - INFO - Epoch 28 [460/489] - Loss: 0.0434
2026-05-02 06:13:28,467 - INFO - Epoch 28 [470/489] - Loss: 0.0437
2026-05-02 06:13:29,478 - INFO - Epoch 28 [480/489] - Loss: 0.0434
2026-05-02 06:13:54,351 - INFO - VAL Epoch 28 | Loss: 0.3681 | Acc: 0.7280
2026-05-02 06:13:54,901 - INFO - Epoch 29 [0/489] - Loss: 0.0097
2026-05-02 06:13:55,901 - INFO - Epoch 29 [10/489] - Loss: 0.0511
2026-05-02 06:13:56,907 - INFO - Epoch 29 [20/489] - Loss: 0.0390
2026-05-02 06:13:57,911 - INFO - Epoch 29 [30/489] - Loss: 0.0400
2026-05-02 06:13:58,917 - INFO - Epoch 29 [40/489] - Loss: 0.0378
2026-05-02 06:13:59,922 - INFO - Epoch 29 [50/489] - Loss: 0.0364
2026-05-02 06:14:00,932 - INFO - Epoch 29 [60/489] - Loss: 0.0369
2026-05-02 06:14:01,944 - INFO - Epoch 29 [70/489] - Loss: 0.0349
2026-05-02 06:14:02,955 - INFO - Epoch 29 [80/489] - Loss: 0.0345
2026-05-02 06:14:03,961 - INFO - Epoch 29 [90/489] - Loss: 0.0327
2026-05-02 06:14:04,974 - INFO - Epoch 29 [100/489] - Loss: 0.0370
2026-05-02 06:14:05,981 - INFO - Epoch 29 [110/489] - Loss: 0.0371
2026-05-02 06:14:06,984 - INFO - Epoch 29 [120/489] - Loss: 0.0397
2026-05-02 06:14:07,985 - INFO - Epoch 29 [130/489] - Loss: 0.0415
2026-05-02 06:14:08,989 - INFO - Epoch 29 [140/489] - Loss: 0.0424
2026-05-02 06:14:09,994 - INFO - Epoch 29 [150/489] - Loss: 0.0414
2026-05-02 06:14:11,008 - INFO - Epoch 29 [160/489] - Loss: 0.0405
2026-05-02 06:14:12,011 - INFO - Epoch 29 [170/489] - Loss: 0.0435
2026-05-02 06:14:13,016 - INFO - Epoch 29 [180/489] - Loss: 0.0435
2026-05-02 06:14:14,027 - INFO - Epoch 29 [190/489] - Loss: 0.0461
2026-05-02 06:14:15,043 - INFO - Epoch 29 [200/489] - Loss: 0.0454
2026-05-02 06:14:16,050 - INFO - Epoch 29 [210/489] - Loss: 0.0448
2026-05-02 06:14:17,064 - INFO - Epoch 29 [220/489] - Loss: 0.0444
2026-05-02 06:14:18,070 - INFO - Epoch 29 [230/489] - Loss: 0.0456
2026-05-02 06:14:19,074 - INFO - Epoch 29 [240/489] - Loss: 0.0448
2026-05-02 06:14:20,085 - INFO - Epoch 29 [250/489] - Loss: 0.0444
2026-05-02 06:14:21,096 - INFO - Epoch 29 [260/489] - Loss: 0.0445
2026-05-02 06:14:22,099 - INFO - Epoch 29 [270/489] - Loss: 0.0446
2026-05-02 06:14:23,106 - INFO - Epoch 29 [280/489] - Loss: 0.0451
2026-05-02 06:14:24,118 - INFO - Epoch 29 [290/489] - Loss: 0.0437
2026-05-02 06:14:25,132 - INFO - Epoch 29 [300/489] - Loss: 0.0436
2026-05-02 06:14:26,141 - INFO - Epoch 29 [310/489] - Loss: 0.0431
2026-05-02 06:14:27,150 - INFO - Epoch 29 [320/489] - Loss: 0.0424
2026-05-02 06:14:28,157 - INFO - Epoch 29 [330/489] - Loss: 0.0424
2026-05-02 06:14:29,168 - INFO - Epoch 29 [340/489] - Loss: 0.0421
2026-05-02 06:14:30,177 - INFO - Epoch 29 [350/489] - Loss: 0.0415
2026-05-02 06:14:31,192 - INFO - Epoch 29 [360/489] - Loss: 0.0429
2026-05-02 06:14:32,205 - INFO - Epoch 29 [370/489] - Loss: 0.0428
2026-05-02 06:14:33,215 - INFO - Epoch 29 [380/489] - Loss: 0.0427
2026-05-02 06:14:34,226 - INFO - Epoch 29 [390/489] - Loss: 0.0424
2026-05-02 06:14:35,232 - INFO - Epoch 29 [400/489] - Loss: 0.0426
2026-05-02 06:14:36,246 - INFO - Epoch 29 [410/489] - Loss: 0.0429
2026-05-02 06:14:37,260 - INFO - Epoch 29 [420/489] - Loss: 0.0432
2026-05-02 06:14:38,271 - INFO - Epoch 29 [430/489] - Loss: 0.0435
2026-05-02 06:14:39,277 - INFO - Epoch 29 [440/489] - Loss: 0.0431
2026-05-02 06:14:40,288 - INFO - Epoch 29 [450/489] - Loss: 0.0423
2026-05-02 06:14:41,309 - INFO - Epoch 29 [460/489] - Loss: 0.0419
2026-05-02 06:14:42,314 - INFO - Epoch 29 [470/489] - Loss: 0.0416
2026-05-02 06:14:43,325 - INFO - Epoch 29 [480/489] - Loss: 0.0412
2026-05-02 06:15:08,051 - INFO - VAL Epoch 29 | Loss: 0.3821 | Acc: 0.7303
2026-05-02 06:15:08,636 - INFO - Epoch 30 [0/489] - Loss: 0.1068
2026-05-02 06:15:14,778 - INFO - Epoch 30 [10/489] - Loss: 0.0302
2026-05-02 06:15:15,781 - INFO - Epoch 30 [20/489] - Loss: 0.0697
2026-05-02 06:15:16,779 - INFO - Epoch 30 [30/489] - Loss: 0.0619
2026-05-02 06:15:17,774 - INFO - Epoch 30 [40/489] - Loss: 0.0562
2026-05-02 06:15:18,776 - INFO - Epoch 30 [50/489] - Loss: 0.0496
2026-05-02 06:15:19,780 - INFO - Epoch 30 [60/489] - Loss: 0.0464
2026-05-02 06:15:20,785 - INFO - Epoch 30 [70/489] - Loss: 0.0418
2026-05-02 06:15:21,788 - INFO - Epoch 30 [80/489] - Loss: 0.0408
2026-05-02 06:15:22,786 - INFO - Epoch 30 [90/489] - Loss: 0.0404
2026-05-02 06:15:23,792 - INFO - Epoch 30 [100/489] - Loss: 0.0398
2026-05-02 06:15:24,795 - INFO - Epoch 30 [110/489] - Loss: 0.0423
2026-05-02 06:15:25,796 - INFO - Epoch 30 [120/489] - Loss: 0.0444
2026-05-02 06:15:26,803 - INFO - Epoch 30 [130/489] - Loss: 0.0442
2026-05-02 06:15:27,807 - INFO - Epoch 30 [140/489] - Loss: 0.0427
2026-05-02 06:15:28,811 - INFO - Epoch 30 [150/489] - Loss: 0.0411
2026-05-02 06:15:29,823 - INFO - Epoch 30 [160/489] - Loss: 0.0407
2026-05-02 06:15:30,829 - INFO - Epoch 30 [170/489] - Loss: 0.0448
2026-05-02 06:15:31,837 - INFO - Epoch 30 [180/489] - Loss: 0.0469
2026-05-02 06:15:32,840 - INFO - Epoch 30 [190/489] - Loss: 0.0459
2026-05-02 06:15:33,848 - INFO - Epoch 30 [200/489] - Loss: 0.0453
2026-05-02 06:15:34,849 - INFO - Epoch 30 [210/489] - Loss: 0.0463
2026-05-02 06:15:35,859 - INFO - Epoch 30 [220/489] - Loss: 0.0460
2026-05-02 06:15:36,861 - INFO - Epoch 30 [230/489] - Loss: 0.0458
2026-05-02 06:15:37,868 - INFO - Epoch 30 [240/489] - Loss: 0.0464
2026-05-02 06:15:38,880 - INFO - Epoch 30 [250/489] - Loss: 0.0452
2026-05-02 06:15:39,886 - INFO - Epoch 30 [260/489] - Loss: 0.0444
2026-05-02 06:15:40,895 - INFO - Epoch 30 [270/489] - Loss: 0.0435
2026-05-02 06:15:41,900 - INFO - Epoch 30 [280/489] - Loss: 0.0436
2026-05-02 06:15:42,909 - INFO - Epoch 30 [290/489] - Loss: 0.0432
2026-05-02 06:15:43,913 - INFO - Epoch 30 [300/489] - Loss: 0.0426
2026-05-02 06:15:44,916 - INFO - Epoch 30 [310/489] - Loss: 0.0417
2026-05-02 06:15:45,932 - INFO - Epoch 30 [320/489] - Loss: 0.0441
2026-05-02 06:15:46,935 - INFO - Epoch 30 [330/489] - Loss: 0.0439
2026-05-02 06:15:47,942 - INFO - Epoch 30 [340/489] - Loss: 0.0433
2026-05-02 06:15:48,944 - INFO - Epoch 30 [350/489] - Loss: 0.0424
2026-05-02 06:15:49,947 - INFO - Epoch 30 [360/489] - Loss: 0.0422
2026-05-02 06:15:50,948 - INFO - Epoch 30 [370/489] - Loss: 0.0428
2026-05-02 06:15:51,957 - INFO - Epoch 30 [380/489] - Loss: 0.0448
2026-05-02 06:15:52,958 - INFO - Epoch 30 [390/489] - Loss: 0.0441
2026-05-02 06:15:53,957 - INFO - Epoch 30 [400/489] - Loss: 0.0433
2026-05-02 06:15:54,955 - INFO - Epoch 30 [410/489] - Loss: 0.0442
2026-05-02 06:15:55,952 - INFO - Epoch 30 [420/489] - Loss: 0.0454
2026-05-02 06:15:56,949 - INFO - Epoch 30 [430/489] - Loss: 0.0459
2026-05-02 06:15:57,954 - INFO - Epoch 30 [440/489] - Loss: 0.0458
2026-05-02 06:15:58,956 - INFO - Epoch 30 [450/489] - Loss: 0.0473
2026-05-02 06:15:59,952 - INFO - Epoch 30 [460/489] - Loss: 0.0474
2026-05-02 06:16:00,950 - INFO - Epoch 30 [470/489] - Loss: 0.0474
2026-05-02 06:16:01,952 - INFO - Epoch 30 [480/489] - Loss: 0.0479
2026-05-02 06:16:27,020 - INFO - VAL Epoch 30 | Loss: 0.3959 | Acc: 0.7209
2026-05-02 06:16:27,531 - INFO - Epoch 31 [0/489] - Loss: 0.0198
2026-05-02 06:16:33,632 - INFO - Epoch 31 [10/489] - Loss: 0.0385
2026-05-02 06:16:34,651 - INFO - Epoch 31 [20/489] - Loss: 0.0239
2026-05-02 06:16:35,683 - INFO - Epoch 31 [30/489] - Loss: 0.0347
2026-05-02 06:16:36,712 - INFO - Epoch 31 [40/489] - Loss: 0.0302
2026-05-02 06:16:37,725 - INFO - Epoch 31 [50/489] - Loss: 0.0312
2026-05-02 06:16:38,742 - INFO - Epoch 31 [60/489] - Loss: 0.0308
2026-05-02 06:16:39,763 - INFO - Epoch 31 [70/489] - Loss: 0.0274
2026-05-02 06:16:40,782 - INFO - Epoch 31 [80/489] - Loss: 0.0294
2026-05-02 06:16:41,811 - INFO - Epoch 31 [90/489] - Loss: 0.0292
2026-05-02 06:16:42,836 - INFO - Epoch 31 [100/489] - Loss: 0.0335
2026-05-02 06:16:43,861 - INFO - Epoch 31 [110/489] - Loss: 0.0322
2026-05-02 06:16:44,880 - INFO - Epoch 31 [120/489] - Loss: 0.0334
2026-05-02 06:16:45,901 - INFO - Epoch 31 [130/489] - Loss: 0.0377
2026-05-02 06:16:46,920 - INFO - Epoch 31 [140/489] - Loss: 0.0395
2026-05-02 06:16:47,944 - INFO - Epoch 31 [150/489] - Loss: 0.0430
2026-05-02 06:16:48,969 - INFO - Epoch 31 [160/489] - Loss: 0.0440
2026-05-02 06:16:49,991 - INFO - Epoch 31 [170/489] - Loss: 0.0503
2026-05-02 06:16:51,021 - INFO - Epoch 31 [180/489] - Loss: 0.0522
2026-05-02 06:16:52,036 - INFO - Epoch 31 [190/489] - Loss: 0.0525
2026-05-02 06:16:53,056 - INFO - Epoch 31 [200/489] - Loss: 0.0513
2026-05-02 06:16:54,085 - INFO - Epoch 31 [210/489] - Loss: 0.0496
2026-05-02 06:16:55,105 - INFO - Epoch 31 [220/489] - Loss: 0.0482
2026-05-02 06:16:56,127 - INFO - Epoch 31 [230/489] - Loss: 0.0482
2026-05-02 06:16:57,148 - INFO - Epoch 31 [240/489] - Loss: 0.0472
2026-05-02 06:16:58,170 - INFO - Epoch 31 [250/489] - Loss: 0.0464
2026-05-02 06:16:59,192 - INFO - Epoch 31 [260/489] - Loss: 0.0448
2026-05-02 06:17:00,208 - INFO - Epoch 31 [270/489] - Loss: 0.0455
2026-05-02 06:17:01,230 - INFO - Epoch 31 [280/489] - Loss: 0.0445
2026-05-02 06:17:02,255 - INFO - Epoch 31 [290/489] - Loss: 0.0441
2026-05-02 06:17:03,271 - INFO - Epoch 31 [300/489] - Loss: 0.0438
2026-05-02 06:17:04,285 - INFO - Epoch 31 [310/489] - Loss: 0.0444
2026-05-02 06:17:05,308 - INFO - Epoch 31 [320/489] - Loss: 0.0436
2026-05-02 06:17:06,326 - INFO - Epoch 31 [330/489] - Loss: 0.0436
2026-05-02 06:17:07,345 - INFO - Epoch 31 [340/489] - Loss: 0.0434
2026-05-02 06:17:08,350 - INFO - Epoch 31 [350/489] - Loss: 0.0427
2026-05-02 06:17:09,373 - INFO - Epoch 31 [360/489] - Loss: 0.0432
2026-05-02 06:17:10,383 - INFO - Epoch 31 [370/489] - Loss: 0.0432
2026-05-02 06:17:11,406 - INFO - Epoch 31 [380/489] - Loss: 0.0429
2026-05-02 06:17:12,425 - INFO - Epoch 31 [390/489] - Loss: 0.0427
2026-05-02 06:17:13,453 - INFO - Epoch 31 [400/489] - Loss: 0.0420
2026-05-02 06:17:14,465 - INFO - Epoch 31 [410/489] - Loss: 0.0440
2026-05-02 06:17:15,486 - INFO - Epoch 31 [420/489] - Loss: 0.0456
2026-05-02 06:17:16,515 - INFO - Epoch 31 [430/489] - Loss: 0.0452
2026-05-02 06:17:17,526 - INFO - Epoch 31 [440/489] - Loss: 0.0459
2026-05-02 06:17:18,552 - INFO - Epoch 31 [450/489] - Loss: 0.0458
2026-05-02 06:17:19,578 - INFO - Epoch 31 [460/489] - Loss: 0.0455
2026-05-02 06:17:20,586 - INFO - Epoch 31 [470/489] - Loss: 0.0452
2026-05-02 06:17:21,605 - INFO - Epoch 31 [480/489] - Loss: 0.0462
2026-05-02 06:17:46,467 - INFO - VAL Epoch 31 | Loss: 0.4287 | Acc: 0.7233
2026-05-02 06:17:46,468 - INFO -     [!] Early stopping triggered.
2026-05-02 06:17:46,593 - INFO - 
================================================================================
PHASE SETUP: Fine-tuning (Combined) (COMBINED)
================================================================================
2026-05-02 06:17:46,594 - INFO - Backbone: Fully Unfrozen
2026-05-02 06:17:46,594 - INFO - Detector: Unfrozen
2026-05-02 06:17:46,594 - INFO - Attribute Heads: Classification UNFROZEN
2026-05-02 06:17:46,594 - INFO - Attribute Heads: Regression UNFROZEN
2026-05-02 06:17:47,534 - INFO - Epoch 1 [0/1217] - Loss: 1.8065
2026-05-02 06:17:50,928 - INFO - Epoch 1 [10/1217] - Loss: 1.3652
2026-05-02 06:17:54,153 - INFO - Epoch 1 [20/1217] - Loss: 1.0209
2026-05-02 06:17:57,399 - INFO - Epoch 1 [30/1217] - Loss: 0.9972
2026-05-02 06:18:00,733 - INFO - Epoch 1 [40/1217] - Loss: 0.8798
2026-05-02 06:18:04,056 - INFO - Epoch 1 [50/1217] - Loss: 0.8436
2026-05-02 06:18:07,396 - INFO - Epoch 1 [60/1217] - Loss: 0.8033
2026-05-02 06:18:10,621 - INFO - Epoch 1 [70/1217] - Loss: 0.7711
2026-05-02 06:18:13,920 - INFO - Epoch 1 [80/1217] - Loss: 0.7638
2026-05-02 06:18:17,123 - INFO - Epoch 1 [90/1217] - Loss: 0.7733
2026-05-02 06:18:20,311 - INFO - Epoch 1 [100/1217] - Loss: 0.7415
2026-05-02 06:18:23,510 - INFO - Epoch 1 [110/1217] - Loss: 0.7304
2026-05-02 06:18:26,810 - INFO - Epoch 1 [120/1217] - Loss: 0.6996
2026-05-02 06:18:29,916 - INFO - Epoch 1 [130/1217] - Loss: 0.7095
2026-05-02 06:18:33,065 - INFO - Epoch 1 [140/1217] - Loss: 0.7038
2026-05-02 06:18:36,410 - INFO - Epoch 1 [150/1217] - Loss: 0.6909
2026-05-02 06:18:39,631 - INFO - Epoch 1 [160/1217] - Loss: 0.6778
2026-05-02 06:18:42,948 - INFO - Epoch 1 [170/1217] - Loss: 0.6613
2026-05-02 06:18:46,231 - INFO - Epoch 1 [180/1217] - Loss: 0.6534
2026-05-02 06:18:49,516 - INFO - Epoch 1 [190/1217] - Loss: 0.6357
2026-05-02 06:18:52,806 - INFO - Epoch 1 [200/1217] - Loss: 0.6202
2026-05-02 06:18:56,127 - INFO - Epoch 1 [210/1217] - Loss: 0.6095
2026-05-02 06:18:59,385 - INFO - Epoch 1 [220/1217] - Loss: 0.5991
2026-05-02 06:19:02,413 - INFO - Epoch 1 [230/1217] - Loss: 0.5916
2026-05-02 06:19:05,560 - INFO - Epoch 1 [240/1217] - Loss: 0.5905
2026-05-02 06:19:08,741 - INFO - Epoch 1 [250/1217] - Loss: 0.5820
2026-05-02 06:19:12,084 - INFO - Epoch 1 [260/1217] - Loss: 0.5785
2026-05-02 06:19:15,225 - INFO - Epoch 1 [270/1217] - Loss: 0.5687
2026-05-02 06:19:18,392 - INFO - Epoch 1 [280/1217] - Loss: 0.5607
2026-05-02 06:19:21,728 - INFO - Epoch 1 [290/1217] - Loss: 0.5580
2026-05-02 06:19:24,968 - INFO - Epoch 1 [300/1217] - Loss: 0.5614
2026-05-02 06:19:28,247 - INFO - Epoch 1 [310/1217] - Loss: 0.5653
2026-05-02 06:19:31,422 - INFO - Epoch 1 [320/1217] - Loss: 0.5631
2026-05-02 06:19:34,553 - INFO - Epoch 1 [330/1217] - Loss: 0.5583
2026-05-02 06:19:37,826 - INFO - Epoch 1 [340/1217] - Loss: 0.5518
2026-05-02 06:19:41,124 - INFO - Epoch 1 [350/1217] - Loss: 0.5484
2026-05-02 06:19:44,395 - INFO - Epoch 1 [360/1217] - Loss: 0.5452
2026-05-02 06:19:47,567 - INFO - Epoch 1 [370/1217] - Loss: 0.5405
2026-05-02 06:19:50,689 - INFO - Epoch 1 [380/1217] - Loss: 0.5376
2026-05-02 06:19:53,877 - INFO - Epoch 1 [390/1217] - Loss: 0.5333
2026-05-02 06:19:57,152 - INFO - Epoch 1 [400/1217] - Loss: 0.5281
2026-05-02 06:20:00,481 - INFO - Epoch 1 [410/1217] - Loss: 0.5231
2026-05-02 06:20:03,707 - INFO - Epoch 1 [420/1217] - Loss: 0.5214
2026-05-02 06:20:06,975 - INFO - Epoch 1 [430/1217] - Loss: 0.5158
2026-05-02 06:20:10,294 - INFO - Epoch 1 [440/1217] - Loss: 0.5089
2026-05-02 06:20:13,529 - INFO - Epoch 1 [450/1217] - Loss: 0.5063
2026-05-02 06:20:16,806 - INFO - Epoch 1 [460/1217] - Loss: 0.5030
2026-05-02 06:20:20,108 - INFO - Epoch 1 [470/1217] - Loss: 0.5039
2026-05-02 06:20:23,284 - INFO - Epoch 1 [480/1217] - Loss: 0.5001
2026-05-02 06:20:26,439 - INFO - Epoch 1 [490/1217] - Loss: 0.4970
2026-05-02 06:20:29,708 - INFO - Epoch 1 [500/1217] - Loss: 0.4953
2026-05-02 06:20:32,676 - INFO - Epoch 1 [510/1217] - Loss: 0.4914
2026-05-02 06:20:35,974 - INFO - Epoch 1 [520/1217] - Loss: 0.4874
2026-05-02 06:20:39,173 - INFO - Epoch 1 [530/1217] - Loss: 0.4836
2026-05-02 06:20:42,450 - INFO - Epoch 1 [540/1217] - Loss: 0.4782
2026-05-02 06:20:45,684 - INFO - Epoch 1 [550/1217] - Loss: 0.4779
2026-05-02 06:20:48,908 - INFO - Epoch 1 [560/1217] - Loss: 0.4742
2026-05-02 06:20:52,232 - INFO - Epoch 1 [570/1217] - Loss: 0.4728
2026-05-02 06:20:55,465 - INFO - Epoch 1 [580/1217] - Loss: 0.4680
2026-05-02 06:20:58,793 - INFO - Epoch 1 [590/1217] - Loss: 0.4668
2026-05-02 06:21:02,057 - INFO - Epoch 1 [600/1217] - Loss: 0.4642
2026-05-02 06:21:05,314 - INFO - Epoch 1 [610/1217] - Loss: 0.4635
2026-05-02 06:21:08,573 - INFO - Epoch 1 [620/1217] - Loss: 0.4632
2026-05-02 06:21:11,806 - INFO - Epoch 1 [630/1217] - Loss: 0.4607
2026-05-02 06:21:15,151 - INFO - Epoch 1 [640/1217] - Loss: 0.4608
2026-05-02 06:21:18,497 - INFO - Epoch 1 [650/1217] - Loss: 0.4620
2026-05-02 06:21:21,762 - INFO - Epoch 1 [660/1217] - Loss: 0.4587
2026-05-02 06:21:25,042 - INFO - Epoch 1 [670/1217] - Loss: 0.4567
2026-05-02 06:21:28,343 - INFO - Epoch 1 [680/1217] - Loss: 0.4588
2026-05-02 06:21:31,572 - INFO - Epoch 1 [690/1217] - Loss: 0.4561
2026-05-02 06:21:34,913 - INFO - Epoch 1 [700/1217] - Loss: 0.4541
2026-05-02 06:21:38,081 - INFO - Epoch 1 [710/1217] - Loss: 0.4510
2026-05-02 06:21:41,331 - INFO - Epoch 1 [720/1217] - Loss: 0.4484
2026-05-02 06:21:44,616 - INFO - Epoch 1 [730/1217] - Loss: 0.4457
2026-05-02 06:21:47,779 - INFO - Epoch 1 [740/1217] - Loss: 0.4432
2026-05-02 06:21:50,977 - INFO - Epoch 1 [750/1217] - Loss: 0.4414
2026-05-02 06:21:54,171 - INFO - Epoch 1 [760/1217] - Loss: 0.4403
2026-05-02 06:21:57,480 - INFO - Epoch 1 [770/1217] - Loss: 0.4400
2026-05-02 06:22:00,615 - INFO - Epoch 1 [780/1217] - Loss: 0.4382
2026-05-02 06:22:03,723 - INFO - Epoch 1 [790/1217] - Loss: 0.4371
2026-05-02 06:22:06,886 - INFO - Epoch 1 [800/1217] - Loss: 0.4353
2026-05-02 06:22:10,009 - INFO - Epoch 1 [810/1217] - Loss: 0.4352
2026-05-02 06:22:13,169 - INFO - Epoch 1 [820/1217] - Loss: 0.4335
2026-05-02 06:22:16,408 - INFO - Epoch 1 [830/1217] - Loss: 0.4332
2026-05-02 06:22:19,597 - INFO - Epoch 1 [840/1217] - Loss: 0.4312
2026-05-02 06:22:22,817 - INFO - Epoch 1 [850/1217] - Loss: 0.4301
2026-05-02 06:22:26,044 - INFO - Epoch 1 [860/1217] - Loss: 0.4294
2026-05-02 06:22:29,169 - INFO - Epoch 1 [870/1217] - Loss: 0.4268
2026-05-02 06:22:32,482 - INFO - Epoch 1 [880/1217] - Loss: 0.4253
2026-05-02 06:22:35,682 - INFO - Epoch 1 [890/1217] - Loss: 0.4239
2026-05-02 06:22:38,955 - INFO - Epoch 1 [900/1217] - Loss: 0.4218
2026-05-02 06:22:42,174 - INFO - Epoch 1 [910/1217] - Loss: 0.4210
2026-05-02 06:22:45,461 - INFO - Epoch 1 [920/1217] - Loss: 0.4196
2026-05-02 06:22:48,740 - INFO - Epoch 1 [930/1217] - Loss: 0.4185
2026-05-02 06:22:51,950 - INFO - Epoch 1 [940/1217] - Loss: 0.4172
2026-05-02 06:22:55,269 - INFO - Epoch 1 [950/1217] - Loss: 0.4160
2026-05-02 06:22:58,506 - INFO - Epoch 1 [960/1217] - Loss: 0.4145
2026-05-02 06:23:01,712 - INFO - Epoch 1 [970/1217] - Loss: 0.4124
2026-05-02 06:23:04,966 - INFO - Epoch 1 [980/1217] - Loss: 0.4114
2026-05-02 06:23:08,209 - INFO - Epoch 1 [990/1217] - Loss: 0.4094
2026-05-02 06:23:11,503 - INFO - Epoch 1 [1000/1217] - Loss: 0.4076
2026-05-02 06:23:14,838 - INFO - Epoch 1 [1010/1217] - Loss: 0.4068
2026-05-02 06:23:18,075 - INFO - Epoch 1 [1020/1217] - Loss: 0.4051
2026-05-02 06:23:21,280 - INFO - Epoch 1 [1030/1217] - Loss: 0.4035
2026-05-02 06:23:24,275 - INFO - Epoch 1 [1040/1217] - Loss: 0.4024
2026-05-02 06:23:27,578 - INFO - Epoch 1 [1050/1217] - Loss: 0.4002
2026-05-02 06:23:30,853 - INFO - Epoch 1 [1060/1217] - Loss: 0.3990
2026-05-02 06:23:34,110 - INFO - Epoch 1 [1070/1217] - Loss: 0.3975
2026-05-02 06:23:37,372 - INFO - Epoch 1 [1080/1217] - Loss: 0.3971
2026-05-02 06:23:40,604 - INFO - Epoch 1 [1090/1217] - Loss: 0.3958
2026-05-02 06:23:43,856 - INFO - Epoch 1 [1100/1217] - Loss: 0.3955
2026-05-02 06:23:47,034 - INFO - Epoch 1 [1110/1217] - Loss: 0.3955
2026-05-02 06:23:50,198 - INFO - Epoch 1 [1120/1217] - Loss: 0.3936
2026-05-02 06:23:53,341 - INFO - Epoch 1 [1130/1217] - Loss: 0.3941
2026-05-02 06:23:56,609 - INFO - Epoch 1 [1140/1217] - Loss: 0.3925
2026-05-02 06:23:59,675 - INFO - Epoch 1 [1150/1217] - Loss: 0.3919
2026-05-02 06:24:02,867 - INFO - Epoch 1 [1160/1217] - Loss: 0.3904
2026-05-02 06:24:06,103 - INFO - Epoch 1 [1170/1217] - Loss: 0.3898
2026-05-02 06:24:09,279 - INFO - Epoch 1 [1180/1217] - Loss: 0.3883
2026-05-02 06:24:12,407 - INFO - Epoch 1 [1190/1217] - Loss: 0.3878
2026-05-02 06:24:15,677 - INFO - Epoch 1 [1200/1217] - Loss: 0.3866
2026-05-02 06:24:18,885 - INFO - Epoch 1 [1210/1217] - Loss: 0.3863
2026-05-02 06:25:26,883 - INFO - VAL Epoch 1 | Loss: 0.5606 | IoU: 0.8885 | Prec: 0.7790 | F1: 0.8207 | Acc: 0.7068 | MAPE_L: 7.58%
2026-05-02 06:25:27,241 - INFO -     [!] New Best Model Saved!
2026-05-02 06:25:28,210 - INFO - Epoch 2 [0/1217] - Loss: 0.2937
2026-05-02 06:25:31,534 - INFO - Epoch 2 [10/1217] - Loss: 0.2724
2026-05-02 06:25:34,823 - INFO - Epoch 2 [20/1217] - Loss: 0.2478
2026-05-02 06:25:38,171 - INFO - Epoch 2 [30/1217] - Loss: 0.2813
2026-05-02 06:25:41,449 - INFO - Epoch 2 [40/1217] - Loss: 0.2679
2026-05-02 06:25:44,790 - INFO - Epoch 2 [50/1217] - Loss: 0.2820
2026-05-02 06:25:48,041 - INFO - Epoch 2 [60/1217] - Loss: 0.2712
2026-05-02 06:25:51,308 - INFO - Epoch 2 [70/1217] - Loss: 0.2766
2026-05-02 06:25:54,433 - INFO - Epoch 2 [80/1217] - Loss: 0.2669
2026-05-02 06:25:57,701 - INFO - Epoch 2 [90/1217] - Loss: 0.2638
2026-05-02 06:26:00,964 - INFO - Epoch 2 [100/1217] - Loss: 0.2548
2026-05-02 06:26:04,271 - INFO - Epoch 2 [110/1217] - Loss: 0.2575
2026-05-02 06:26:07,473 - INFO - Epoch 2 [120/1217] - Loss: 0.2524
2026-05-02 06:26:10,808 - INFO - Epoch 2 [130/1217] - Loss: 0.2562
2026-05-02 06:26:14,096 - INFO - Epoch 2 [140/1217] - Loss: 0.2661
2026-05-02 06:26:17,212 - INFO - Epoch 2 [150/1217] - Loss: 0.2641
2026-05-02 06:26:20,470 - INFO - Epoch 2 [160/1217] - Loss: 0.2660
2026-05-02 06:26:23,768 - INFO - Epoch 2 [170/1217] - Loss: 0.2626
2026-05-02 06:26:26,909 - INFO - Epoch 2 [180/1217] - Loss: 0.2616
2026-05-02 06:26:29,903 - INFO - Epoch 2 [190/1217] - Loss: 0.2645
2026-05-02 06:26:33,246 - INFO - Epoch 2 [200/1217] - Loss: 0.2659
2026-05-02 06:26:36,565 - INFO - Epoch 2 [210/1217] - Loss: 0.2635
2026-05-02 06:26:39,816 - INFO - Epoch 2 [220/1217] - Loss: 0.2615
2026-05-02 06:26:43,105 - INFO - Epoch 2 [230/1217] - Loss: 0.2607
2026-05-02 06:26:46,292 - INFO - Epoch 2 [240/1217] - Loss: 0.2599
2026-05-02 06:26:49,497 - INFO - Epoch 2 [250/1217] - Loss: 0.2646
2026-05-02 06:26:52,699 - INFO - Epoch 2 [260/1217] - Loss: 0.2620
2026-05-02 06:26:55,974 - INFO - Epoch 2 [270/1217] - Loss: 0.2644
2026-05-02 06:26:59,234 - INFO - Epoch 2 [280/1217] - Loss: 0.2641
2026-05-02 06:27:02,439 - INFO - Epoch 2 [290/1217] - Loss: 0.2635
2026-05-02 06:27:05,645 - INFO - Epoch 2 [300/1217] - Loss: 0.2611
2026-05-02 06:27:08,921 - INFO - Epoch 2 [310/1217] - Loss: 0.2627
2026-05-02 06:27:12,191 - INFO - Epoch 2 [320/1217] - Loss: 0.2617
2026-05-02 06:27:15,493 - INFO - Epoch 2 [330/1217] - Loss: 0.2612
2026-05-02 06:27:18,757 - INFO - Epoch 2 [340/1217] - Loss: 0.2613
2026-05-02 06:27:22,011 - INFO - Epoch 2 [350/1217] - Loss: 0.2627
2026-05-02 06:27:25,236 - INFO - Epoch 2 [360/1217] - Loss: 0.2617
2026-05-02 06:27:28,367 - INFO - Epoch 2 [370/1217] - Loss: 0.2615
2026-05-02 06:27:31,629 - INFO - Epoch 2 [380/1217] - Loss: 0.2612
2026-05-02 06:27:34,816 - INFO - Epoch 2 [390/1217] - Loss: 0.2618
2026-05-02 06:27:38,160 - INFO - Epoch 2 [400/1217] - Loss: 0.2617
2026-05-02 06:27:41,505 - INFO - Epoch 2 [410/1217] - Loss: 0.2630
2026-05-02 06:27:44,805 - INFO - Epoch 2 [420/1217] - Loss: 0.2655
2026-05-02 06:27:48,120 - INFO - Epoch 2 [430/1217] - Loss: 0.2637
2026-05-02 06:27:51,415 - INFO - Epoch 2 [440/1217] - Loss: 0.2629
2026-05-02 06:27:54,694 - INFO - Epoch 2 [450/1217] - Loss: 0.2603
2026-05-02 06:27:57,986 - INFO - Epoch 2 [460/1217] - Loss: 0.2608
2026-05-02 06:28:01,166 - INFO - Epoch 2 [470/1217] - Loss: 0.2612
2026-05-02 06:28:04,483 - INFO - Epoch 2 [480/1217] - Loss: 0.2641
2026-05-02 06:28:07,726 - INFO - Epoch 2 [490/1217] - Loss: 0.2646
2026-05-02 06:28:11,060 - INFO - Epoch 2 [500/1217] - Loss: 0.2631
2026-05-02 06:28:14,381 - INFO - Epoch 2 [510/1217] - Loss: 0.2632
2026-05-02 06:28:17,661 - INFO - Epoch 2 [520/1217] - Loss: 0.2622
2026-05-02 06:28:20,843 - INFO - Epoch 2 [530/1217] - Loss: 0.2632
2026-05-02 06:28:24,169 - INFO - Epoch 2 [540/1217] - Loss: 0.2638
2026-05-02 06:28:27,475 - INFO - Epoch 2 [550/1217] - Loss: 0.2640
2026-05-02 06:28:30,614 - INFO - Epoch 2 [560/1217] - Loss: 0.2633
2026-05-02 06:28:33,823 - INFO - Epoch 2 [570/1217] - Loss: 0.2616
2026-05-02 06:28:37,154 - INFO - Epoch 2 [580/1217] - Loss: 0.2647
2026-05-02 06:28:40,403 - INFO - Epoch 2 [590/1217] - Loss: 0.2646
2026-05-02 06:28:43,651 - INFO - Epoch 2 [600/1217] - Loss: 0.2644
2026-05-02 06:28:46,885 - INFO - Epoch 2 [610/1217] - Loss: 0.2640
2026-05-02 06:28:50,031 - INFO - Epoch 2 [620/1217] - Loss: 0.2654
2026-05-02 06:28:53,289 - INFO - Epoch 2 [630/1217] - Loss: 0.2647
2026-05-02 06:28:56,540 - INFO - Epoch 2 [640/1217] - Loss: 0.2655
2026-05-02 06:28:59,828 - INFO - Epoch 2 [650/1217] - Loss: 0.2647
2026-05-02 06:29:03,040 - INFO - Epoch 2 [660/1217] - Loss: 0.2634
2026-05-02 06:29:06,218 - INFO - Epoch 2 [670/1217] - Loss: 0.2626
2026-05-02 06:29:09,556 - INFO - Epoch 2 [680/1217] - Loss: 0.2626
2026-05-02 06:29:12,836 - INFO - Epoch 2 [690/1217] - Loss: 0.2631
2026-05-02 06:29:16,036 - INFO - Epoch 2 [700/1217] - Loss: 0.2632
2026-05-02 06:29:19,305 - INFO - Epoch 2 [710/1217] - Loss: 0.2627
2026-05-02 06:29:22,592 - INFO - Epoch 2 [720/1217] - Loss: 0.2643
2026-05-02 06:29:25,916 - INFO - Epoch 2 [730/1217] - Loss: 0.2626
2026-05-02 06:29:29,176 - INFO - Epoch 2 [740/1217] - Loss: 0.2621
2026-05-02 06:29:32,438 - INFO - Epoch 2 [750/1217] - Loss: 0.2616
2026-05-02 06:29:35,662 - INFO - Epoch 2 [760/1217] - Loss: 0.2616
2026-05-02 06:29:39,007 - INFO - Epoch 2 [770/1217] - Loss: 0.2640
2026-05-02 06:29:42,265 - INFO - Epoch 2 [780/1217] - Loss: 0.2638
2026-05-02 06:29:45,566 - INFO - Epoch 2 [790/1217] - Loss: 0.2642
2026-05-02 06:29:48,878 - INFO - Epoch 2 [800/1217] - Loss: 0.2646
2026-05-02 06:29:52,145 - INFO - Epoch 2 [810/1217] - Loss: 0.2667
2026-05-02 06:29:55,472 - INFO - Epoch 2 [820/1217] - Loss: 0.2661
2026-05-02 06:29:58,749 - INFO - Epoch 2 [830/1217] - Loss: 0.2662
2026-05-02 06:30:02,064 - INFO - Epoch 2 [840/1217] - Loss: 0.2651
2026-05-02 06:30:05,395 - INFO - Epoch 2 [850/1217] - Loss: 0.2646
2026-05-02 06:30:08,668 - INFO - Epoch 2 [860/1217] - Loss: 0.2670
2026-05-02 06:30:11,840 - INFO - Epoch 2 [870/1217] - Loss: 0.2660
2026-05-02 06:30:15,002 - INFO - Epoch 2 [880/1217] - Loss: 0.2653
2026-05-02 06:30:18,256 - INFO - Epoch 2 [890/1217] - Loss: 0.2657
2026-05-02 06:30:21,484 - INFO - Epoch 2 [900/1217] - Loss: 0.2666
2026-05-02 06:30:24,688 - INFO - Epoch 2 [910/1217] - Loss: 0.2664
2026-05-02 06:30:27,968 - INFO - Epoch 2 [920/1217] - Loss: 0.2666
2026-05-02 06:30:31,158 - INFO - Epoch 2 [930/1217] - Loss: 0.2659
2026-05-02 06:30:34,312 - INFO - Epoch 2 [940/1217] - Loss: 0.2659
2026-05-02 06:30:37,600 - INFO - Epoch 2 [950/1217] - Loss: 0.2661
2026-05-02 06:30:40,874 - INFO - Epoch 2 [960/1217] - Loss: 0.2688
2026-05-02 06:30:44,182 - INFO - Epoch 2 [970/1217] - Loss: 0.2696
2026-05-02 06:30:47,444 - INFO - Epoch 2 [980/1217] - Loss: 0.2732
2026-05-02 06:30:50,720 - INFO - Epoch 2 [990/1217] - Loss: 0.2744
2026-05-02 06:30:54,039 - INFO - Epoch 2 [1000/1217] - Loss: 0.2739
2026-05-02 06:30:57,166 - INFO - Epoch 2 [1010/1217] - Loss: 0.2734
2026-05-02 06:31:00,433 - INFO - Epoch 2 [1020/1217] - Loss: 0.2730
2026-05-02 06:31:03,690 - INFO - Epoch 2 [1030/1217] - Loss: 0.2722
2026-05-02 06:31:06,940 - INFO - Epoch 2 [1040/1217] - Loss: 0.2714
2026-05-02 06:31:10,067 - INFO - Epoch 2 [1050/1217] - Loss: 0.2736
2026-05-02 06:31:13,230 - INFO - Epoch 2 [1060/1217] - Loss: 0.2733
2026-05-02 06:31:16,557 - INFO - Epoch 2 [1070/1217] - Loss: 0.2731
2026-05-02 06:31:19,890 - INFO - Epoch 2 [1080/1217] - Loss: 0.2721
2026-05-02 06:31:23,168 - INFO - Epoch 2 [1090/1217] - Loss: 0.2716
2026-05-02 06:31:26,380 - INFO - Epoch 2 [1100/1217] - Loss: 0.2712
2026-05-02 06:31:29,656 - INFO - Epoch 2 [1110/1217] - Loss: 0.2710
2026-05-02 06:31:32,915 - INFO - Epoch 2 [1120/1217] - Loss: 0.2715
2026-05-02 06:31:36,064 - INFO - Epoch 2 [1130/1217] - Loss: 0.2711
2026-05-02 06:31:39,239 - INFO - Epoch 2 [1140/1217] - Loss: 0.2709
2026-05-02 06:31:42,583 - INFO - Epoch 2 [1150/1217] - Loss: 0.2720
2026-05-02 06:31:45,937 - INFO - Epoch 2 [1160/1217] - Loss: 0.2724
2026-05-02 06:31:49,118 - INFO - Epoch 2 [1170/1217] - Loss: 0.2722
2026-05-02 06:31:52,304 - INFO - Epoch 2 [1180/1217] - Loss: 0.2721
2026-05-02 06:31:55,454 - INFO - Epoch 2 [1190/1217] - Loss: 0.2725
2026-05-02 06:31:58,616 - INFO - Epoch 2 [1200/1217] - Loss: 0.2723
2026-05-02 06:32:01,923 - INFO - Epoch 2 [1210/1217] - Loss: 0.2716
2026-05-02 06:33:09,661 - INFO - VAL Epoch 2 | Loss: 0.5923 | IoU: 0.8913 | Prec: 0.8141 | F1: 0.8346 | Acc: 0.7288 | MAPE_L: 6.17%
2026-05-02 06:33:10,031 - INFO -     [!] New Best Model Saved!
2026-05-02 06:33:10,972 - INFO - Epoch 3 [0/1217] - Loss: 0.5083
2026-05-02 06:33:14,278 - INFO - Epoch 3 [10/1217] - Loss: 0.3459
2026-05-02 06:33:17,583 - INFO - Epoch 3 [20/1217] - Loss: 0.2961
2026-05-02 06:33:20,870 - INFO - Epoch 3 [30/1217] - Loss: 0.2897
2026-05-02 06:33:24,171 - INFO - Epoch 3 [40/1217] - Loss: 0.2585
2026-05-02 06:33:27,498 - INFO - Epoch 3 [50/1217] - Loss: 0.2726
2026-05-02 06:33:30,757 - INFO - Epoch 3 [60/1217] - Loss: 0.2743
2026-05-02 06:33:34,001 - INFO - Epoch 3 [70/1217] - Loss: 0.2782
2026-05-02 06:33:37,329 - INFO - Epoch 3 [80/1217] - Loss: 0.2736
2026-05-02 06:33:40,570 - INFO - Epoch 3 [90/1217] - Loss: 0.2671
2026-05-02 06:33:43,847 - INFO - Epoch 3 [100/1217] - Loss: 0.2612
2026-05-02 06:33:47,149 - INFO - Epoch 3 [110/1217] - Loss: 0.2544
2026-05-02 06:33:50,444 - INFO - Epoch 3 [120/1217] - Loss: 0.2513
2026-05-02 06:33:53,711 - INFO - Epoch 3 [130/1217] - Loss: 0.2526
2026-05-02 06:33:56,908 - INFO - Epoch 3 [140/1217] - Loss: 0.2529
2026-05-02 06:34:00,106 - INFO - Epoch 3 [150/1217] - Loss: 0.2574
2026-05-02 06:34:03,373 - INFO - Epoch 3 [160/1217] - Loss: 0.2559
2026-05-02 06:34:06,647 - INFO - Epoch 3 [170/1217] - Loss: 0.2536
2026-05-02 06:34:09,779 - INFO - Epoch 3 [180/1217] - Loss: 0.2511
2026-05-02 06:34:13,090 - INFO - Epoch 3 [190/1217] - Loss: 0.2486
2026-05-02 06:34:16,438 - INFO - Epoch 3 [200/1217] - Loss: 0.2469
2026-05-02 06:34:19,677 - INFO - Epoch 3 [210/1217] - Loss: 0.2474
2026-05-02 06:34:22,948 - INFO - Epoch 3 [220/1217] - Loss: 0.2452
2026-05-02 06:34:26,319 - INFO - Epoch 3 [230/1217] - Loss: 0.2457
2026-05-02 06:34:29,625 - INFO - Epoch 3 [240/1217] - Loss: 0.2435
2026-05-02 06:34:32,746 - INFO - Epoch 3 [250/1217] - Loss: 0.2477
2026-05-02 06:34:36,064 - INFO - Epoch 3 [260/1217] - Loss: 0.2477
2026-05-02 06:34:39,431 - INFO - Epoch 3 [270/1217] - Loss: 0.2463
2026-05-02 06:34:42,691 - INFO - Epoch 3 [280/1217] - Loss: 0.2484
2026-05-02 06:34:45,984 - INFO - Epoch 3 [290/1217] - Loss: 0.2494
2026-05-02 06:34:49,250 - INFO - Epoch 3 [300/1217] - Loss: 0.2507
2026-05-02 06:34:52,527 - INFO - Epoch 3 [310/1217] - Loss: 0.2507
2026-05-02 06:34:55,831 - INFO - Epoch 3 [320/1217] - Loss: 0.2511
2026-05-02 06:34:59,117 - INFO - Epoch 3 [330/1217] - Loss: 0.2511
2026-05-02 06:35:02,385 - INFO - Epoch 3 [340/1217] - Loss: 0.2505
2026-05-02 06:35:05,689 - INFO - Epoch 3 [350/1217] - Loss: 0.2487
2026-05-02 06:35:08,941 - INFO - Epoch 3 [360/1217] - Loss: 0.2484
2026-05-02 06:35:12,273 - INFO - Epoch 3 [370/1217] - Loss: 0.2480
2026-05-02 06:35:15,516 - INFO - Epoch 3 [380/1217] - Loss: 0.2478
2026-05-02 06:35:18,807 - INFO - Epoch 3 [390/1217] - Loss: 0.2450
2026-05-02 06:35:22,038 - INFO - Epoch 3 [400/1217] - Loss: 0.2440
2026-05-02 06:35:25,184 - INFO - Epoch 3 [410/1217] - Loss: 0.2442
2026-05-02 06:35:28,463 - INFO - Epoch 3 [420/1217] - Loss: 0.2440
2026-05-02 06:35:31,673 - INFO - Epoch 3 [430/1217] - Loss: 0.2426
2026-05-02 06:35:34,973 - INFO - Epoch 3 [440/1217] - Loss: 0.2431
2026-05-02 06:35:38,313 - INFO - Epoch 3 [450/1217] - Loss: 0.2436
2026-05-02 06:35:41,544 - INFO - Epoch 3 [460/1217] - Loss: 0.2427
2026-05-02 06:35:44,878 - INFO - Epoch 3 [470/1217] - Loss: 0.2419
2026-05-02 06:35:48,095 - INFO - Epoch 3 [480/1217] - Loss: 0.2416
2026-05-02 06:35:51,364 - INFO - Epoch 3 [490/1217] - Loss: 0.2401
2026-05-02 06:35:54,645 - INFO - Epoch 3 [500/1217] - Loss: 0.2413
2026-05-02 06:35:57,963 - INFO - Epoch 3 [510/1217] - Loss: 0.2412
2026-05-02 06:36:01,225 - INFO - Epoch 3 [520/1217] - Loss: 0.2437
2026-05-02 06:36:04,460 - INFO - Epoch 3 [530/1217] - Loss: 0.2442
2026-05-02 06:36:07,569 - INFO - Epoch 3 [540/1217] - Loss: 0.2435
2026-05-02 06:36:10,838 - INFO - Epoch 3 [550/1217] - Loss: 0.2455
2026-05-02 06:36:14,133 - INFO - Epoch 3 [560/1217] - Loss: 0.2462
2026-05-02 06:36:17,428 - INFO - Epoch 3 [570/1217] - Loss: 0.2455
2026-05-02 06:36:20,686 - INFO - Epoch 3 [580/1217] - Loss: 0.2459
2026-05-02 06:36:24,005 - INFO - Epoch 3 [590/1217] - Loss: 0.2459
2026-05-02 06:36:27,255 - INFO - Epoch 3 [600/1217] - Loss: 0.2458
2026-05-02 06:36:30,483 - INFO - Epoch 3 [610/1217] - Loss: 0.2450
2026-05-02 06:36:33,603 - INFO - Epoch 3 [620/1217] - Loss: 0.2447
2026-05-02 06:36:36,843 - INFO - Epoch 3 [630/1217] - Loss: 0.2446
2026-05-02 06:36:40,145 - INFO - Epoch 3 [640/1217] - Loss: 0.2439
2026-05-02 06:36:43,376 - INFO - Epoch 3 [650/1217] - Loss: 0.2439
2026-05-02 06:36:46,644 - INFO - Epoch 3 [660/1217] - Loss: 0.2446
2026-05-02 06:36:49,945 - INFO - Epoch 3 [670/1217] - Loss: 0.2456
2026-05-02 06:36:53,166 - INFO - Epoch 3 [680/1217] - Loss: 0.2446
2026-05-02 06:36:56,469 - INFO - Epoch 3 [690/1217] - Loss: 0.2441
2026-05-02 06:36:59,659 - INFO - Epoch 3 [700/1217] - Loss: 0.2434
2026-05-02 06:37:02,947 - INFO - Epoch 3 [710/1217] - Loss: 0.2431
2026-05-02 06:37:06,260 - INFO - Epoch 3 [720/1217] - Loss: 0.2433
2026-05-02 06:37:09,390 - INFO - Epoch 3 [730/1217] - Loss: 0.2423
2026-05-02 06:37:12,584 - INFO - Epoch 3 [740/1217] - Loss: 0.2423
2026-05-02 06:37:15,888 - INFO - Epoch 3 [750/1217] - Loss: 0.2433
2026-05-02 06:37:19,186 - INFO - Epoch 3 [760/1217] - Loss: 0.2440
2026-05-02 06:37:22,427 - INFO - Epoch 3 [770/1217] - Loss: 0.2425
2026-05-02 06:37:25,680 - INFO - Epoch 3 [780/1217] - Loss: 0.2414
2026-05-02 06:37:28,926 - INFO - Epoch 3 [790/1217] - Loss: 0.2417
2026-05-02 06:37:32,195 - INFO - Epoch 3 [800/1217] - Loss: 0.2416
2026-05-02 06:37:35,486 - INFO - Epoch 3 [810/1217] - Loss: 0.2415
2026-05-02 06:37:38,665 - INFO - Epoch 3 [820/1217] - Loss: 0.2408
2026-05-02 06:37:41,955 - INFO - Epoch 3 [830/1217] - Loss: 0.2414
2026-05-02 06:37:45,304 - INFO - Epoch 3 [840/1217] - Loss: 0.2414
2026-05-02 06:37:48,582 - INFO - Epoch 3 [850/1217] - Loss: 0.2412
2026-05-02 06:37:51,898 - INFO - Epoch 3 [860/1217] - Loss: 0.2408
2026-05-02 06:37:55,143 - INFO - Epoch 3 [870/1217] - Loss: 0.2410
2026-05-02 06:37:58,451 - INFO - Epoch 3 [880/1217] - Loss: 0.2418
2026-05-02 06:38:01,655 - INFO - Epoch 3 [890/1217] - Loss: 0.2414
2026-05-02 06:38:04,885 - INFO - Epoch 3 [900/1217] - Loss: 0.2428
2026-05-02 06:38:08,138 - INFO - Epoch 3 [910/1217] - Loss: 0.2428
2026-05-02 06:38:11,499 - INFO - Epoch 3 [920/1217] - Loss: 0.2422
2026-05-02 06:38:14,618 - INFO - Epoch 3 [930/1217] - Loss: 0.2428
2026-05-02 06:38:17,870 - INFO - Epoch 3 [940/1217] - Loss: 0.2446
2026-05-02 06:38:21,238 - INFO - Epoch 3 [950/1217] - Loss: 0.2448
2026-05-02 06:38:24,409 - INFO - Epoch 3 [960/1217] - Loss: 0.2447
2026-05-02 06:38:27,584 - INFO - Epoch 3 [970/1217] - Loss: 0.2451
2026-05-02 06:38:30,909 - INFO - Epoch 3 [980/1217] - Loss: 0.2452
2026-05-02 06:38:34,178 - INFO - Epoch 3 [990/1217] - Loss: 0.2440
2026-05-02 06:38:37,481 - INFO - Epoch 3 [1000/1217] - Loss: 0.2438
2026-05-02 06:38:40,778 - INFO - Epoch 3 [1010/1217] - Loss: 0.2462
2026-05-02 06:38:44,062 - INFO - Epoch 3 [1020/1217] - Loss: 0.2464
2026-05-02 06:38:47,243 - INFO - Epoch 3 [1030/1217] - Loss: 0.2454
2026-05-02 06:38:50,304 - INFO - Epoch 3 [1040/1217] - Loss: 0.2450
2026-05-02 06:38:53,449 - INFO - Epoch 3 [1050/1217] - Loss: 0.2446
2026-05-02 06:38:56,618 - INFO - Epoch 3 [1060/1217] - Loss: 0.2455
2026-05-02 06:38:59,806 - INFO - Epoch 3 [1070/1217] - Loss: 0.2445
2026-05-02 06:39:02,996 - INFO - Epoch 3 [1080/1217] - Loss: 0.2448
2026-05-02 06:39:06,285 - INFO - Epoch 3 [1090/1217] - Loss: 0.2443
2026-05-02 06:39:09,559 - INFO - Epoch 3 [1100/1217] - Loss: 0.2436
2026-05-02 06:39:12,905 - INFO - Epoch 3 [1110/1217] - Loss: 0.2433
2026-05-02 06:39:16,122 - INFO - Epoch 3 [1120/1217] - Loss: 0.2427
2026-05-02 06:39:19,241 - INFO - Epoch 3 [1130/1217] - Loss: 0.2427
2026-05-02 06:39:22,587 - INFO - Epoch 3 [1140/1217] - Loss: 0.2428
2026-05-02 06:39:25,901 - INFO - Epoch 3 [1150/1217] - Loss: 0.2421
2026-05-02 06:39:29,221 - INFO - Epoch 3 [1160/1217] - Loss: 0.2417
2026-05-02 06:39:32,419 - INFO - Epoch 3 [1170/1217] - Loss: 0.2415
2026-05-02 06:39:35,609 - INFO - Epoch 3 [1180/1217] - Loss: 0.2414
2026-05-02 06:39:38,915 - INFO - Epoch 3 [1190/1217] - Loss: 0.2413
2026-05-02 06:39:42,209 - INFO - Epoch 3 [1200/1217] - Loss: 0.2412
2026-05-02 06:39:45,482 - INFO - Epoch 3 [1210/1217] - Loss: 0.2414
2026-05-02 06:40:58,001 - INFO - VAL Epoch 3 | Loss: 0.6121 | IoU: 0.8846 | Prec: 0.8187 | F1: 0.8477 | Acc: 0.7571 | MAPE_L: 6.51%
2026-05-02 06:40:58,372 - INFO -     [!] New Best Model Saved!
2026-05-02 06:40:59,135 - INFO - Epoch 4 [0/1217] - Loss: 0.3490
2026-05-02 06:41:02,417 - INFO - Epoch 4 [10/1217] - Loss: 0.2391
2026-05-02 06:41:05,520 - INFO - Epoch 4 [20/1217] - Loss: 0.2591
2026-05-02 06:41:08,843 - INFO - Epoch 4 [30/1217] - Loss: 0.2489
2026-05-02 06:41:12,108 - INFO - Epoch 4 [40/1217] - Loss: 0.2292
2026-05-02 06:41:15,405 - INFO - Epoch 4 [50/1217] - Loss: 0.2397
2026-05-02 06:41:18,572 - INFO - Epoch 4 [60/1217] - Loss: 0.2359
2026-05-02 06:41:21,798 - INFO - Epoch 4 [70/1217] - Loss: 0.2209
2026-05-02 06:41:25,088 - INFO - Epoch 4 [80/1217] - Loss: 0.2136
2026-05-02 06:41:28,283 - INFO - Epoch 4 [90/1217] - Loss: 0.2178
2026-05-02 06:41:31,544 - INFO - Epoch 4 [100/1217] - Loss: 0.2156
2026-05-02 06:41:34,768 - INFO - Epoch 4 [110/1217] - Loss: 0.2157
2026-05-02 06:41:38,078 - INFO - Epoch 4 [120/1217] - Loss: 0.2121
2026-05-02 06:41:41,320 - INFO - Epoch 4 [130/1217] - Loss: 0.2167
2026-05-02 06:41:44,583 - INFO - Epoch 4 [140/1217] - Loss: 0.2159
2026-05-02 06:41:47,736 - INFO - Epoch 4 [150/1217] - Loss: 0.2165
2026-05-02 06:41:50,990 - INFO - Epoch 4 [160/1217] - Loss: 0.2111
2026-05-02 06:41:54,286 - INFO - Epoch 4 [170/1217] - Loss: 0.2074
2026-05-02 06:41:57,360 - INFO - Epoch 4 [180/1217] - Loss: 0.2156
2026-05-02 06:42:00,520 - INFO - Epoch 4 [190/1217] - Loss: 0.2145
2026-05-02 06:42:03,784 - INFO - Epoch 4 [200/1217] - Loss: 0.2253
2026-05-02 06:42:07,105 - INFO - Epoch 4 [210/1217] - Loss: 0.2265
2026-05-02 06:42:10,382 - INFO - Epoch 4 [220/1217] - Loss: 0.2288
2026-05-02 06:42:13,579 - INFO - Epoch 4 [230/1217] - Loss: 0.2285
2026-05-02 06:42:16,904 - INFO - Epoch 4 [240/1217] - Loss: 0.2338
2026-05-02 06:42:20,168 - INFO - Epoch 4 [250/1217] - Loss: 0.2401
2026-05-02 06:42:23,461 - INFO - Epoch 4 [260/1217] - Loss: 0.2388
2026-05-02 06:42:26,728 - INFO - Epoch 4 [270/1217] - Loss: 0.2370
2026-05-02 06:42:29,999 - INFO - Epoch 4 [280/1217] - Loss: 0.2372
2026-05-02 06:42:33,147 - INFO - Epoch 4 [290/1217] - Loss: 0.2373
2026-05-02 06:42:36,310 - INFO - Epoch 4 [300/1217] - Loss: 0.2357
2026-05-02 06:42:39,449 - INFO - Epoch 4 [310/1217] - Loss: 0.2328
2026-05-02 06:42:42,755 - INFO - Epoch 4 [320/1217] - Loss: 0.2343
2026-05-02 06:42:46,066 - INFO - Epoch 4 [330/1217] - Loss: 0.2347
2026-05-02 06:42:49,286 - INFO - Epoch 4 [340/1217] - Loss: 0.2407
2026-05-02 06:42:52,578 - INFO - Epoch 4 [350/1217] - Loss: 0.2408
2026-05-02 06:42:55,869 - INFO - Epoch 4 [360/1217] - Loss: 0.2401
2026-05-02 06:42:59,096 - INFO - Epoch 4 [370/1217] - Loss: 0.2393
2026-05-02 06:43:02,359 - INFO - Epoch 4 [380/1217] - Loss: 0.2392
2026-05-02 06:43:05,666 - INFO - Epoch 4 [390/1217] - Loss: 0.2401
2026-05-02 06:43:08,933 - INFO - Epoch 4 [400/1217] - Loss: 0.2404
2026-05-02 06:43:12,216 - INFO - Epoch 4 [410/1217] - Loss: 0.2380
2026-05-02 06:43:15,267 - INFO - Epoch 4 [420/1217] - Loss: 0.2381
2026-05-02 06:43:18,586 - INFO - Epoch 4 [430/1217] - Loss: 0.2369
2026-05-02 06:43:21,871 - INFO - Epoch 4 [440/1217] - Loss: 0.2385
2026-05-02 06:43:25,190 - INFO - Epoch 4 [450/1217] - Loss: 0.2385
2026-05-02 06:43:28,390 - INFO - Epoch 4 [460/1217] - Loss: 0.2392
2026-05-02 06:43:31,598 - INFO - Epoch 4 [470/1217] - Loss: 0.2414
2026-05-02 06:43:34,939 - INFO - Epoch 4 [480/1217] - Loss: 0.2401
2026-05-02 06:43:38,231 - INFO - Epoch 4 [490/1217] - Loss: 0.2387
2026-05-02 06:43:41,387 - INFO - Epoch 4 [500/1217] - Loss: 0.2373
2026-05-02 06:43:44,711 - INFO - Epoch 4 [510/1217] - Loss: 0.2387
2026-05-02 06:43:48,033 - INFO - Epoch 4 [520/1217] - Loss: 0.2383
2026-05-02 06:43:51,339 - INFO - Epoch 4 [530/1217] - Loss: 0.2374
2026-05-02 06:43:54,564 - INFO - Epoch 4 [540/1217] - Loss: 0.2368
2026-05-02 06:43:57,849 - INFO - Epoch 4 [550/1217] - Loss: 0.2370
2026-05-02 06:44:01,121 - INFO - Epoch 4 [560/1217] - Loss: 0.2371
2026-05-02 06:44:04,418 - INFO - Epoch 4 [570/1217] - Loss: 0.2361
2026-05-02 06:44:07,678 - INFO - Epoch 4 [580/1217] - Loss: 0.2355
2026-05-02 06:44:10,773 - INFO - Epoch 4 [590/1217] - Loss: 0.2354
2026-05-02 06:44:13,881 - INFO - Epoch 4 [600/1217] - Loss: 0.2374
2026-05-02 06:44:17,162 - INFO - Epoch 4 [610/1217] - Loss: 0.2377
2026-05-02 06:44:20,439 - INFO - Epoch 4 [620/1217] - Loss: 0.2373
2026-05-02 06:44:23,724 - INFO - Epoch 4 [630/1217] - Loss: 0.2371
2026-05-02 06:44:26,996 - INFO - Epoch 4 [640/1217] - Loss: 0.2389
2026-05-02 06:44:30,288 - INFO - Epoch 4 [650/1217] - Loss: 0.2403
2026-05-02 06:44:33,605 - INFO - Epoch 4 [660/1217] - Loss: 0.2399
2026-05-02 06:44:36,807 - INFO - Epoch 4 [670/1217] - Loss: 0.2391
2026-05-02 06:44:40,145 - INFO - Epoch 4 [680/1217] - Loss: 0.2389
2026-05-02 06:44:43,400 - INFO - Epoch 4 [690/1217] - Loss: 0.2385
2026-05-02 06:44:46,579 - INFO - Epoch 4 [700/1217] - Loss: 0.2379
2026-05-02 06:44:49,874 - INFO - Epoch 4 [710/1217] - Loss: 0.2362
2026-05-02 06:44:53,181 - INFO - Epoch 4 [720/1217] - Loss: 0.2361
2026-05-02 06:44:56,333 - INFO - Epoch 4 [730/1217] - Loss: 0.2356
2026-05-02 06:44:59,682 - INFO - Epoch 4 [740/1217] - Loss: 0.2361
2026-05-02 06:45:02,997 - INFO - Epoch 4 [750/1217] - Loss: 0.2364
2026-05-02 06:45:06,235 - INFO - Epoch 4 [760/1217] - Loss: 0.2365
2026-05-02 06:45:09,452 - INFO - Epoch 4 [770/1217] - Loss: 0.2359
2026-05-02 06:45:12,608 - INFO - Epoch 4 [780/1217] - Loss: 0.2355
2026-05-02 06:45:15,840 - INFO - Epoch 4 [790/1217] - Loss: 0.2347
2026-05-02 06:45:19,135 - INFO - Epoch 4 [800/1217] - Loss: 0.2339
2026-05-02 06:45:22,341 - INFO - Epoch 4 [810/1217] - Loss: 0.2358
2026-05-02 06:45:25,563 - INFO - Epoch 4 [820/1217] - Loss: 0.2361
2026-05-02 06:45:28,824 - INFO - Epoch 4 [830/1217] - Loss: 0.2357
2026-05-02 06:45:32,095 - INFO - Epoch 4 [840/1217] - Loss: 0.2361
2026-05-02 06:45:35,287 - INFO - Epoch 4 [850/1217] - Loss: 0.2393
2026-05-02 06:45:38,488 - INFO - Epoch 4 [860/1217] - Loss: 0.2403
2026-05-02 06:45:41,727 - INFO - Epoch 4 [870/1217] - Loss: 0.2428
2026-05-02 06:45:44,826 - INFO - Epoch 4 [880/1217] - Loss: 0.2423
2026-05-02 06:45:48,108 - INFO - Epoch 4 [890/1217] - Loss: 0.2419
2026-05-02 06:45:51,344 - INFO - Epoch 4 [900/1217] - Loss: 0.2421
2026-05-02 06:45:54,665 - INFO - Epoch 4 [910/1217] - Loss: 0.2432
2026-05-02 06:45:57,864 - INFO - Epoch 4 [920/1217] - Loss: 0.2429
2026-05-02 06:46:01,115 - INFO - Epoch 4 [930/1217] - Loss: 0.2422
2026-05-02 06:46:04,423 - INFO - Epoch 4 [940/1217] - Loss: 0.2420
2026-05-02 06:46:07,615 - INFO - Epoch 4 [950/1217] - Loss: 0.2431
2026-05-02 06:46:10,961 - INFO - Epoch 4 [960/1217] - Loss: 0.2434
2026-05-02 06:46:14,233 - INFO - Epoch 4 [970/1217] - Loss: 0.2437
2026-05-02 06:46:17,449 - INFO - Epoch 4 [980/1217] - Loss: 0.2431
2026-05-02 06:46:20,690 - INFO - Epoch 4 [990/1217] - Loss: 0.2425
2026-05-02 06:46:23,891 - INFO - Epoch 4 [1000/1217] - Loss: 0.2460
2026-05-02 06:46:27,067 - INFO - Epoch 4 [1010/1217] - Loss: 0.2457
2026-05-02 06:46:30,219 - INFO - Epoch 4 [1020/1217] - Loss: 0.2464
2026-05-02 06:46:33,436 - INFO - Epoch 4 [1030/1217] - Loss: 0.2457
2026-05-02 06:46:36,714 - INFO - Epoch 4 [1040/1217] - Loss: 0.2480
2026-05-02 06:46:40,009 - INFO - Epoch 4 [1050/1217] - Loss: 0.2473
2026-05-02 06:46:43,282 - INFO - Epoch 4 [1060/1217] - Loss: 0.2474
2026-05-02 06:46:46,501 - INFO - Epoch 4 [1070/1217] - Loss: 0.2467
2026-05-02 06:46:49,801 - INFO - Epoch 4 [1080/1217] - Loss: 0.2459
2026-05-02 06:46:53,031 - INFO - Epoch 4 [1090/1217] - Loss: 0.2457
2026-05-02 06:46:56,382 - INFO - Epoch 4 [1100/1217] - Loss: 0.2453
2026-05-02 06:46:59,627 - INFO - Epoch 4 [1110/1217] - Loss: 0.2446
2026-05-02 06:47:02,911 - INFO - Epoch 4 [1120/1217] - Loss: 0.2449
2026-05-02 06:47:06,200 - INFO - Epoch 4 [1130/1217] - Loss: 0.2457
2026-05-02 06:47:09,474 - INFO - Epoch 4 [1140/1217] - Loss: 0.2456
2026-05-02 06:47:12,547 - INFO - Epoch 4 [1150/1217] - Loss: 0.2453
2026-05-02 06:47:15,727 - INFO - Epoch 4 [1160/1217] - Loss: 0.2453
2026-05-02 06:47:19,021 - INFO - Epoch 4 [1170/1217] - Loss: 0.2452
2026-05-02 06:47:22,255 - INFO - Epoch 4 [1180/1217] - Loss: 0.2448
2026-05-02 06:47:25,397 - INFO - Epoch 4 [1190/1217] - Loss: 0.2446
2026-05-02 06:47:28,711 - INFO - Epoch 4 [1200/1217] - Loss: 0.2442
2026-05-02 06:47:31,996 - INFO - Epoch 4 [1210/1217] - Loss: 0.2442
2026-05-02 06:48:39,119 - INFO - VAL Epoch 4 | Loss: 0.6306 | IoU: 0.8921 | Prec: 0.8463 | F1: 0.8587 | Acc: 0.7594 | MAPE_L: 6.28%
2026-05-02 06:48:39,492 - INFO -     [!] New Best Model Saved!
2026-05-02 06:48:40,288 - INFO - Epoch 5 [0/1217] - Loss: 0.0954
2026-05-02 06:48:43,605 - INFO - Epoch 5 [10/1217] - Loss: 0.1763
2026-05-02 06:48:46,824 - INFO - Epoch 5 [20/1217] - Loss: 0.1692
2026-05-02 06:48:50,059 - INFO - Epoch 5 [30/1217] - Loss: 0.1602
2026-05-02 06:48:53,350 - INFO - Epoch 5 [40/1217] - Loss: 0.1710
2026-05-02 06:48:56,559 - INFO - Epoch 5 [50/1217] - Loss: 0.1710
2026-05-02 06:48:59,812 - INFO - Epoch 5 [60/1217] - Loss: 0.1888
2026-05-02 06:49:03,032 - INFO - Epoch 5 [70/1217] - Loss: 0.2009
2026-05-02 06:49:06,175 - INFO - Epoch 5 [80/1217] - Loss: 0.2031
2026-05-02 06:49:09,227 - INFO - Epoch 5 [90/1217] - Loss: 0.2028
2026-05-02 06:49:12,306 - INFO - Epoch 5 [100/1217] - Loss: 0.1972
2026-05-02 06:49:15,556 - INFO - Epoch 5 [110/1217] - Loss: 0.2014
2026-05-02 06:49:18,790 - INFO - Epoch 5 [120/1217] - Loss: 0.2110
2026-05-02 06:49:22,148 - INFO - Epoch 5 [130/1217] - Loss: 0.2172
2026-05-02 06:49:25,406 - INFO - Epoch 5 [140/1217] - Loss: 0.2170
2026-05-02 06:49:28,654 - INFO - Epoch 5 [150/1217] - Loss: 0.2188
2026-05-02 06:49:31,852 - INFO - Epoch 5 [160/1217] - Loss: 0.2231
2026-05-02 06:49:35,088 - INFO - Epoch 5 [170/1217] - Loss: 0.2177
2026-05-02 06:49:38,324 - INFO - Epoch 5 [180/1217] - Loss: 0.2190
2026-05-02 06:49:41,459 - INFO - Epoch 5 [190/1217] - Loss: 0.2186
2026-05-02 06:49:44,655 - INFO - Epoch 5 [200/1217] - Loss: 0.2165
2026-05-02 06:49:47,918 - INFO - Epoch 5 [210/1217] - Loss: 0.2160
2026-05-02 06:49:51,169 - INFO - Epoch 5 [220/1217] - Loss: 0.2147
2026-05-02 06:49:54,351 - INFO - Epoch 5 [230/1217] - Loss: 0.2129
2026-05-02 06:49:57,463 - INFO - Epoch 5 [240/1217] - Loss: 0.2147
2026-05-02 06:50:00,659 - INFO - Epoch 5 [250/1217] - Loss: 0.2118
2026-05-02 06:50:03,954 - INFO - Epoch 5 [260/1217] - Loss: 0.2125
2026-05-02 06:50:07,236 - INFO - Epoch 5 [270/1217] - Loss: 0.2131
2026-05-02 06:50:10,503 - INFO - Epoch 5 [280/1217] - Loss: 0.2153
2026-05-02 06:50:13,771 - INFO - Epoch 5 [290/1217] - Loss: 0.2153
2026-05-02 06:50:16,965 - INFO - Epoch 5 [300/1217] - Loss: 0.2133
2026-05-02 06:50:20,257 - INFO - Epoch 5 [310/1217] - Loss: 0.2152
2026-05-02 06:50:23,444 - INFO - Epoch 5 [320/1217] - Loss: 0.2153
2026-05-02 06:50:26,629 - INFO - Epoch 5 [330/1217] - Loss: 0.2190
2026-05-02 06:50:29,847 - INFO - Epoch 5 [340/1217] - Loss: 0.2184
2026-05-02 06:50:33,066 - INFO - Epoch 5 [350/1217] - Loss: 0.2175
2026-05-02 06:50:36,234 - INFO - Epoch 5 [360/1217] - Loss: 0.2165
2026-05-02 06:50:39,397 - INFO - Epoch 5 [370/1217] - Loss: 0.2168
2026-05-02 06:50:42,638 - INFO - Epoch 5 [380/1217] - Loss: 0.2165
2026-05-02 06:50:45,804 - INFO - Epoch 5 [390/1217] - Loss: 0.2159
2026-05-02 06:50:49,100 - INFO - Epoch 5 [400/1217] - Loss: 0.2155
2026-05-02 06:50:52,372 - INFO - Epoch 5 [410/1217] - Loss: 0.2136
2026-05-02 06:50:55,707 - INFO - Epoch 5 [420/1217] - Loss: 0.2141
2026-05-02 06:50:58,967 - INFO - Epoch 5 [430/1217] - Loss: 0.2136
2026-05-02 06:51:02,313 - INFO - Epoch 5 [440/1217] - Loss: 0.2122
2026-05-02 06:51:05,673 - INFO - Epoch 5 [450/1217] - Loss: 0.2105
2026-05-02 06:51:08,891 - INFO - Epoch 5 [460/1217] - Loss: 0.2090
2026-05-02 06:51:12,212 - INFO - Epoch 5 [470/1217] - Loss: 0.2078
2026-05-02 06:51:15,493 - INFO - Epoch 5 [480/1217] - Loss: 0.2086
2026-05-02 06:51:18,537 - INFO - Epoch 5 [490/1217] - Loss: 0.2084
2026-05-02 06:51:21,784 - INFO - Epoch 5 [500/1217] - Loss: 0.2084
2026-05-02 06:51:24,931 - INFO - Epoch 5 [510/1217] - Loss: 0.2076
2026-05-02 06:51:27,953 - INFO - Epoch 5 [520/1217] - Loss: 0.2069
2026-05-02 06:51:31,290 - INFO - Epoch 5 [530/1217] - Loss: 0.2068
2026-05-02 06:51:34,530 - INFO - Epoch 5 [540/1217] - Loss: 0.2072
2026-05-02 06:51:37,745 - INFO - Epoch 5 [550/1217] - Loss: 0.2078
2026-05-02 06:51:40,975 - INFO - Epoch 5 [560/1217] - Loss: 0.2073
2026-05-02 06:51:44,207 - INFO - Epoch 5 [570/1217] - Loss: 0.2090
2026-05-02 06:51:47,496 - INFO - Epoch 5 [580/1217] - Loss: 0.2095
2026-05-02 06:51:50,713 - INFO - Epoch 5 [590/1217] - Loss: 0.2104
2026-05-02 06:51:53,903 - INFO - Epoch 5 [600/1217] - Loss: 0.2124
2026-05-02 06:51:57,195 - INFO - Epoch 5 [610/1217] - Loss: 0.2118
2026-05-02 06:52:00,487 - INFO - Epoch 5 [620/1217] - Loss: 0.2115
2026-05-02 06:52:03,802 - INFO - Epoch 5 [630/1217] - Loss: 0.2115
2026-05-02 06:52:06,984 - INFO - Epoch 5 [640/1217] - Loss: 0.2128
2026-05-02 06:52:10,242 - INFO - Epoch 5 [650/1217] - Loss: 0.2156
2026-05-02 06:52:13,505 - INFO - Epoch 5 [660/1217] - Loss: 0.2154
2026-05-02 06:52:16,764 - INFO - Epoch 5 [670/1217] - Loss: 0.2156
2026-05-02 06:52:20,087 - INFO - Epoch 5 [680/1217] - Loss: 0.2156
2026-05-02 06:52:23,359 - INFO - Epoch 5 [690/1217] - Loss: 0.2154
2026-05-02 06:52:26,503 - INFO - Epoch 5 [700/1217] - Loss: 0.2145
2026-05-02 06:52:29,786 - INFO - Epoch 5 [710/1217] - Loss: 0.2136
2026-05-02 06:52:33,027 - INFO - Epoch 5 [720/1217] - Loss: 0.2157
2026-05-02 06:52:36,304 - INFO - Epoch 5 [730/1217] - Loss: 0.2148
2026-05-02 06:52:39,582 - INFO - Epoch 5 [740/1217] - Loss: 0.2137
2026-05-02 06:52:42,908 - INFO - Epoch 5 [750/1217] - Loss: 0.2131
2026-05-02 06:52:46,116 - INFO - Epoch 5 [760/1217] - Loss: 0.2130
2026-05-02 06:52:49,426 - INFO - Epoch 5 [770/1217] - Loss: 0.2126
2026-05-02 06:52:52,660 - INFO - Epoch 5 [780/1217] - Loss: 0.2122
2026-05-02 06:52:55,925 - INFO - Epoch 5 [790/1217] - Loss: 0.2116
2026-05-02 06:52:59,213 - INFO - Epoch 5 [800/1217] - Loss: 0.2112
2026-05-02 06:53:02,398 - INFO - Epoch 5 [810/1217] - Loss: 0.2119
2026-05-02 06:53:05,696 - INFO - Epoch 5 [820/1217] - Loss: 0.2111
2026-05-02 06:53:08,953 - INFO - Epoch 5 [830/1217] - Loss: 0.2109
2026-05-02 06:53:12,218 - INFO - Epoch 5 [840/1217] - Loss: 0.2112
2026-05-02 06:53:15,414 - INFO - Epoch 5 [850/1217] - Loss: 0.2119
2026-05-02 06:53:18,758 - INFO - Epoch 5 [860/1217] - Loss: 0.2131
2026-05-02 06:53:22,054 - INFO - Epoch 5 [870/1217] - Loss: 0.2142
2026-05-02 06:53:25,320 - INFO - Epoch 5 [880/1217] - Loss: 0.2142
2026-05-02 06:53:28,516 - INFO - Epoch 5 [890/1217] - Loss: 0.2137
2026-05-02 06:53:31,827 - INFO - Epoch 5 [900/1217] - Loss: 0.2129
2026-05-02 06:53:35,093 - INFO - Epoch 5 [910/1217] - Loss: 0.2126
2026-05-02 06:53:38,328 - INFO - Epoch 5 [920/1217] - Loss: 0.2124
2026-05-02 06:53:41,566 - INFO - Epoch 5 [930/1217] - Loss: 0.2117
2026-05-02 06:53:44,918 - INFO - Epoch 5 [940/1217] - Loss: 0.2132
2026-05-02 06:53:48,134 - INFO - Epoch 5 [950/1217] - Loss: 0.2124
2026-05-02 06:53:51,436 - INFO - Epoch 5 [960/1217] - Loss: 0.2126
2026-05-02 06:53:54,667 - INFO - Epoch 5 [970/1217] - Loss: 0.2121
2026-05-02 06:53:57,925 - INFO - Epoch 5 [980/1217] - Loss: 0.2127
2026-05-02 06:54:01,176 - INFO - Epoch 5 [990/1217] - Loss: 0.2125
2026-05-02 06:54:04,420 - INFO - Epoch 5 [1000/1217] - Loss: 0.2129
2026-05-02 06:54:07,681 - INFO - Epoch 5 [1010/1217] - Loss: 0.2132
2026-05-02 06:54:10,989 - INFO - Epoch 5 [1020/1217] - Loss: 0.2134
2026-05-02 06:54:14,326 - INFO - Epoch 5 [1030/1217] - Loss: 0.2134
2026-05-02 06:54:17,362 - INFO - Epoch 5 [1040/1217] - Loss: 0.2129
2026-05-02 06:54:20,664 - INFO - Epoch 5 [1050/1217] - Loss: 0.2125
2026-05-02 06:54:23,952 - INFO - Epoch 5 [1060/1217] - Loss: 0.2134
2026-05-02 06:54:27,205 - INFO - Epoch 5 [1070/1217] - Loss: 0.2134
2026-05-02 06:54:30,389 - INFO - Epoch 5 [1080/1217] - Loss: 0.2129
2026-05-02 06:54:33,639 - INFO - Epoch 5 [1090/1217] - Loss: 0.2136
2026-05-02 06:54:36,952 - INFO - Epoch 5 [1100/1217] - Loss: 0.2133
2026-05-02 06:54:39,877 - INFO - Epoch 5 [1110/1217] - Loss: 0.2124
2026-05-02 06:54:43,025 - INFO - Epoch 5 [1120/1217] - Loss: 0.2130
2026-05-02 06:54:46,352 - INFO - Epoch 5 [1130/1217] - Loss: 0.2144
2026-05-02 06:54:49,667 - INFO - Epoch 5 [1140/1217] - Loss: 0.2147
2026-05-02 06:54:52,950 - INFO - Epoch 5 [1150/1217] - Loss: 0.2153
2026-05-02 06:54:56,226 - INFO - Epoch 5 [1160/1217] - Loss: 0.2161
2026-05-02 06:54:59,568 - INFO - Epoch 5 [1170/1217] - Loss: 0.2164
2026-05-02 06:55:02,724 - INFO - Epoch 5 [1180/1217] - Loss: 0.2171
2026-05-02 06:55:06,041 - INFO - Epoch 5 [1190/1217] - Loss: 0.2171
2026-05-02 06:55:09,259 - INFO - Epoch 5 [1200/1217] - Loss: 0.2172
2026-05-02 06:55:12,481 - INFO - Epoch 5 [1210/1217] - Loss: 0.2176
2026-05-02 06:56:24,501 - INFO - VAL Epoch 5 | Loss: 0.6568 | IoU: 0.8960 | Prec: 0.8623 | F1: 0.8637 | Acc: 0.7539 | MAPE_L: 5.85%
2026-05-02 06:56:25,529 - INFO - Epoch 6 [0/1217] - Loss: 0.0754
2026-05-02 06:56:28,815 - INFO - Epoch 6 [10/1217] - Loss: 0.1668
2026-05-02 06:56:32,105 - INFO - Epoch 6 [20/1217] - Loss: 0.2063
2026-05-02 06:56:35,417 - INFO - Epoch 6 [30/1217] - Loss: 0.2130
2026-05-02 06:56:38,689 - INFO - Epoch 6 [40/1217] - Loss: 0.2032
2026-05-02 06:56:42,044 - INFO - Epoch 6 [50/1217] - Loss: 0.1913
2026-05-02 06:56:45,103 - INFO - Epoch 6 [60/1217] - Loss: 0.2136
2026-05-02 06:56:48,195 - INFO - Epoch 6 [70/1217] - Loss: 0.2050
2026-05-02 06:56:51,407 - INFO - Epoch 6 [80/1217] - Loss: 0.2157
2026-05-02 06:56:54,680 - INFO - Epoch 6 [90/1217] - Loss: 0.2279
2026-05-02 06:56:58,041 - INFO - Epoch 6 [100/1217] - Loss: 0.2266
2026-05-02 06:57:01,287 - INFO - Epoch 6 [110/1217] - Loss: 0.2257
2026-05-02 06:57:04,590 - INFO - Epoch 6 [120/1217] - Loss: 0.2213
2026-05-02 06:57:07,864 - INFO - Epoch 6 [130/1217] - Loss: 0.2180
2026-05-02 06:57:11,127 - INFO - Epoch 6 [140/1217] - Loss: 0.2183
2026-05-02 06:57:14,412 - INFO - Epoch 6 [150/1217] - Loss: 0.2164
2026-05-02 06:57:17,668 - INFO - Epoch 6 [160/1217] - Loss: 0.2192
2026-05-02 06:57:20,939 - INFO - Epoch 6 [170/1217] - Loss: 0.2276
2026-05-02 06:57:24,275 - INFO - Epoch 6 [180/1217] - Loss: 0.2293
2026-05-02 06:57:27,530 - INFO - Epoch 6 [190/1217] - Loss: 0.2296
2026-05-02 06:57:30,832 - INFO - Epoch 6 [200/1217] - Loss: 0.2271
2026-05-02 06:57:34,154 - INFO - Epoch 6 [210/1217] - Loss: 0.2303
2026-05-02 06:57:37,413 - INFO - Epoch 6 [220/1217] - Loss: 0.2317
2026-05-02 06:57:40,524 - INFO - Epoch 6 [230/1217] - Loss: 0.2291
2026-05-02 06:57:43,773 - INFO - Epoch 6 [240/1217] - Loss: 0.2292
2026-05-02 06:57:47,044 - INFO - Epoch 6 [250/1217] - Loss: 0.2296
2026-05-02 06:57:50,368 - INFO - Epoch 6 [260/1217] - Loss: 0.2309
2026-05-02 06:57:53,570 - INFO - Epoch 6 [270/1217] - Loss: 0.2294
2026-05-02 06:57:56,802 - INFO - Epoch 6 [280/1217] - Loss: 0.2259
2026-05-02 06:57:59,983 - INFO - Epoch 6 [290/1217] - Loss: 0.2281
2026-05-02 06:58:03,241 - INFO - Epoch 6 [300/1217] - Loss: 0.2265
2026-05-02 06:58:06,516 - INFO - Epoch 6 [310/1217] - Loss: 0.2266
2026-05-02 06:58:09,761 - INFO - Epoch 6 [320/1217] - Loss: 0.2265
2026-05-02 06:58:13,120 - INFO - Epoch 6 [330/1217] - Loss: 0.2264
2026-05-02 06:58:16,290 - INFO - Epoch 6 [340/1217] - Loss: 0.2256
2026-05-02 06:58:19,560 - INFO - Epoch 6 [350/1217] - Loss: 0.2235
2026-05-02 06:58:22,765 - INFO - Epoch 6 [360/1217] - Loss: 0.2231
2026-05-02 06:58:26,031 - INFO - Epoch 6 [370/1217] - Loss: 0.2206
2026-05-02 06:58:29,186 - INFO - Epoch 6 [380/1217] - Loss: 0.2207
2026-05-02 06:58:32,379 - INFO - Epoch 6 [390/1217] - Loss: 0.2194
2026-05-02 06:58:35,700 - INFO - Epoch 6 [400/1217] - Loss: 0.2207
2026-05-02 06:58:38,998 - INFO - Epoch 6 [410/1217] - Loss: 0.2214
2026-05-02 06:58:42,305 - INFO - Epoch 6 [420/1217] - Loss: 0.2223
2026-05-02 06:58:45,531 - INFO - Epoch 6 [430/1217] - Loss: 0.2232
2026-05-02 06:58:48,803 - INFO - Epoch 6 [440/1217] - Loss: 0.2215
2026-05-02 06:58:51,942 - INFO - Epoch 6 [450/1217] - Loss: 0.2216
2026-05-02 06:58:55,203 - INFO - Epoch 6 [460/1217] - Loss: 0.2222
2026-05-02 06:58:58,453 - INFO - Epoch 6 [470/1217] - Loss: 0.2225
2026-05-02 06:59:01,686 - INFO - Epoch 6 [480/1217] - Loss: 0.2219
2026-05-02 06:59:05,036 - INFO - Epoch 6 [490/1217] - Loss: 0.2237
2026-05-02 06:59:08,077 - INFO - Epoch 6 [500/1217] - Loss: 0.2233
2026-05-02 06:59:11,410 - INFO - Epoch 6 [510/1217] - Loss: 0.2238
2026-05-02 06:59:14,707 - INFO - Epoch 6 [520/1217] - Loss: 0.2230
2026-05-02 06:59:17,954 - INFO - Epoch 6 [530/1217] - Loss: 0.2215
2026-05-02 06:59:21,240 - INFO - Epoch 6 [540/1217] - Loss: 0.2251
2026-05-02 06:59:24,513 - INFO - Epoch 6 [550/1217] - Loss: 0.2255
2026-05-02 06:59:27,740 - INFO - Epoch 6 [560/1217] - Loss: 0.2246
2026-05-02 06:59:30,868 - INFO - Epoch 6 [570/1217] - Loss: 0.2247
2026-05-02 06:59:34,159 - INFO - Epoch 6 [580/1217] - Loss: 0.2240
2026-05-02 06:59:37,454 - INFO - Epoch 6 [590/1217] - Loss: 0.2242
2026-05-02 06:59:40,713 - INFO - Epoch 6 [600/1217] - Loss: 0.2268
2026-05-02 06:59:43,898 - INFO - Epoch 6 [610/1217] - Loss: 0.2269
2026-05-02 06:59:47,139 - INFO - Epoch 6 [620/1217] - Loss: 0.2268
2026-05-02 06:59:50,275 - INFO - Epoch 6 [630/1217] - Loss: 0.2271
2026-05-02 06:59:53,583 - INFO - Epoch 6 [640/1217] - Loss: 0.2266
2026-05-02 06:59:56,785 - INFO - Epoch 6 [650/1217] - Loss: 0.2274
2026-05-02 07:00:00,034 - INFO - Epoch 6 [660/1217] - Loss: 0.2266
2026-05-02 07:00:03,325 - INFO - Epoch 6 [670/1217] - Loss: 0.2252
2026-05-02 07:00:06,596 - INFO - Epoch 6 [680/1217] - Loss: 0.2253
2026-05-02 07:00:09,824 - INFO - Epoch 6 [690/1217] - Loss: 0.2244
2026-05-02 07:00:13,048 - INFO - Epoch 6 [700/1217] - Loss: 0.2248
2026-05-02 07:00:16,311 - INFO - Epoch 6 [710/1217] - Loss: 0.2234
2026-05-02 07:00:19,584 - INFO - Epoch 6 [720/1217] - Loss: 0.2223
2026-05-02 07:00:22,891 - INFO - Epoch 6 [730/1217] - Loss: 0.2216
2026-05-02 07:00:26,101 - INFO - Epoch 6 [740/1217] - Loss: 0.2208
2026-05-02 07:00:29,270 - INFO - Epoch 6 [750/1217] - Loss: 0.2198
2026-05-02 07:00:32,541 - INFO - Epoch 6 [760/1217] - Loss: 0.2213
2026-05-02 07:00:35,835 - INFO - Epoch 6 [770/1217] - Loss: 0.2221
2026-05-02 07:00:39,125 - INFO - Epoch 6 [780/1217] - Loss: 0.2245
2026-05-02 07:00:42,257 - INFO - Epoch 6 [790/1217] - Loss: 0.2243
2026-05-02 07:00:45,541 - INFO - Epoch 6 [800/1217] - Loss: 0.2232
2026-05-02 07:00:48,647 - INFO - Epoch 6 [810/1217] - Loss: 0.2226
2026-05-02 07:00:51,911 - INFO - Epoch 6 [820/1217] - Loss: 0.2218
2026-05-02 07:00:55,236 - INFO - Epoch 6 [830/1217] - Loss: 0.2227
2026-05-02 07:00:58,524 - INFO - Epoch 6 [840/1217] - Loss: 0.2228
2026-05-02 07:01:01,794 - INFO - Epoch 6 [850/1217] - Loss: 0.2227
2026-05-02 07:01:04,946 - INFO - Epoch 6 [860/1217] - Loss: 0.2220
2026-05-02 07:01:08,082 - INFO - Epoch 6 [870/1217] - Loss: 0.2215
2026-05-02 07:01:11,350 - INFO - Epoch 6 [880/1217] - Loss: 0.2208
2026-05-02 07:01:14,678 - INFO - Epoch 6 [890/1217] - Loss: 0.2200
2026-05-02 07:01:17,897 - INFO - Epoch 6 [900/1217] - Loss: 0.2194
2026-05-02 07:01:20,950 - INFO - Epoch 6 [910/1217] - Loss: 0.2203
2026-05-02 07:01:24,175 - INFO - Epoch 6 [920/1217] - Loss: 0.2197
2026-05-02 07:01:27,413 - INFO - Epoch 6 [930/1217] - Loss: 0.2193
2026-05-02 07:01:30,746 - INFO - Epoch 6 [940/1217] - Loss: 0.2185
2026-05-02 07:01:33,952 - INFO - Epoch 6 [950/1217] - Loss: 0.2186
2026-05-02 07:01:37,119 - INFO - Epoch 6 [960/1217] - Loss: 0.2189
2026-05-02 07:01:40,399 - INFO - Epoch 6 [970/1217] - Loss: 0.2182
2026-05-02 07:01:43,561 - INFO - Epoch 6 [980/1217] - Loss: 0.2186
2026-05-02 07:01:46,863 - INFO - Epoch 6 [990/1217] - Loss: 0.2181
2026-05-02 07:01:50,186 - INFO - Epoch 6 [1000/1217] - Loss: 0.2176
2026-05-02 07:01:53,436 - INFO - Epoch 6 [1010/1217] - Loss: 0.2168
2026-05-02 07:01:56,708 - INFO - Epoch 6 [1020/1217] - Loss: 0.2160
2026-05-02 07:01:59,866 - INFO - Epoch 6 [1030/1217] - Loss: 0.2167
2026-05-02 07:02:03,057 - INFO - Epoch 6 [1040/1217] - Loss: 0.2164
2026-05-02 07:02:06,217 - INFO - Epoch 6 [1050/1217] - Loss: 0.2170
2026-05-02 07:02:09,307 - INFO - Epoch 6 [1060/1217] - Loss: 0.2171
2026-05-02 07:02:12,646 - INFO - Epoch 6 [1070/1217] - Loss: 0.2166
2026-05-02 07:02:15,907 - INFO - Epoch 6 [1080/1217] - Loss: 0.2160
2026-05-02 07:02:19,240 - INFO - Epoch 6 [1090/1217] - Loss: 0.2158
2026-05-02 07:02:22,449 - INFO - Epoch 6 [1100/1217] - Loss: 0.2158
2026-05-02 07:02:25,675 - INFO - Epoch 6 [1110/1217] - Loss: 0.2168
2026-05-02 07:02:28,755 - INFO - Epoch 6 [1120/1217] - Loss: 0.2164
2026-05-02 07:02:31,979 - INFO - Epoch 6 [1130/1217] - Loss: 0.2163
2026-05-02 07:02:35,174 - INFO - Epoch 6 [1140/1217] - Loss: 0.2177
2026-05-02 07:02:38,375 - INFO - Epoch 6 [1150/1217] - Loss: 0.2181
2026-05-02 07:02:41,604 - INFO - Epoch 6 [1160/1217] - Loss: 0.2177
2026-05-02 07:02:44,869 - INFO - Epoch 6 [1170/1217] - Loss: 0.2176
2026-05-02 07:02:48,169 - INFO - Epoch 6 [1180/1217] - Loss: 0.2180
2026-05-02 07:02:51,524 - INFO - Epoch 6 [1190/1217] - Loss: 0.2185
2026-05-02 07:02:54,790 - INFO - Epoch 6 [1200/1217] - Loss: 0.2181
2026-05-02 07:02:57,934 - INFO - Epoch 6 [1210/1217] - Loss: 0.2179
2026-05-02 07:04:10,551 - INFO - VAL Epoch 6 | Loss: 0.6274 | IoU: 0.8955 | Prec: 0.8371 | F1: 0.8561 | Acc: 0.7256 | MAPE_L: 5.98%
2026-05-02 07:04:11,690 - INFO - Epoch 7 [0/1217] - Loss: 0.1030
2026-05-02 07:04:14,942 - INFO - Epoch 7 [10/1217] - Loss: 0.1803
2026-05-02 07:04:18,222 - INFO - Epoch 7 [20/1217] - Loss: 0.2174
2026-05-02 07:04:21,372 - INFO - Epoch 7 [30/1217] - Loss: 0.2312
2026-05-02 07:04:24,527 - INFO - Epoch 7 [40/1217] - Loss: 0.2505
2026-05-02 07:04:27,806 - INFO - Epoch 7 [50/1217] - Loss: 0.2339
2026-05-02 07:04:31,032 - INFO - Epoch 7 [60/1217] - Loss: 0.2171
2026-05-02 07:04:34,341 - INFO - Epoch 7 [70/1217] - Loss: 0.2192
2026-05-02 07:04:37,609 - INFO - Epoch 7 [80/1217] - Loss: 0.2066
2026-05-02 07:04:40,867 - INFO - Epoch 7 [90/1217] - Loss: 0.2028
2026-05-02 07:04:44,154 - INFO - Epoch 7 [100/1217] - Loss: 0.2038
2026-05-02 07:04:47,322 - INFO - Epoch 7 [110/1217] - Loss: 0.2048
2026-05-02 07:04:50,547 - INFO - Epoch 7 [120/1217] - Loss: 0.1991
2026-05-02 07:04:53,820 - INFO - Epoch 7 [130/1217] - Loss: 0.1998
2026-05-02 07:04:57,124 - INFO - Epoch 7 [140/1217] - Loss: 0.2016
2026-05-02 07:05:00,382 - INFO - Epoch 7 [150/1217] - Loss: 0.2028
2026-05-02 07:05:03,647 - INFO - Epoch 7 [160/1217] - Loss: 0.2012
2026-05-02 07:05:06,822 - INFO - Epoch 7 [170/1217] - Loss: 0.2017
2026-05-02 07:05:10,066 - INFO - Epoch 7 [180/1217] - Loss: 0.2000
2026-05-02 07:05:13,174 - INFO - Epoch 7 [190/1217] - Loss: 0.2009
2026-05-02 07:05:16,491 - INFO - Epoch 7 [200/1217] - Loss: 0.2023
2026-05-02 07:05:19,819 - INFO - Epoch 7 [210/1217] - Loss: 0.2080
2026-05-02 07:05:22,973 - INFO - Epoch 7 [220/1217] - Loss: 0.2103
2026-05-02 07:05:26,286 - INFO - Epoch 7 [230/1217] - Loss: 0.2119
2026-05-02 07:05:29,618 - INFO - Epoch 7 [240/1217] - Loss: 0.2128
2026-05-02 07:05:32,846 - INFO - Epoch 7 [250/1217] - Loss: 0.2151
2026-05-02 07:05:36,052 - INFO - Epoch 7 [260/1217] - Loss: 0.2138
2026-05-02 07:05:39,264 - INFO - Epoch 7 [270/1217] - Loss: 0.2136
2026-05-02 07:05:42,467 - INFO - Epoch 7 [280/1217] - Loss: 0.2129
2026-05-02 07:05:45,699 - INFO - Epoch 7 [290/1217] - Loss: 0.2121
2026-05-02 07:05:49,049 - INFO - Epoch 7 [300/1217] - Loss: 0.2168
2026-05-02 07:05:52,398 - INFO - Epoch 7 [310/1217] - Loss: 0.2152
2026-05-02 07:05:55,612 - INFO - Epoch 7 [320/1217] - Loss: 0.2154
2026-05-02 07:05:58,900 - INFO - Epoch 7 [330/1217] - Loss: 0.2160
2026-05-02 07:06:02,233 - INFO - Epoch 7 [340/1217] - Loss: 0.2171
2026-05-02 07:06:05,525 - INFO - Epoch 7 [350/1217] - Loss: 0.2229
2026-05-02 07:06:08,575 - INFO - Epoch 7 [360/1217] - Loss: 0.2233
2026-05-02 07:06:11,905 - INFO - Epoch 7 [370/1217] - Loss: 0.2239
2026-05-02 07:06:15,059 - INFO - Epoch 7 [380/1217] - Loss: 0.2250
2026-05-02 07:06:18,325 - INFO - Epoch 7 [390/1217] - Loss: 0.2231
2026-05-02 07:06:21,263 - INFO - Epoch 7 [400/1217] - Loss: 0.2222
2026-05-02 07:06:24,527 - INFO - Epoch 7 [410/1217] - Loss: 0.2217
2026-05-02 07:06:27,832 - INFO - Epoch 7 [420/1217] - Loss: 0.2210
2026-05-02 07:06:30,897 - INFO - Epoch 7 [430/1217] - Loss: 0.2202
2026-05-02 07:06:34,219 - INFO - Epoch 7 [440/1217] - Loss: 0.2196
2026-05-02 07:06:37,250 - INFO - Epoch 7 [450/1217] - Loss: 0.2217
2026-05-02 07:06:40,556 - INFO - Epoch 7 [460/1217] - Loss: 0.2210
2026-05-02 07:06:43,858 - INFO - Epoch 7 [470/1217] - Loss: 0.2198
2026-05-02 07:06:47,106 - INFO - Epoch 7 [480/1217] - Loss: 0.2211
2026-05-02 07:06:50,291 - INFO - Epoch 7 [490/1217] - Loss: 0.2202
2026-05-02 07:06:53,595 - INFO - Epoch 7 [500/1217] - Loss: 0.2197
2026-05-02 07:06:56,819 - INFO - Epoch 7 [510/1217] - Loss: 0.2201
2026-05-02 07:06:59,996 - INFO - Epoch 7 [520/1217] - Loss: 0.2207
2026-05-02 07:07:03,246 - INFO - Epoch 7 [530/1217] - Loss: 0.2196
2026-05-02 07:07:06,559 - INFO - Epoch 7 [540/1217] - Loss: 0.2202
2026-05-02 07:07:09,869 - INFO - Epoch 7 [550/1217] - Loss: 0.2204
2026-05-02 07:07:13,118 - INFO - Epoch 7 [560/1217] - Loss: 0.2198
2026-05-02 07:07:16,391 - INFO - Epoch 7 [570/1217] - Loss: 0.2182
2026-05-02 07:07:19,701 - INFO - Epoch 7 [580/1217] - Loss: 0.2185
2026-05-02 07:07:23,033 - INFO - Epoch 7 [590/1217] - Loss: 0.2206
2026-05-02 07:07:26,249 - INFO - Epoch 7 [600/1217] - Loss: 0.2194
2026-05-02 07:07:29,556 - INFO - Epoch 7 [610/1217] - Loss: 0.2191
2026-05-02 07:07:32,901 - INFO - Epoch 7 [620/1217] - Loss: 0.2212
2026-05-02 07:07:36,180 - INFO - Epoch 7 [630/1217] - Loss: 0.2204
2026-05-02 07:07:39,300 - INFO - Epoch 7 [640/1217] - Loss: 0.2198
2026-05-02 07:07:42,564 - INFO - Epoch 7 [650/1217] - Loss: 0.2207
2026-05-02 07:07:45,835 - INFO - Epoch 7 [660/1217] - Loss: 0.2201
2026-05-02 07:07:49,058 - INFO - Epoch 7 [670/1217] - Loss: 0.2209
2026-05-02 07:07:52,303 - INFO - Epoch 7 [680/1217] - Loss: 0.2196
2026-05-02 07:07:55,530 - INFO - Epoch 7 [690/1217] - Loss: 0.2197
2026-05-02 07:07:58,810 - INFO - Epoch 7 [700/1217] - Loss: 0.2201
2026-05-02 07:08:02,052 - INFO - Epoch 7 [710/1217] - Loss: 0.2211
2026-05-02 07:08:05,334 - INFO - Epoch 7 [720/1217] - Loss: 0.2205
2026-05-02 07:08:08,508 - INFO - Epoch 7 [730/1217] - Loss: 0.2212
2026-05-02 07:08:11,768 - INFO - Epoch 7 [740/1217] - Loss: 0.2210
2026-05-02 07:08:15,024 - INFO - Epoch 7 [750/1217] - Loss: 0.2200
2026-05-02 07:08:18,317 - INFO - Epoch 7 [760/1217] - Loss: 0.2195
2026-05-02 07:08:21,593 - INFO - Epoch 7 [770/1217] - Loss: 0.2188
2026-05-02 07:08:24,727 - INFO - Epoch 7 [780/1217] - Loss: 0.2181
2026-05-02 07:08:27,964 - INFO - Epoch 7 [790/1217] - Loss: 0.2173
2026-05-02 07:08:31,068 - INFO - Epoch 7 [800/1217] - Loss: 0.2179
2026-05-02 07:08:34,348 - INFO - Epoch 7 [810/1217] - Loss: 0.2176
2026-05-02 07:08:37,611 - INFO - Epoch 7 [820/1217] - Loss: 0.2176
2026-05-02 07:08:40,889 - INFO - Epoch 7 [830/1217] - Loss: 0.2181
2026-05-02 07:08:44,177 - INFO - Epoch 7 [840/1217] - Loss: 0.2210
2026-05-02 07:08:47,428 - INFO - Epoch 7 [850/1217] - Loss: 0.2205
2026-05-02 07:08:50,635 - INFO - Epoch 7 [860/1217] - Loss: 0.2200
2026-05-02 07:08:53,840 - INFO - Epoch 7 [870/1217] - Loss: 0.2197
2026-05-02 07:08:57,092 - INFO - Epoch 7 [880/1217] - Loss: 0.2195
2026-05-02 07:09:00,327 - INFO - Epoch 7 [890/1217] - Loss: 0.2192
2026-05-02 07:09:03,509 - INFO - Epoch 7 [900/1217] - Loss: 0.2190
2026-05-02 07:09:06,756 - INFO - Epoch 7 [910/1217] - Loss: 0.2185
2026-05-02 07:09:10,093 - INFO - Epoch 7 [920/1217] - Loss: 0.2183
2026-05-02 07:09:13,351 - INFO - Epoch 7 [930/1217] - Loss: 0.2185
2026-05-02 07:09:16,683 - INFO - Epoch 7 [940/1217] - Loss: 0.2182
2026-05-02 07:09:19,864 - INFO - Epoch 7 [950/1217] - Loss: 0.2185
2026-05-02 07:09:23,028 - INFO - Epoch 7 [960/1217] - Loss: 0.2185
2026-05-02 07:09:26,311 - INFO - Epoch 7 [970/1217] - Loss: 0.2181
2026-05-02 07:09:29,491 - INFO - Epoch 7 [980/1217] - Loss: 0.2175
2026-05-02 07:09:32,727 - INFO - Epoch 7 [990/1217] - Loss: 0.2169
2026-05-02 07:09:35,971 - INFO - Epoch 7 [1000/1217] - Loss: 0.2167
2026-05-02 07:09:39,237 - INFO - Epoch 7 [1010/1217] - Loss: 0.2164
2026-05-02 07:09:42,477 - INFO - Epoch 7 [1020/1217] - Loss: 0.2161
2026-05-02 07:09:45,782 - INFO - Epoch 7 [1030/1217] - Loss: 0.2171
2026-05-02 07:09:49,156 - INFO - Epoch 7 [1040/1217] - Loss: 0.2169
2026-05-02 07:09:52,442 - INFO - Epoch 7 [1050/1217] - Loss: 0.2166
2026-05-02 07:09:55,793 - INFO - Epoch 7 [1060/1217] - Loss: 0.2163
2026-05-02 07:09:58,994 - INFO - Epoch 7 [1070/1217] - Loss: 0.2170
2026-05-02 07:10:02,341 - INFO - Epoch 7 [1080/1217] - Loss: 0.2181
2026-05-02 07:10:05,603 - INFO - Epoch 7 [1090/1217] - Loss: 0.2184
2026-05-02 07:10:08,871 - INFO - Epoch 7 [1100/1217] - Loss: 0.2183
2026-05-02 07:10:12,073 - INFO - Epoch 7 [1110/1217] - Loss: 0.2174
2026-05-02 07:10:15,337 - INFO - Epoch 7 [1120/1217] - Loss: 0.2170
2026-05-02 07:10:18,641 - INFO - Epoch 7 [1130/1217] - Loss: 0.2170
2026-05-02 07:10:21,920 - INFO - Epoch 7 [1140/1217] - Loss: 0.2168
2026-05-02 07:10:25,053 - INFO - Epoch 7 [1150/1217] - Loss: 0.2168
2026-05-02 07:10:28,291 - INFO - Epoch 7 [1160/1217] - Loss: 0.2170
2026-05-02 07:10:31,531 - INFO - Epoch 7 [1170/1217] - Loss: 0.2171
2026-05-02 07:10:34,778 - INFO - Epoch 7 [1180/1217] - Loss: 0.2168
2026-05-02 07:10:37,821 - INFO - Epoch 7 [1190/1217] - Loss: 0.2166
2026-05-02 07:10:41,125 - INFO - Epoch 7 [1200/1217] - Loss: 0.2173
2026-05-02 07:10:44,431 - INFO - Epoch 7 [1210/1217] - Loss: 0.2168
2026-05-02 07:11:56,922 - INFO - VAL Epoch 7 | Loss: 0.6986 | IoU: 0.8842 | Prec: 0.8501 | F1: 0.8577 | Acc: 0.7241 | MAPE_L: 5.58%
2026-05-02 07:11:58,031 - INFO - Epoch 8 [0/1217] - Loss: 0.0775
2026-05-02 07:12:01,317 - INFO - Epoch 8 [10/1217] - Loss: 0.2296
2026-05-02 07:12:04,607 - INFO - Epoch 8 [20/1217] - Loss: 0.2522
2026-05-02 07:12:07,722 - INFO - Epoch 8 [30/1217] - Loss: 0.2370
2026-05-02 07:12:10,988 - INFO - Epoch 8 [40/1217] - Loss: 0.2282
2026-05-02 07:12:14,288 - INFO - Epoch 8 [50/1217] - Loss: 0.2353
2026-05-02 07:12:17,590 - INFO - Epoch 8 [60/1217] - Loss: 0.2367
2026-05-02 07:12:20,796 - INFO - Epoch 8 [70/1217] - Loss: 0.2257
2026-05-02 07:12:24,051 - INFO - Epoch 8 [80/1217] - Loss: 0.2329
2026-05-02 07:12:27,220 - INFO - Epoch 8 [90/1217] - Loss: 0.2280
2026-05-02 07:12:30,488 - INFO - Epoch 8 [100/1217] - Loss: 0.2261
2026-05-02 07:12:33,767 - INFO - Epoch 8 [110/1217] - Loss: 0.2226
2026-05-02 07:12:37,000 - INFO - Epoch 8 [120/1217] - Loss: 0.2146
2026-05-02 07:12:40,191 - INFO - Epoch 8 [130/1217] - Loss: 0.2137
2026-05-02 07:12:43,429 - INFO - Epoch 8 [140/1217] - Loss: 0.2110
2026-05-02 07:12:46,718 - INFO - Epoch 8 [150/1217] - Loss: 0.2087
2026-05-02 07:12:49,996 - INFO - Epoch 8 [160/1217] - Loss: 0.2061
2026-05-02 07:12:53,268 - INFO - Epoch 8 [170/1217] - Loss: 0.2052
2026-05-02 07:12:56,486 - INFO - Epoch 8 [180/1217] - Loss: 0.2047
2026-05-02 07:12:59,806 - INFO - Epoch 8 [190/1217] - Loss: 0.2097
2026-05-02 07:13:03,019 - INFO - Epoch 8 [200/1217] - Loss: 0.2105
2026-05-02 07:13:06,350 - INFO - Epoch 8 [210/1217] - Loss: 0.2095
2026-05-02 07:13:09,617 - INFO - Epoch 8 [220/1217] - Loss: 0.2086
2026-05-02 07:13:12,790 - INFO - Epoch 8 [230/1217] - Loss: 0.2094
2026-05-02 07:13:16,039 - INFO - Epoch 8 [240/1217] - Loss: 0.2108
2026-05-02 07:13:19,393 - INFO - Epoch 8 [250/1217] - Loss: 0.2084
2026-05-02 07:13:22,735 - INFO - Epoch 8 [260/1217] - Loss: 0.2094
2026-05-02 07:13:26,044 - INFO - Epoch 8 [270/1217] - Loss: 0.2077
2026-05-02 07:13:29,216 - INFO - Epoch 8 [280/1217] - Loss: 0.2076
2026-05-02 07:13:32,349 - INFO - Epoch 8 [290/1217] - Loss: 0.2047
2026-05-02 07:13:35,608 - INFO - Epoch 8 [300/1217] - Loss: 0.2025
2026-05-02 07:13:38,904 - INFO - Epoch 8 [310/1217] - Loss: 0.2039
2026-05-02 07:13:42,248 - INFO - Epoch 8 [320/1217] - Loss: 0.2040
2026-05-02 07:13:45,367 - INFO - Epoch 8 [330/1217] - Loss: 0.2029
2026-05-02 07:13:48,609 - INFO - Epoch 8 [340/1217] - Loss: 0.2063
2026-05-02 07:13:51,916 - INFO - Epoch 8 [350/1217] - Loss: 0.2061
2026-05-02 07:13:55,070 - INFO - Epoch 8 [360/1217] - Loss: 0.2040
2026-05-02 07:13:58,313 - INFO - Epoch 8 [370/1217] - Loss: 0.2038
2026-05-02 07:14:01,532 - INFO - Epoch 8 [380/1217] - Loss: 0.2026
2026-05-02 07:14:04,804 - INFO - Epoch 8 [390/1217] - Loss: 0.2041
2026-05-02 07:14:08,062 - INFO - Epoch 8 [400/1217] - Loss: 0.2028
2026-05-02 07:14:11,318 - INFO - Epoch 8 [410/1217] - Loss: 0.2033
2026-05-02 07:14:14,495 - INFO - Epoch 8 [420/1217] - Loss: 0.2032
2026-05-02 07:14:17,792 - INFO - Epoch 8 [430/1217] - Loss: 0.2035
2026-05-02 07:14:21,098 - INFO - Epoch 8 [440/1217] - Loss: 0.2035
2026-05-02 07:14:24,387 - INFO - Epoch 8 [450/1217] - Loss: 0.2032
2026-05-02 07:14:27,578 - INFO - Epoch 8 [460/1217] - Loss: 0.2029
2026-05-02 07:14:30,838 - INFO - Epoch 8 [470/1217] - Loss: 0.2026
2026-05-02 07:14:34,096 - INFO - Epoch 8 [480/1217] - Loss: 0.2023
2026-05-02 07:14:37,439 - INFO - Epoch 8 [490/1217] - Loss: 0.2024
2026-05-02 07:14:40,747 - INFO - Epoch 8 [500/1217] - Loss: 0.2034
2026-05-02 07:14:44,048 - INFO - Epoch 8 [510/1217] - Loss: 0.2038
2026-05-02 07:14:47,384 - INFO - Epoch 8 [520/1217] - Loss: 0.2035
2026-05-02 07:14:50,667 - INFO - Epoch 8 [530/1217] - Loss: 0.2052
2026-05-02 07:14:53,930 - INFO - Epoch 8 [540/1217] - Loss: 0.2067
2026-05-02 07:14:57,275 - INFO - Epoch 8 [550/1217] - Loss: 0.2067
2026-05-02 07:15:00,600 - INFO - Epoch 8 [560/1217] - Loss: 0.2058
2026-05-02 07:15:03,943 - INFO - Epoch 8 [570/1217] - Loss: 0.2045
2026-05-02 07:15:07,192 - INFO - Epoch 8 [580/1217] - Loss: 0.2048
2026-05-02 07:15:10,469 - INFO - Epoch 8 [590/1217] - Loss: 0.2052
2026-05-02 07:15:13,769 - INFO - Epoch 8 [600/1217] - Loss: 0.2047
2026-05-02 07:15:16,885 - INFO - Epoch 8 [610/1217] - Loss: 0.2060
2026-05-02 07:15:20,269 - INFO - Epoch 8 [620/1217] - Loss: 0.2062
2026-05-02 07:15:23,410 - INFO - Epoch 8 [630/1217] - Loss: 0.2066
2026-05-02 07:15:26,773 - INFO - Epoch 8 [640/1217] - Loss: 0.2066
2026-05-02 07:15:30,080 - INFO - Epoch 8 [650/1217] - Loss: 0.2067
2026-05-02 07:15:33,327 - INFO - Epoch 8 [660/1217] - Loss: 0.2066
2026-05-02 07:15:36,641 - INFO - Epoch 8 [670/1217] - Loss: 0.2074
2026-05-02 07:15:39,702 - INFO - Epoch 8 [680/1217] - Loss: 0.2071
2026-05-02 07:15:42,950 - INFO - Epoch 8 [690/1217] - Loss: 0.2064
2026-05-02 07:15:46,284 - INFO - Epoch 8 [700/1217] - Loss: 0.2062
2026-05-02 07:15:49,533 - INFO - Epoch 8 [710/1217] - Loss: 0.2065
2026-05-02 07:15:52,670 - INFO - Epoch 8 [720/1217] - Loss: 0.2056
2026-05-02 07:15:55,920 - INFO - Epoch 8 [730/1217] - Loss: 0.2046
2026-05-02 07:15:59,108 - INFO - Epoch 8 [740/1217] - Loss: 0.2051
2026-05-02 07:16:02,377 - INFO - Epoch 8 [750/1217] - Loss: 0.2049
2026-05-02 07:16:05,636 - INFO - Epoch 8 [760/1217] - Loss: 0.2055
2026-05-02 07:16:08,863 - INFO - Epoch 8 [770/1217] - Loss: 0.2054
2026-05-02 07:16:12,033 - INFO - Epoch 8 [780/1217] - Loss: 0.2057
2026-05-02 07:16:15,309 - INFO - Epoch 8 [790/1217] - Loss: 0.2056
2026-05-02 07:16:18,654 - INFO - Epoch 8 [800/1217] - Loss: 0.2051
2026-05-02 07:16:21,941 - INFO - Epoch 8 [810/1217] - Loss: 0.2056
2026-05-02 07:16:25,234 - INFO - Epoch 8 [820/1217] - Loss: 0.2057
2026-05-02 07:16:28,339 - INFO - Epoch 8 [830/1217] - Loss: 0.2048
2026-05-02 07:16:31,600 - INFO - Epoch 8 [840/1217] - Loss: 0.2047
2026-05-02 07:16:34,933 - INFO - Epoch 8 [850/1217] - Loss: 0.2042
2026-05-02 07:16:38,237 - INFO - Epoch 8 [860/1217] - Loss: 0.2040
2026-05-02 07:16:41,398 - INFO - Epoch 8 [870/1217] - Loss: 0.2049
2026-05-02 07:16:44,713 - INFO - Epoch 8 [880/1217] - Loss: 0.2055
2026-05-02 07:16:47,848 - INFO - Epoch 8 [890/1217] - Loss: 0.2069
2026-05-02 07:16:51,171 - INFO - Epoch 8 [900/1217] - Loss: 0.2063
2026-05-02 07:16:54,453 - INFO - Epoch 8 [910/1217] - Loss: 0.2063
2026-05-02 07:16:57,636 - INFO - Epoch 8 [920/1217] - Loss: 0.2063
2026-05-02 07:17:00,985 - INFO - Epoch 8 [930/1217] - Loss: 0.2055
2026-05-02 07:17:04,243 - INFO - Epoch 8 [940/1217] - Loss: 0.2050
2026-05-02 07:17:07,467 - INFO - Epoch 8 [950/1217] - Loss: 0.2045
2026-05-02 07:17:10,833 - INFO - Epoch 8 [960/1217] - Loss: 0.2042
2026-05-02 07:17:14,023 - INFO - Epoch 8 [970/1217] - Loss: 0.2053
2026-05-02 07:17:17,275 - INFO - Epoch 8 [980/1217] - Loss: 0.2053
2026-05-02 07:17:20,565 - INFO - Epoch 8 [990/1217] - Loss: 0.2053
2026-05-02 07:17:23,867 - INFO - Epoch 8 [1000/1217] - Loss: 0.2051
2026-05-02 07:17:27,144 - INFO - Epoch 8 [1010/1217] - Loss: 0.2048
2026-05-02 07:17:30,436 - INFO - Epoch 8 [1020/1217] - Loss: 0.2049
2026-05-02 07:17:33,780 - INFO - Epoch 8 [1030/1217] - Loss: 0.2050
2026-05-02 07:17:37,098 - INFO - Epoch 8 [1040/1217] - Loss: 0.2048
2026-05-02 07:17:40,272 - INFO - Epoch 8 [1050/1217] - Loss: 0.2049
2026-05-02 07:17:43,443 - INFO - Epoch 8 [1060/1217] - Loss: 0.2044
2026-05-02 07:17:46,791 - INFO - Epoch 8 [1070/1217] - Loss: 0.2043
2026-05-02 07:17:50,082 - INFO - Epoch 8 [1080/1217] - Loss: 0.2042
2026-05-02 07:17:53,204 - INFO - Epoch 8 [1090/1217] - Loss: 0.2045
2026-05-02 07:17:56,541 - INFO - Epoch 8 [1100/1217] - Loss: 0.2045
2026-05-02 07:17:59,846 - INFO - Epoch 8 [1110/1217] - Loss: 0.2045
2026-05-02 07:18:03,083 - INFO - Epoch 8 [1120/1217] - Loss: 0.2045
2026-05-02 07:18:06,385 - INFO - Epoch 8 [1130/1217] - Loss: 0.2042
2026-05-02 07:18:09,660 - INFO - Epoch 8 [1140/1217] - Loss: 0.2048
2026-05-02 07:18:12,909 - INFO - Epoch 8 [1150/1217] - Loss: 0.2048
2026-05-02 07:18:16,171 - INFO - Epoch 8 [1160/1217] - Loss: 0.2050
2026-05-02 07:18:19,486 - INFO - Epoch 8 [1170/1217] - Loss: 0.2056
2026-05-02 07:18:22,789 - INFO - Epoch 8 [1180/1217] - Loss: 0.2060
2026-05-02 07:18:26,121 - INFO - Epoch 8 [1190/1217] - Loss: 0.2058
2026-05-02 07:18:29,282 - INFO - Epoch 8 [1200/1217] - Loss: 0.2058
2026-05-02 07:18:32,475 - INFO - Epoch 8 [1210/1217] - Loss: 0.2054
2026-05-02 07:19:40,088 - INFO - VAL Epoch 8 | Loss: 0.7065 | IoU: 0.8965 | Prec: 0.8241 | F1: 0.8529 | Acc: 0.7327 | MAPE_L: 5.37%
2026-05-02 07:19:41,129 - INFO - Epoch 9 [0/1217] - Loss: 0.1126
2026-05-02 07:19:44,423 - INFO - Epoch 9 [10/1217] - Loss: 0.2222
2026-05-02 07:19:47,700 - INFO - Epoch 9 [20/1217] - Loss: 0.2026
2026-05-02 07:19:50,943 - INFO - Epoch 9 [30/1217] - Loss: 0.1986
2026-05-02 07:19:54,152 - INFO - Epoch 9 [40/1217] - Loss: 0.1815
2026-05-02 07:19:57,306 - INFO - Epoch 9 [50/1217] - Loss: 0.1998
2026-05-02 07:20:00,613 - INFO - Epoch 9 [60/1217] - Loss: 0.1990
2026-05-02 07:20:03,897 - INFO - Epoch 9 [70/1217] - Loss: 0.2007
2026-05-02 07:20:07,216 - INFO - Epoch 9 [80/1217] - Loss: 0.2183
2026-05-02 07:20:10,451 - INFO - Epoch 9 [90/1217] - Loss: 0.2206
2026-05-02 07:20:13,630 - INFO - Epoch 9 [100/1217] - Loss: 0.2131
2026-05-02 07:20:16,810 - INFO - Epoch 9 [110/1217] - Loss: 0.2104
2026-05-02 07:20:20,177 - INFO - Epoch 9 [120/1217] - Loss: 0.2128
2026-05-02 07:20:23,376 - INFO - Epoch 9 [130/1217] - Loss: 0.2147
2026-05-02 07:20:26,525 - INFO - Epoch 9 [140/1217] - Loss: 0.2159
2026-05-02 07:20:29,770 - INFO - Epoch 9 [150/1217] - Loss: 0.2082
2026-05-02 07:20:33,058 - INFO - Epoch 9 [160/1217] - Loss: 0.2040
2026-05-02 07:20:36,213 - INFO - Epoch 9 [170/1217] - Loss: 0.2043
2026-05-02 07:20:39,428 - INFO - Epoch 9 [180/1217] - Loss: 0.2025
2026-05-02 07:20:42,718 - INFO - Epoch 9 [190/1217] - Loss: 0.2024
2026-05-02 07:20:46,010 - INFO - Epoch 9 [200/1217] - Loss: 0.2043
2026-05-02 07:20:49,217 - INFO - Epoch 9 [210/1217] - Loss: 0.2098
2026-05-02 07:20:52,457 - INFO - Epoch 9 [220/1217] - Loss: 0.2075
2026-05-02 07:20:55,751 - INFO - Epoch 9 [230/1217] - Loss: 0.2043
2026-05-02 07:20:59,052 - INFO - Epoch 9 [240/1217] - Loss: 0.2033
2026-05-02 07:21:02,371 - INFO - Epoch 9 [250/1217] - Loss: 0.2030
2026-05-02 07:21:05,689 - INFO - Epoch 9 [260/1217] - Loss: 0.2047
2026-05-02 07:21:08,867 - INFO - Epoch 9 [270/1217] - Loss: 0.2025
2026-05-02 07:21:12,104 - INFO - Epoch 9 [280/1217] - Loss: 0.2003
2026-05-02 07:21:15,387 - INFO - Epoch 9 [290/1217] - Loss: 0.2039
2026-05-02 07:21:18,517 - INFO - Epoch 9 [300/1217] - Loss: 0.2023
2026-05-02 07:21:21,793 - INFO - Epoch 9 [310/1217] - Loss: 0.2049
2026-05-02 07:21:25,041 - INFO - Epoch 9 [320/1217] - Loss: 0.2056
2026-05-02 07:21:28,183 - INFO - Epoch 9 [330/1217] - Loss: 0.2052
2026-05-02 07:21:31,409 - INFO - Epoch 9 [340/1217] - Loss: 0.2046
2026-05-02 07:21:34,616 - INFO - Epoch 9 [350/1217] - Loss: 0.2040
2026-05-02 07:21:37,883 - INFO - Epoch 9 [360/1217] - Loss: 0.2024
2026-05-02 07:21:41,125 - INFO - Epoch 9 [370/1217] - Loss: 0.2048
2026-05-02 07:21:44,239 - INFO - Epoch 9 [380/1217] - Loss: 0.2033
2026-05-02 07:21:47,528 - INFO - Epoch 9 [390/1217] - Loss: 0.2026
2026-05-02 07:21:50,716 - INFO - Epoch 9 [400/1217] - Loss: 0.2024
2026-05-02 07:21:53,982 - INFO - Epoch 9 [410/1217] - Loss: 0.2028
2026-05-02 07:21:57,330 - INFO - Epoch 9 [420/1217] - Loss: 0.2020
2026-05-02 07:22:00,624 - INFO - Epoch 9 [430/1217] - Loss: 0.2043
2026-05-02 07:22:03,651 - INFO - Epoch 9 [440/1217] - Loss: 0.2037
2026-05-02 07:22:07,013 - INFO - Epoch 9 [450/1217] - Loss: 0.2031
2026-05-02 07:22:10,292 - INFO - Epoch 9 [460/1217] - Loss: 0.2044
2026-05-02 07:22:13,574 - INFO - Epoch 9 [470/1217] - Loss: 0.2034
2026-05-02 07:22:16,909 - INFO - Epoch 9 [480/1217] - Loss: 0.2027
2026-05-02 07:22:20,033 - INFO - Epoch 9 [490/1217] - Loss: 0.2016
2026-05-02 07:22:23,183 - INFO - Epoch 9 [500/1217] - Loss: 0.2020
2026-05-02 07:22:26,443 - INFO - Epoch 9 [510/1217] - Loss: 0.2017
2026-05-02 07:22:29,650 - INFO - Epoch 9 [520/1217] - Loss: 0.2011
2026-05-02 07:22:32,927 - INFO - Epoch 9 [530/1217] - Loss: 0.2013
2026-05-02 07:22:36,234 - INFO - Epoch 9 [540/1217] - Loss: 0.2030
2026-05-02 07:22:39,496 - INFO - Epoch 9 [550/1217] - Loss: 0.2025
2026-05-02 07:22:42,756 - INFO - Epoch 9 [560/1217] - Loss: 0.2031
2026-05-02 07:22:45,937 - INFO - Epoch 9 [570/1217] - Loss: 0.2034
2026-05-02 07:22:49,109 - INFO - Epoch 9 [580/1217] - Loss: 0.2017
2026-05-02 07:22:52,379 - INFO - Epoch 9 [590/1217] - Loss: 0.2007
2026-05-02 07:22:55,636 - INFO - Epoch 9 [600/1217] - Loss: 0.2022
2026-05-02 07:22:58,878 - INFO - Epoch 9 [610/1217] - Loss: 0.2013
2026-05-02 07:23:02,108 - INFO - Epoch 9 [620/1217] - Loss: 0.2023
2026-05-02 07:23:05,188 - INFO - Epoch 9 [630/1217] - Loss: 0.2012
2026-05-02 07:23:08,343 - INFO - Epoch 9 [640/1217] - Loss: 0.2008
2026-05-02 07:23:11,616 - INFO - Epoch 9 [650/1217] - Loss: 0.2022
2026-05-02 07:23:14,887 - INFO - Epoch 9 [660/1217] - Loss: 0.2019
2026-05-02 07:23:18,170 - INFO - Epoch 9 [670/1217] - Loss: 0.2012
2026-05-02 07:23:21,469 - INFO - Epoch 9 [680/1217] - Loss: 0.2009
2026-05-02 07:23:24,714 - INFO - Epoch 9 [690/1217] - Loss: 0.2006
2026-05-02 07:23:27,957 - INFO - Epoch 9 [700/1217] - Loss: 0.2005
2026-05-02 07:23:31,187 - INFO - Epoch 9 [710/1217] - Loss: 0.2000
2026-05-02 07:23:34,482 - INFO - Epoch 9 [720/1217] - Loss: 0.1994
2026-05-02 07:23:37,726 - INFO - Epoch 9 [730/1217] - Loss: 0.1996
2026-05-02 07:23:40,938 - INFO - Epoch 9 [740/1217] - Loss: 0.2009
2026-05-02 07:23:44,245 - INFO - Epoch 9 [750/1217] - Loss: 0.1997
2026-05-02 07:23:47,416 - INFO - Epoch 9 [760/1217] - Loss: 0.2001
2026-05-02 07:23:50,720 - INFO - Epoch 9 [770/1217] - Loss: 0.1993
2026-05-02 07:23:53,938 - INFO - Epoch 9 [780/1217] - Loss: 0.1993
2026-05-02 07:23:57,223 - INFO - Epoch 9 [790/1217] - Loss: 0.1983
2026-05-02 07:24:00,304 - INFO - Epoch 9 [800/1217] - Loss: 0.1990
2026-05-02 07:24:03,609 - INFO - Epoch 9 [810/1217] - Loss: 0.1987
2026-05-02 07:24:06,954 - INFO - Epoch 9 [820/1217] - Loss: 0.2014
2026-05-02 07:24:10,248 - INFO - Epoch 9 [830/1217] - Loss: 0.2007
2026-05-02 07:24:13,506 - INFO - Epoch 9 [840/1217] - Loss: 0.2012
2026-05-02 07:24:16,713 - INFO - Epoch 9 [850/1217] - Loss: 0.2004
2026-05-02 07:24:19,929 - INFO - Epoch 9 [860/1217] - Loss: 0.2003
2026-05-02 07:24:23,233 - INFO - Epoch 9 [870/1217] - Loss: 0.2004
2026-05-02 07:24:26,595 - INFO - Epoch 9 [880/1217] - Loss: 0.2003
2026-05-02 07:24:29,928 - INFO - Epoch 9 [890/1217] - Loss: 0.2002
2026-05-02 07:24:33,261 - INFO - Epoch 9 [900/1217] - Loss: 0.1997
2026-05-02 07:24:36,607 - INFO - Epoch 9 [910/1217] - Loss: 0.1992
2026-05-02 07:24:39,814 - INFO - Epoch 9 [920/1217] - Loss: 0.1990
2026-05-02 07:24:43,123 - INFO - Epoch 9 [930/1217] - Loss: 0.1985
2026-05-02 07:24:46,415 - INFO - Epoch 9 [940/1217] - Loss: 0.1983
2026-05-02 07:24:49,604 - INFO - Epoch 9 [950/1217] - Loss: 0.1988
2026-05-02 07:24:52,902 - INFO - Epoch 9 [960/1217] - Loss: 0.1991
2026-05-02 07:24:56,214 - INFO - Epoch 9 [970/1217] - Loss: 0.2013
2026-05-02 07:24:59,461 - INFO - Epoch 9 [980/1217] - Loss: 0.2015
2026-05-02 07:25:02,735 - INFO - Epoch 9 [990/1217] - Loss: 0.2034
2026-05-02 07:25:06,054 - INFO - Epoch 9 [1000/1217] - Loss: 0.2031
2026-05-02 07:25:09,340 - INFO - Epoch 9 [1010/1217] - Loss: 0.2029
2026-05-02 07:25:12,612 - INFO - Epoch 9 [1020/1217] - Loss: 0.2032
2026-05-02 07:25:15,881 - INFO - Epoch 9 [1030/1217] - Loss: 0.2036
2026-05-02 07:25:19,142 - INFO - Epoch 9 [1040/1217] - Loss: 0.2030
2026-05-02 07:25:22,407 - INFO - Epoch 9 [1050/1217] - Loss: 0.2029
2026-05-02 07:25:25,716 - INFO - Epoch 9 [1060/1217] - Loss: 0.2025
2026-05-02 07:25:29,004 - INFO - Epoch 9 [1070/1217] - Loss: 0.2022
2026-05-02 07:25:32,236 - INFO - Epoch 9 [1080/1217] - Loss: 0.2026
2026-05-02 07:25:35,566 - INFO - Epoch 9 [1090/1217] - Loss: 0.2022
2026-05-02 07:25:38,860 - INFO - Epoch 9 [1100/1217] - Loss: 0.2025
2026-05-02 07:25:41,961 - INFO - Epoch 9 [1110/1217] - Loss: 0.2023
2026-05-02 07:25:45,273 - INFO - Epoch 9 [1120/1217] - Loss: 0.2022
2026-05-02 07:25:48,477 - INFO - Epoch 9 [1130/1217] - Loss: 0.2022
2026-05-02 07:25:51,753 - INFO - Epoch 9 [1140/1217] - Loss: 0.2032
2026-05-02 07:25:55,060 - INFO - Epoch 9 [1150/1217] - Loss: 0.2029
2026-05-02 07:25:58,420 - INFO - Epoch 9 [1160/1217] - Loss: 0.2030
2026-05-02 07:26:01,622 - INFO - Epoch 9 [1170/1217] - Loss: 0.2033
2026-05-02 07:26:04,922 - INFO - Epoch 9 [1180/1217] - Loss: 0.2040
2026-05-02 07:26:08,148 - INFO - Epoch 9 [1190/1217] - Loss: 0.2038
2026-05-02 07:26:11,398 - INFO - Epoch 9 [1200/1217] - Loss: 0.2045
2026-05-02 07:26:14,644 - INFO - Epoch 9 [1210/1217] - Loss: 0.2043
2026-05-02 07:27:26,806 - INFO - VAL Epoch 9 | Loss: 0.6725 | IoU: 0.8916 | Prec: 0.8509 | F1: 0.8566 | Acc: 0.7689 | MAPE_L: 5.72%
2026-05-02 07:27:27,190 - INFO -     [!] New Best Model Saved!
2026-05-02 07:27:27,980 - INFO - Epoch 10 [0/1217] - Loss: 0.3503
2026-05-02 07:27:31,319 - INFO - Epoch 10 [10/1217] - Loss: 0.1967
2026-05-02 07:27:34,518 - INFO - Epoch 10 [20/1217] - Loss: 0.1798
2026-05-02 07:27:37,693 - INFO - Epoch 10 [30/1217] - Loss: 0.1713
2026-05-02 07:27:41,035 - INFO - Epoch 10 [40/1217] - Loss: 0.1906
2026-05-02 07:27:44,298 - INFO - Epoch 10 [50/1217] - Loss: 0.1855
2026-05-02 07:27:47,601 - INFO - Epoch 10 [60/1217] - Loss: 0.2362
2026-05-02 07:27:50,923 - INFO - Epoch 10 [70/1217] - Loss: 0.2197
2026-05-02 07:27:54,210 - INFO - Epoch 10 [80/1217] - Loss: 0.2271
2026-05-02 07:27:57,402 - INFO - Epoch 10 [90/1217] - Loss: 0.2244
2026-05-02 07:28:00,716 - INFO - Epoch 10 [100/1217] - Loss: 0.2357
2026-05-02 07:28:04,074 - INFO - Epoch 10 [110/1217] - Loss: 0.2485
2026-05-02 07:28:07,276 - INFO - Epoch 10 [120/1217] - Loss: 0.2396
2026-05-02 07:28:10,529 - INFO - Epoch 10 [130/1217] - Loss: 0.2363
2026-05-02 07:28:13,833 - INFO - Epoch 10 [140/1217] - Loss: 0.2340
2026-05-02 07:28:17,053 - INFO - Epoch 10 [150/1217] - Loss: 0.2294
2026-05-02 07:28:20,281 - INFO - Epoch 10 [160/1217] - Loss: 0.2244
2026-05-02 07:28:23,564 - INFO - Epoch 10 [170/1217] - Loss: 0.2218
2026-05-02 07:28:26,760 - INFO - Epoch 10 [180/1217] - Loss: 0.2166
2026-05-02 07:28:30,017 - INFO - Epoch 10 [190/1217] - Loss: 0.2146
2026-05-02 07:28:33,305 - INFO - Epoch 10 [200/1217] - Loss: 0.2116
2026-05-02 07:28:36,461 - INFO - Epoch 10 [210/1217] - Loss: 0.2134
2026-05-02 07:28:39,752 - INFO - Epoch 10 [220/1217] - Loss: 0.2155
2026-05-02 07:28:42,905 - INFO - Epoch 10 [230/1217] - Loss: 0.2118
2026-05-02 07:28:46,167 - INFO - Epoch 10 [240/1217] - Loss: 0.2126
2026-05-02 07:28:49,443 - INFO - Epoch 10 [250/1217] - Loss: 0.2105
2026-05-02 07:28:52,621 - INFO - Epoch 10 [260/1217] - Loss: 0.2098
2026-05-02 07:28:55,927 - INFO - Epoch 10 [270/1217] - Loss: 0.2076
2026-05-02 07:28:59,197 - INFO - Epoch 10 [280/1217] - Loss: 0.2063
2026-05-02 07:29:02,537 - INFO - Epoch 10 [290/1217] - Loss: 0.2061
2026-05-02 07:29:05,670 - INFO - Epoch 10 [300/1217] - Loss: 0.2047
2026-05-02 07:29:09,064 - INFO - Epoch 10 [310/1217] - Loss: 0.2021
2026-05-02 07:29:12,371 - INFO - Epoch 10 [320/1217] - Loss: 0.2026
2026-05-02 07:29:15,501 - INFO - Epoch 10 [330/1217] - Loss: 0.2059
2026-05-02 07:29:18,815 - INFO - Epoch 10 [340/1217] - Loss: 0.2072
2026-05-02 07:29:22,016 - INFO - Epoch 10 [350/1217] - Loss: 0.2061
2026-05-02 07:29:25,226 - INFO - Epoch 10 [360/1217] - Loss: 0.2037
2026-05-02 07:29:28,418 - INFO - Epoch 10 [370/1217] - Loss: 0.2026
2026-05-02 07:29:31,767 - INFO - Epoch 10 [380/1217] - Loss: 0.2012
2026-05-02 07:29:35,031 - INFO - Epoch 10 [390/1217] - Loss: 0.1999
2026-05-02 07:29:38,333 - INFO - Epoch 10 [400/1217] - Loss: 0.2030
2026-05-02 07:29:41,525 - INFO - Epoch 10 [410/1217] - Loss: 0.2015
2026-05-02 07:29:44,735 - INFO - Epoch 10 [420/1217] - Loss: 0.2023
2026-05-02 07:29:47,915 - INFO - Epoch 10 [430/1217] - Loss: 0.2004
2026-05-02 07:29:51,092 - INFO - Epoch 10 [440/1217] - Loss: 0.2004
2026-05-02 07:29:54,217 - INFO - Epoch 10 [450/1217] - Loss: 0.2010
2026-05-02 07:29:57,502 - INFO - Epoch 10 [460/1217] - Loss: 0.2015
2026-05-02 07:30:00,774 - INFO - Epoch 10 [470/1217] - Loss: 0.2013
2026-05-02 07:30:04,010 - INFO - Epoch 10 [480/1217] - Loss: 0.2031
2026-05-02 07:30:07,182 - INFO - Epoch 10 [490/1217] - Loss: 0.2020
2026-05-02 07:30:10,372 - INFO - Epoch 10 [500/1217] - Loss: 0.2015
2026-05-02 07:30:13,611 - INFO - Epoch 10 [510/1217] - Loss: 0.2014
2026-05-02 07:30:16,922 - INFO - Epoch 10 [520/1217] - Loss: 0.2018
2026-05-02 07:30:20,237 - INFO - Epoch 10 [530/1217] - Loss: 0.2020
2026-05-02 07:30:23,527 - INFO - Epoch 10 [540/1217] - Loss: 0.2021
2026-05-02 07:30:26,645 - INFO - Epoch 10 [550/1217] - Loss: 0.2016
2026-05-02 07:30:29,952 - INFO - Epoch 10 [560/1217] - Loss: 0.2018
2026-05-02 07:30:33,222 - INFO - Epoch 10 [570/1217] - Loss: 0.2010
2026-05-02 07:30:36,507 - INFO - Epoch 10 [580/1217] - Loss: 0.2025
2026-05-02 07:30:39,758 - INFO - Epoch 10 [590/1217] - Loss: 0.2016
2026-05-02 07:30:42,862 - INFO - Epoch 10 [600/1217] - Loss: 0.2019
2026-05-02 07:30:46,268 - INFO - Epoch 10 [610/1217] - Loss: 0.2047
2026-05-02 07:30:49,454 - INFO - Epoch 10 [620/1217] - Loss: 0.2055
2026-05-02 07:30:52,649 - INFO - Epoch 10 [630/1217] - Loss: 0.2042
2026-05-02 07:30:55,946 - INFO - Epoch 10 [640/1217] - Loss: 0.2049
2026-05-02 07:30:59,212 - INFO - Epoch 10 [650/1217] - Loss: 0.2034
2026-05-02 07:31:02,459 - INFO - Epoch 10 [660/1217] - Loss: 0.2033
2026-05-02 07:31:05,658 - INFO - Epoch 10 [670/1217] - Loss: 0.2024
2026-05-02 07:31:08,889 - INFO - Epoch 10 [680/1217] - Loss: 0.2021
2026-05-02 07:31:12,221 - INFO - Epoch 10 [690/1217] - Loss: 0.2018
2026-05-02 07:31:15,413 - INFO - Epoch 10 [700/1217] - Loss: 0.2019
2026-05-02 07:31:18,610 - INFO - Epoch 10 [710/1217] - Loss: 0.2015
2026-05-02 07:31:21,924 - INFO - Epoch 10 [720/1217] - Loss: 0.2014
2026-05-02 07:31:25,107 - INFO - Epoch 10 [730/1217] - Loss: 0.2011
2026-05-02 07:31:28,410 - INFO - Epoch 10 [740/1217] - Loss: 0.2002
2026-05-02 07:31:31,716 - INFO - Epoch 10 [750/1217] - Loss: 0.2005
2026-05-02 07:31:34,942 - INFO - Epoch 10 [760/1217] - Loss: 0.2004
2026-05-02 07:31:38,239 - INFO - Epoch 10 [770/1217] - Loss: 0.2006
2026-05-02 07:31:41,495 - INFO - Epoch 10 [780/1217] - Loss: 0.2015
2026-05-02 07:31:44,787 - INFO - Epoch 10 [790/1217] - Loss: 0.2014
2026-05-02 07:31:48,055 - INFO - Epoch 10 [800/1217] - Loss: 0.2020
2026-05-02 07:31:51,351 - INFO - Epoch 10 [810/1217] - Loss: 0.2021
2026-05-02 07:31:54,598 - INFO - Epoch 10 [820/1217] - Loss: 0.2029
2026-05-02 07:31:57,885 - INFO - Epoch 10 [830/1217] - Loss: 0.2025
2026-05-02 07:32:01,174 - INFO - Epoch 10 [840/1217] - Loss: 0.2018
2026-05-02 07:32:04,486 - INFO - Epoch 10 [850/1217] - Loss: 0.2015
2026-05-02 07:32:07,680 - INFO - Epoch 10 [860/1217] - Loss: 0.2014
2026-05-02 07:32:10,871 - INFO - Epoch 10 [870/1217] - Loss: 0.2013
2026-05-02 07:32:14,137 - INFO - Epoch 10 [880/1217] - Loss: 0.2006
2026-05-02 07:32:17,414 - INFO - Epoch 10 [890/1217] - Loss: 0.2006
2026-05-02 07:32:20,670 - INFO - Epoch 10 [900/1217] - Loss: 0.2003
2026-05-02 07:32:23,988 - INFO - Epoch 10 [910/1217] - Loss: 0.1999
2026-05-02 07:32:27,319 - INFO - Epoch 10 [920/1217] - Loss: 0.2001
2026-05-02 07:32:30,629 - INFO - Epoch 10 [930/1217] - Loss: 0.2002
2026-05-02 07:32:33,912 - INFO - Epoch 10 [940/1217] - Loss: 0.1997
2026-05-02 07:32:36,971 - INFO - Epoch 10 [950/1217] - Loss: 0.1998
2026-05-02 07:32:40,232 - INFO - Epoch 10 [960/1217] - Loss: 0.2005
2026-05-02 07:32:43,518 - INFO - Epoch 10 [970/1217] - Loss: 0.1998
2026-05-02 07:32:46,749 - INFO - Epoch 10 [980/1217] - Loss: 0.1994
2026-05-02 07:32:50,047 - INFO - Epoch 10 [990/1217] - Loss: 0.1992
2026-05-02 07:32:53,340 - INFO - Epoch 10 [1000/1217] - Loss: 0.1984
2026-05-02 07:32:56,677 - INFO - Epoch 10 [1010/1217] - Loss: 0.1992
2026-05-02 07:32:59,766 - INFO - Epoch 10 [1020/1217] - Loss: 0.1994
2026-05-02 07:33:03,064 - INFO - Epoch 10 [1030/1217] - Loss: 0.1991
2026-05-02 07:33:06,327 - INFO - Epoch 10 [1040/1217] - Loss: 0.1994
2026-05-02 07:33:09,576 - INFO - Epoch 10 [1050/1217] - Loss: 0.1997
2026-05-02 07:33:12,804 - INFO - Epoch 10 [1060/1217] - Loss: 0.1998
2026-05-02 07:33:16,060 - INFO - Epoch 10 [1070/1217] - Loss: 0.1997
2026-05-02 07:33:19,355 - INFO - Epoch 10 [1080/1217] - Loss: 0.1993
2026-05-02 07:33:22,698 - INFO - Epoch 10 [1090/1217] - Loss: 0.1992
2026-05-02 07:33:25,757 - INFO - Epoch 10 [1100/1217] - Loss: 0.1998
2026-05-02 07:33:29,028 - INFO - Epoch 10 [1110/1217] - Loss: 0.2007
2026-05-02 07:33:32,196 - INFO - Epoch 10 [1120/1217] - Loss: 0.2009
2026-05-02 07:33:35,472 - INFO - Epoch 10 [1130/1217] - Loss: 0.2012
2026-05-02 07:33:38,809 - INFO - Epoch 10 [1140/1217] - Loss: 0.2016
2026-05-02 07:33:42,020 - INFO - Epoch 10 [1150/1217] - Loss: 0.2016
2026-05-02 07:33:45,301 - INFO - Epoch 10 [1160/1217] - Loss: 0.2033
2026-05-02 07:33:48,529 - INFO - Epoch 10 [1170/1217] - Loss: 0.2036
2026-05-02 07:33:51,801 - INFO - Epoch 10 [1180/1217] - Loss: 0.2049
2026-05-02 07:33:55,139 - INFO - Epoch 10 [1190/1217] - Loss: 0.2044
2026-05-02 07:33:58,465 - INFO - Epoch 10 [1200/1217] - Loss: 0.2046
2026-05-02 07:34:01,813 - INFO - Epoch 10 [1210/1217] - Loss: 0.2047
2026-05-02 07:35:14,127 - INFO - VAL Epoch 10 | Loss: 0.6771 | IoU: 0.8924 | Prec: 0.8210 | F1: 0.8486 | Acc: 0.6800 | MAPE_L: 5.48%
2026-05-02 07:35:14,912 - INFO - Epoch 11 [0/1217] - Loss: 0.1258
2026-05-02 07:35:18,187 - INFO - Epoch 11 [10/1217] - Loss: 0.2247
2026-05-02 07:35:21,437 - INFO - Epoch 11 [20/1217] - Loss: 0.1957
2026-05-02 07:35:24,647 - INFO - Epoch 11 [30/1217] - Loss: 0.2671
2026-05-02 07:35:27,919 - INFO - Epoch 11 [40/1217] - Loss: 0.2538
2026-05-02 07:35:31,142 - INFO - Epoch 11 [50/1217] - Loss: 0.2599
2026-05-02 07:35:34,440 - INFO - Epoch 11 [60/1217] - Loss: 0.2511
2026-05-02 07:35:37,834 - INFO - Epoch 11 [70/1217] - Loss: 0.2587
2026-05-02 07:35:41,083 - INFO - Epoch 11 [80/1217] - Loss: 0.2479
2026-05-02 07:35:44,428 - INFO - Epoch 11 [90/1217] - Loss: 0.2466
2026-05-02 07:35:47,698 - INFO - Epoch 11 [100/1217] - Loss: 0.2476
2026-05-02 07:35:50,971 - INFO - Epoch 11 [110/1217] - Loss: 0.2408
2026-05-02 07:35:54,198 - INFO - Epoch 11 [120/1217] - Loss: 0.2409
2026-05-02 07:35:57,459 - INFO - Epoch 11 [130/1217] - Loss: 0.2341
2026-05-02 07:36:00,668 - INFO - Epoch 11 [140/1217] - Loss: 0.2248
2026-05-02 07:36:03,964 - INFO - Epoch 11 [150/1217] - Loss: 0.2251
2026-05-02 07:36:07,273 - INFO - Epoch 11 [160/1217] - Loss: 0.2225
2026-05-02 07:36:10,524 - INFO - Epoch 11 [170/1217] - Loss: 0.2238
2026-05-02 07:36:13,793 - INFO - Epoch 11 [180/1217] - Loss: 0.2209
2026-05-02 07:36:17,086 - INFO - Epoch 11 [190/1217] - Loss: 0.2205
2026-05-02 07:36:20,372 - INFO - Epoch 11 [200/1217] - Loss: 0.2179
2026-05-02 07:36:23,589 - INFO - Epoch 11 [210/1217] - Loss: 0.2183
2026-05-02 07:36:26,799 - INFO - Epoch 11 [220/1217] - Loss: 0.2164
2026-05-02 07:36:30,086 - INFO - Epoch 11 [230/1217] - Loss: 0.2176
2026-05-02 07:36:33,342 - INFO - Epoch 11 [240/1217] - Loss: 0.2133
2026-05-02 07:36:36,471 - INFO - Epoch 11 [250/1217] - Loss: 0.2143
2026-05-02 07:36:39,782 - INFO - Epoch 11 [260/1217] - Loss: 0.2131
2026-05-02 07:36:42,897 - INFO - Epoch 11 [270/1217] - Loss: 0.2112
2026-05-02 07:36:46,188 - INFO - Epoch 11 [280/1217] - Loss: 0.2115
2026-05-02 07:36:49,438 - INFO - Epoch 11 [290/1217] - Loss: 0.2099
2026-05-02 07:36:52,732 - INFO - Epoch 11 [300/1217] - Loss: 0.2132
2026-05-02 07:36:55,974 - INFO - Epoch 11 [310/1217] - Loss: 0.2133
2026-05-02 07:36:59,178 - INFO - Epoch 11 [320/1217] - Loss: 0.2120
2026-05-02 07:37:02,330 - INFO - Epoch 11 [330/1217] - Loss: 0.2139
2026-05-02 07:37:05,512 - INFO - Epoch 11 [340/1217] - Loss: 0.2136
2026-05-02 07:37:08,654 - INFO - Epoch 11 [350/1217] - Loss: 0.2126
2026-05-02 07:37:11,950 - INFO - Epoch 11 [360/1217] - Loss: 0.2117
2026-05-02 07:37:15,223 - INFO - Epoch 11 [370/1217] - Loss: 0.2098
2026-05-02 07:37:18,382 - INFO - Epoch 11 [380/1217] - Loss: 0.2117
2026-05-02 07:37:21,689 - INFO - Epoch 11 [390/1217] - Loss: 0.2109
2026-05-02 07:37:24,862 - INFO - Epoch 11 [400/1217] - Loss: 0.2111
2026-05-02 07:37:28,083 - INFO - Epoch 11 [410/1217] - Loss: 0.2101
2026-05-02 07:37:31,230 - INFO - Epoch 11 [420/1217] - Loss: 0.2099
2026-05-02 07:37:34,477 - INFO - Epoch 11 [430/1217] - Loss: 0.2103
2026-05-02 07:37:37,732 - INFO - Epoch 11 [440/1217] - Loss: 0.2098
2026-05-02 07:37:40,970 - INFO - Epoch 11 [450/1217] - Loss: 0.2106
2026-05-02 07:37:44,151 - INFO - Epoch 11 [460/1217] - Loss: 0.2096
2026-05-02 07:37:47,350 - INFO - Epoch 11 [470/1217] - Loss: 0.2113
2026-05-02 07:37:50,665 - INFO - Epoch 11 [480/1217] - Loss: 0.2104
2026-05-02 07:37:53,852 - INFO - Epoch 11 [490/1217] - Loss: 0.2099
2026-05-02 07:37:57,099 - INFO - Epoch 11 [500/1217] - Loss: 0.2083
2026-05-02 07:38:00,311 - INFO - Epoch 11 [510/1217] - Loss: 0.2076
2026-05-02 07:38:03,566 - INFO - Epoch 11 [520/1217] - Loss: 0.2060
2026-05-02 07:38:06,907 - INFO - Epoch 11 [530/1217] - Loss: 0.2063
2026-05-02 07:38:10,091 - INFO - Epoch 11 [540/1217] - Loss: 0.2056
2026-05-02 07:38:13,413 - INFO - Epoch 11 [550/1217] - Loss: 0.2068
2026-05-02 07:38:16,519 - INFO - Epoch 11 [560/1217] - Loss: 0.2071
2026-05-02 07:38:19,709 - INFO - Epoch 11 [570/1217] - Loss: 0.2073
2026-05-02 07:38:22,880 - INFO - Epoch 11 [580/1217] - Loss: 0.2073
2026-05-02 07:38:26,193 - INFO - Epoch 11 [590/1217] - Loss: 0.2077
2026-05-02 07:38:29,484 - INFO - Epoch 11 [600/1217] - Loss: 0.2077
2026-05-02 07:38:32,840 - INFO - Epoch 11 [610/1217] - Loss: 0.2072
2026-05-02 07:38:36,103 - INFO - Epoch 11 [620/1217] - Loss: 0.2065
2026-05-02 07:38:39,403 - INFO - Epoch 11 [630/1217] - Loss: 0.2056
2026-05-02 07:38:42,698 - INFO - Epoch 11 [640/1217] - Loss: 0.2057
2026-05-02 07:38:45,973 - INFO - Epoch 11 [650/1217] - Loss: 0.2062
2026-05-02 07:38:49,307 - INFO - Epoch 11 [660/1217] - Loss: 0.2064
2026-05-02 07:38:52,626 - INFO - Epoch 11 [670/1217] - Loss: 0.2056
2026-05-02 07:38:55,958 - INFO - Epoch 11 [680/1217] - Loss: 0.2060
2026-05-02 07:38:59,184 - INFO - Epoch 11 [690/1217] - Loss: 0.2049
2026-05-02 07:39:02,433 - INFO - Epoch 11 [700/1217] - Loss: 0.2040
2026-05-02 07:39:05,562 - INFO - Epoch 11 [710/1217] - Loss: 0.2042
2026-05-02 07:39:08,899 - INFO - Epoch 11 [720/1217] - Loss: 0.2042
2026-05-02 07:39:12,106 - INFO - Epoch 11 [730/1217] - Loss: 0.2031
2026-05-02 07:39:15,280 - INFO - Epoch 11 [740/1217] - Loss: 0.2041
2026-05-02 07:39:18,579 - INFO - Epoch 11 [750/1217] - Loss: 0.2041
2026-05-02 07:39:21,723 - INFO - Epoch 11 [760/1217] - Loss: 0.2046
2026-05-02 07:39:25,010 - INFO - Epoch 11 [770/1217] - Loss: 0.2047
2026-05-02 07:39:28,199 - INFO - Epoch 11 [780/1217] - Loss: 0.2054
2026-05-02 07:39:31,415 - INFO - Epoch 11 [790/1217] - Loss: 0.2052
2026-05-02 07:39:34,535 - INFO - Epoch 11 [800/1217] - Loss: 0.2066
2026-05-02 07:39:37,703 - INFO - Epoch 11 [810/1217] - Loss: 0.2058
2026-05-02 07:39:40,978 - INFO - Epoch 11 [820/1217] - Loss: 0.2053
2026-05-02 07:39:44,225 - INFO - Epoch 11 [830/1217] - Loss: 0.2047
2026-05-02 07:39:47,533 - INFO - Epoch 11 [840/1217] - Loss: 0.2044
2026-05-02 07:39:50,824 - INFO - Epoch 11 [850/1217] - Loss: 0.2042
2026-05-02 07:39:53,948 - INFO - Epoch 11 [860/1217] - Loss: 0.2040
2026-05-02 07:39:57,212 - INFO - Epoch 11 [870/1217] - Loss: 0.2043
2026-05-02 07:40:00,471 - INFO - Epoch 11 [880/1217] - Loss: 0.2039
2026-05-02 07:40:03,694 - INFO - Epoch 11 [890/1217] - Loss: 0.2035
2026-05-02 07:40:06,837 - INFO - Epoch 11 [900/1217] - Loss: 0.2028
2026-05-02 07:40:10,089 - INFO - Epoch 11 [910/1217] - Loss: 0.2025
2026-05-02 07:40:13,345 - INFO - Epoch 11 [920/1217] - Loss: 0.2027
2026-05-02 07:40:16,680 - INFO - Epoch 11 [930/1217] - Loss: 0.2025
2026-05-02 07:40:19,874 - INFO - Epoch 11 [940/1217] - Loss: 0.2017
2026-05-02 07:40:23,145 - INFO - Epoch 11 [950/1217] - Loss: 0.2018
2026-05-02 07:40:26,437 - INFO - Epoch 11 [960/1217] - Loss: 0.2022
2026-05-02 07:40:29,618 - INFO - Epoch 11 [970/1217] - Loss: 0.2018
2026-05-02 07:40:32,907 - INFO - Epoch 11 [980/1217] - Loss: 0.2016
2026-05-02 07:40:36,052 - INFO - Epoch 11 [990/1217] - Loss: 0.2011
2026-05-02 07:40:39,210 - INFO - Epoch 11 [1000/1217] - Loss: 0.2004
2026-05-02 07:40:42,494 - INFO - Epoch 11 [1010/1217] - Loss: 0.2006
2026-05-02 07:40:45,713 - INFO - Epoch 11 [1020/1217] - Loss: 0.2002
2026-05-02 07:40:48,874 - INFO - Epoch 11 [1030/1217] - Loss: 0.2010
2026-05-02 07:40:52,033 - INFO - Epoch 11 [1040/1217] - Loss: 0.2006
2026-05-02 07:40:55,294 - INFO - Epoch 11 [1050/1217] - Loss: 0.2009
2026-05-02 07:40:58,569 - INFO - Epoch 11 [1060/1217] - Loss: 0.2017
2026-05-02 07:41:01,882 - INFO - Epoch 11 [1070/1217] - Loss: 0.2018
2026-05-02 07:41:05,184 - INFO - Epoch 11 [1080/1217] - Loss: 0.2017
2026-05-02 07:41:08,355 - INFO - Epoch 11 [1090/1217] - Loss: 0.2016
2026-05-02 07:41:11,643 - INFO - Epoch 11 [1100/1217] - Loss: 0.2012
2026-05-02 07:41:14,956 - INFO - Epoch 11 [1110/1217] - Loss: 0.2008
2026-05-02 07:41:18,154 - INFO - Epoch 11 [1120/1217] - Loss: 0.2009
2026-05-02 07:41:21,186 - INFO - Epoch 11 [1130/1217] - Loss: 0.2009
2026-05-02 07:41:24,463 - INFO - Epoch 11 [1140/1217] - Loss: 0.2017
2026-05-02 07:41:27,638 - INFO - Epoch 11 [1150/1217] - Loss: 0.2017
2026-05-02 07:41:30,696 - INFO - Epoch 11 [1160/1217] - Loss: 0.2019
2026-05-02 07:41:33,891 - INFO - Epoch 11 [1170/1217] - Loss: 0.2025
2026-05-02 07:41:37,145 - INFO - Epoch 11 [1180/1217] - Loss: 0.2018
2026-05-02 07:41:40,471 - INFO - Epoch 11 [1190/1217] - Loss: 0.2020
2026-05-02 07:41:43,762 - INFO - Epoch 11 [1200/1217] - Loss: 0.2016
2026-05-02 07:41:47,051 - INFO - Epoch 11 [1210/1217] - Loss: 0.2012
2026-05-02 07:42:54,281 - INFO - VAL Epoch 11 | Loss: 0.7045 | IoU: 0.8939 | Prec: 0.8219 | F1: 0.8471 | Acc: 0.7358 | MAPE_L: 6.10%
2026-05-02 07:42:55,256 - INFO - Epoch 12 [0/1217] - Loss: 0.1625
2026-05-02 07:43:03,164 - INFO - Epoch 12 [10/1217] - Loss: 0.2350
2026-05-02 07:43:06,393 - INFO - Epoch 12 [20/1217] - Loss: 0.2280
2026-05-02 07:43:09,611 - INFO - Epoch 12 [30/1217] - Loss: 0.1877
2026-05-02 07:43:12,874 - INFO - Epoch 12 [40/1217] - Loss: 0.2035
2026-05-02 07:43:16,140 - INFO - Epoch 12 [50/1217] - Loss: 0.2213
2026-05-02 07:43:19,285 - INFO - Epoch 12 [60/1217] - Loss: 0.2098
2026-05-02 07:43:22,587 - INFO - Epoch 12 [70/1217] - Loss: 0.2108
2026-05-02 07:43:25,945 - INFO - Epoch 12 [80/1217] - Loss: 0.2026
2026-05-02 07:43:29,275 - INFO - Epoch 12 [90/1217] - Loss: 0.2108
2026-05-02 07:43:32,598 - INFO - Epoch 12 [100/1217] - Loss: 0.2117
2026-05-02 07:43:35,833 - INFO - Epoch 12 [110/1217] - Loss: 0.2041
2026-05-02 07:43:39,167 - INFO - Epoch 12 [120/1217] - Loss: 0.2047
2026-05-02 07:43:42,509 - INFO - Epoch 12 [130/1217] - Loss: 0.2027
2026-05-02 07:43:45,739 - INFO - Epoch 12 [140/1217] - Loss: 0.2284
2026-05-02 07:43:49,065 - INFO - Epoch 12 [150/1217] - Loss: 0.2267
2026-05-02 07:43:52,244 - INFO - Epoch 12 [160/1217] - Loss: 0.2221
2026-05-02 07:43:55,572 - INFO - Epoch 12 [170/1217] - Loss: 0.2200
2026-05-02 07:43:58,838 - INFO - Epoch 12 [180/1217] - Loss: 0.2187
2026-05-02 07:44:02,153 - INFO - Epoch 12 [190/1217] - Loss: 0.2307
2026-05-02 07:44:05,386 - INFO - Epoch 12 [200/1217] - Loss: 0.2275
2026-05-02 07:44:08,605 - INFO - Epoch 12 [210/1217] - Loss: 0.2246
2026-05-02 07:44:11,854 - INFO - Epoch 12 [220/1217] - Loss: 0.2203
2026-05-02 07:44:15,072 - INFO - Epoch 12 [230/1217] - Loss: 0.2202
2026-05-02 07:44:18,378 - INFO - Epoch 12 [240/1217] - Loss: 0.2183
2026-05-02 07:44:21,676 - INFO - Epoch 12 [250/1217] - Loss: 0.2230
2026-05-02 07:44:24,937 - INFO - Epoch 12 [260/1217] - Loss: 0.2192
2026-05-02 07:44:28,080 - INFO - Epoch 12 [270/1217] - Loss: 0.2182
2026-05-02 07:44:31,309 - INFO - Epoch 12 [280/1217] - Loss: 0.2155
2026-05-02 07:44:34,625 - INFO - Epoch 12 [290/1217] - Loss: 0.2157
2026-05-02 07:44:37,885 - INFO - Epoch 12 [300/1217] - Loss: 0.2156
2026-05-02 07:44:41,102 - INFO - Epoch 12 [310/1217] - Loss: 0.2141
2026-05-02 07:44:44,374 - INFO - Epoch 12 [320/1217] - Loss: 0.2130
2026-05-02 07:44:47,621 - INFO - Epoch 12 [330/1217] - Loss: 0.2126
2026-05-02 07:44:50,887 - INFO - Epoch 12 [340/1217] - Loss: 0.2116
2026-05-02 07:44:54,021 - INFO - Epoch 12 [350/1217] - Loss: 0.2106
2026-05-02 07:44:57,357 - INFO - Epoch 12 [360/1217] - Loss: 0.2085
2026-05-02 07:45:00,653 - INFO - Epoch 12 [370/1217] - Loss: 0.2083
2026-05-02 07:45:03,942 - INFO - Epoch 12 [380/1217] - Loss: 0.2108
2026-05-02 07:45:07,209 - INFO - Epoch 12 [390/1217] - Loss: 0.2106
2026-05-02 07:45:10,385 - INFO - Epoch 12 [400/1217] - Loss: 0.2092
2026-05-02 07:45:13,640 - INFO - Epoch 12 [410/1217] - Loss: 0.2187
2026-05-02 07:45:16,840 - INFO - Epoch 12 [420/1217] - Loss: 0.2167
2026-05-02 07:45:20,043 - INFO - Epoch 12 [430/1217] - Loss: 0.2172
2026-05-02 07:45:23,298 - INFO - Epoch 12 [440/1217] - Loss: 0.2173
2026-05-02 07:45:26,604 - INFO - Epoch 12 [450/1217] - Loss: 0.2171
2026-05-02 07:45:29,888 - INFO - Epoch 12 [460/1217] - Loss: 0.2157
2026-05-02 07:45:33,162 - INFO - Epoch 12 [470/1217] - Loss: 0.2143
2026-05-02 07:45:36,364 - INFO - Epoch 12 [480/1217] - Loss: 0.2132
2026-05-02 07:45:39,730 - INFO - Epoch 12 [490/1217] - Loss: 0.2130
2026-05-02 07:45:43,019 - INFO - Epoch 12 [500/1217] - Loss: 0.2114
2026-05-02 07:45:46,170 - INFO - Epoch 12 [510/1217] - Loss: 0.2107
2026-05-02 07:45:49,514 - INFO - Epoch 12 [520/1217] - Loss: 0.2095
2026-05-02 07:45:52,872 - INFO - Epoch 12 [530/1217] - Loss: 0.2092
2026-05-02 07:45:55,998 - INFO - Epoch 12 [540/1217] - Loss: 0.2085
2026-05-02 07:45:59,217 - INFO - Epoch 12 [550/1217] - Loss: 0.2080
2026-05-02 07:46:02,499 - INFO - Epoch 12 [560/1217] - Loss: 0.2106
2026-05-02 07:46:05,729 - INFO - Epoch 12 [570/1217] - Loss: 0.2097
2026-05-02 07:46:08,935 - INFO - Epoch 12 [580/1217] - Loss: 0.2098
2026-05-02 07:46:12,249 - INFO - Epoch 12 [590/1217] - Loss: 0.2099
2026-05-02 07:46:15,534 - INFO - Epoch 12 [600/1217] - Loss: 0.2090
2026-05-02 07:46:18,772 - INFO - Epoch 12 [610/1217] - Loss: 0.2104
2026-05-02 07:46:22,020 - INFO - Epoch 12 [620/1217] - Loss: 0.2106
2026-05-02 07:46:25,123 - INFO - Epoch 12 [630/1217] - Loss: 0.2097
2026-05-02 07:46:28,353 - INFO - Epoch 12 [640/1217] - Loss: 0.2097
2026-05-02 07:46:31,389 - INFO - Epoch 12 [650/1217] - Loss: 0.2088
2026-05-02 07:46:34,689 - INFO - Epoch 12 [660/1217] - Loss: 0.2079
2026-05-02 07:46:37,946 - INFO - Epoch 12 [670/1217] - Loss: 0.2074
2026-05-02 07:46:41,126 - INFO - Epoch 12 [680/1217] - Loss: 0.2068
2026-05-02 07:46:44,390 - INFO - Epoch 12 [690/1217] - Loss: 0.2078
2026-05-02 07:46:47,608 - INFO - Epoch 12 [700/1217] - Loss: 0.2078
2026-05-02 07:46:50,851 - INFO - Epoch 12 [710/1217] - Loss: 0.2068
2026-05-02 07:46:54,170 - INFO - Epoch 12 [720/1217] - Loss: 0.2071
2026-05-02 07:46:57,458 - INFO - Epoch 12 [730/1217] - Loss: 0.2065
2026-05-02 07:47:00,693 - INFO - Epoch 12 [740/1217] - Loss: 0.2057
2026-05-02 07:47:03,893 - INFO - Epoch 12 [750/1217] - Loss: 0.2051
2026-05-02 07:47:07,152 - INFO - Epoch 12 [760/1217] - Loss: 0.2047
2026-05-02 07:47:10,333 - INFO - Epoch 12 [770/1217] - Loss: 0.2056
2026-05-02 07:47:13,521 - INFO - Epoch 12 [780/1217] - Loss: 0.2070
2026-05-02 07:47:16,727 - INFO - Epoch 12 [790/1217] - Loss: 0.2064
2026-05-02 07:47:20,015 - INFO - Epoch 12 [800/1217] - Loss: 0.2083
2026-05-02 07:47:23,272 - INFO - Epoch 12 [810/1217] - Loss: 0.2083
2026-05-02 07:47:26,584 - INFO - Epoch 12 [820/1217] - Loss: 0.2083
2026-05-02 07:47:29,745 - INFO - Epoch 12 [830/1217] - Loss: 0.2089
2026-05-02 07:47:32,956 - INFO - Epoch 12 [840/1217] - Loss: 0.2083
2026-05-02 07:47:36,103 - INFO - Epoch 12 [850/1217] - Loss: 0.2078
2026-05-02 07:47:39,412 - INFO - Epoch 12 [860/1217] - Loss: 0.2072
2026-05-02 07:47:42,756 - INFO - Epoch 12 [870/1217] - Loss: 0.2074
2026-05-02 07:47:46,016 - INFO - Epoch 12 [880/1217] - Loss: 0.2072
2026-05-02 07:47:49,025 - INFO - Epoch 12 [890/1217] - Loss: 0.2065
2026-05-02 07:47:52,240 - INFO - Epoch 12 [900/1217] - Loss: 0.2058
2026-05-02 07:47:55,576 - INFO - Epoch 12 [910/1217] - Loss: 0.2058
2026-05-02 07:47:58,806 - INFO - Epoch 12 [920/1217] - Loss: 0.2055
2026-05-02 07:48:02,120 - INFO - Epoch 12 [930/1217] - Loss: 0.2057
2026-05-02 07:48:05,460 - INFO - Epoch 12 [940/1217] - Loss: 0.2060
2026-05-02 07:48:08,703 - INFO - Epoch 12 [950/1217] - Loss: 0.2052
2026-05-02 07:48:11,992 - INFO - Epoch 12 [960/1217] - Loss: 0.2053
2026-05-02 07:48:15,141 - INFO - Epoch 12 [970/1217] - Loss: 0.2055
2026-05-02 07:48:18,445 - INFO - Epoch 12 [980/1217] - Loss: 0.2056
2026-05-02 07:48:21,682 - INFO - Epoch 12 [990/1217] - Loss: 0.2051
2026-05-02 07:48:24,818 - INFO - Epoch 12 [1000/1217] - Loss: 0.2050
2026-05-02 07:48:27,854 - INFO - Epoch 12 [1010/1217] - Loss: 0.2050
2026-05-02 07:48:31,016 - INFO - Epoch 12 [1020/1217] - Loss: 0.2044
2026-05-02 07:48:34,338 - INFO - Epoch 12 [1030/1217] - Loss: 0.2037
2026-05-02 07:48:37,550 - INFO - Epoch 12 [1040/1217] - Loss: 0.2032
2026-05-02 07:48:40,812 - INFO - Epoch 12 [1050/1217] - Loss: 0.2026
2026-05-02 07:48:44,168 - INFO - Epoch 12 [1060/1217] - Loss: 0.2029
2026-05-02 07:48:47,420 - INFO - Epoch 12 [1070/1217] - Loss: 0.2022
2026-05-02 07:48:50,653 - INFO - Epoch 12 [1080/1217] - Loss: 0.2015
2026-05-02 07:48:53,907 - INFO - Epoch 12 [1090/1217] - Loss: 0.2015
2026-05-02 07:48:57,192 - INFO - Epoch 12 [1100/1217] - Loss: 0.2014
2026-05-02 07:49:00,529 - INFO - Epoch 12 [1110/1217] - Loss: 0.2024
2026-05-02 07:49:03,763 - INFO - Epoch 12 [1120/1217] - Loss: 0.2023
2026-05-02 07:49:07,009 - INFO - Epoch 12 [1130/1217] - Loss: 0.2022
2026-05-02 07:49:10,235 - INFO - Epoch 12 [1140/1217] - Loss: 0.2024
2026-05-02 07:49:13,325 - INFO - Epoch 12 [1150/1217] - Loss: 0.2026
2026-05-02 07:49:16,655 - INFO - Epoch 12 [1160/1217] - Loss: 0.2021
2026-05-02 07:49:19,921 - INFO - Epoch 12 [1170/1217] - Loss: 0.2019
2026-05-02 07:49:23,196 - INFO - Epoch 12 [1180/1217] - Loss: 0.2017
2026-05-02 07:49:26,495 - INFO - Epoch 12 [1190/1217] - Loss: 0.2033
2026-05-02 07:49:29,773 - INFO - Epoch 12 [1200/1217] - Loss: 0.2029
2026-05-02 07:49:32,902 - INFO - Epoch 12 [1210/1217] - Loss: 0.2028
2026-05-02 07:50:44,898 - INFO - VAL Epoch 12 | Loss: 0.7103 | IoU: 0.8904 | Prec: 0.8737 | F1: 0.8655 | Acc: 0.7500 | MAPE_L: 5.93%
2026-05-02 07:50:45,774 - INFO - Epoch 13 [0/1217] - Loss: 0.1032
2026-05-02 07:50:48,967 - INFO - Epoch 13 [10/1217] - Loss: 0.1591
2026-05-02 07:50:52,144 - INFO - Epoch 13 [20/1217] - Loss: 0.1932
2026-05-02 07:50:55,270 - INFO - Epoch 13 [30/1217] - Loss: 0.1804
2026-05-02 07:50:58,267 - INFO - Epoch 13 [40/1217] - Loss: 0.1684
2026-05-02 07:51:01,508 - INFO - Epoch 13 [50/1217] - Loss: 0.1723
2026-05-02 07:51:04,798 - INFO - Epoch 13 [60/1217] - Loss: 0.1953
2026-05-02 07:51:07,958 - INFO - Epoch 13 [70/1217] - Loss: 0.1938
2026-05-02 07:51:11,251 - INFO - Epoch 13 [80/1217] - Loss: 0.1886
2026-05-02 07:51:14,572 - INFO - Epoch 13 [90/1217] - Loss: 0.1861
2026-05-02 07:51:17,911 - INFO - Epoch 13 [100/1217] - Loss: 0.1866
2026-05-02 07:51:21,100 - INFO - Epoch 13 [110/1217] - Loss: 0.1882
2026-05-02 07:51:24,406 - INFO - Epoch 13 [120/1217] - Loss: 0.1849
2026-05-02 07:51:27,600 - INFO - Epoch 13 [130/1217] - Loss: 0.1895
2026-05-02 07:51:30,848 - INFO - Epoch 13 [140/1217] - Loss: 0.1905
2026-05-02 07:51:34,217 - INFO - Epoch 13 [150/1217] - Loss: 0.1948
2026-05-02 07:51:37,357 - INFO - Epoch 13 [160/1217] - Loss: 0.1990
2026-05-02 07:51:40,661 - INFO - Epoch 13 [170/1217] - Loss: 0.1995
2026-05-02 07:51:43,954 - INFO - Epoch 13 [180/1217] - Loss: 0.1979
2026-05-02 07:51:47,211 - INFO - Epoch 13 [190/1217] - Loss: 0.2045
2026-05-02 07:51:50,325 - INFO - Epoch 13 [200/1217] - Loss: 0.2092
2026-05-02 07:51:53,582 - INFO - Epoch 13 [210/1217] - Loss: 0.2063
2026-05-02 07:51:56,729 - INFO - Epoch 13 [220/1217] - Loss: 0.2065
2026-05-02 07:52:00,051 - INFO - Epoch 13 [230/1217] - Loss: 0.2059
2026-05-02 07:52:03,209 - INFO - Epoch 13 [240/1217] - Loss: 0.2066
2026-05-02 07:52:06,492 - INFO - Epoch 13 [250/1217] - Loss: 0.2040
2026-05-02 07:52:09,745 - INFO - Epoch 13 [260/1217] - Loss: 0.2062
2026-05-02 07:52:12,997 - INFO - Epoch 13 [270/1217] - Loss: 0.2044
2026-05-02 07:52:16,359 - INFO - Epoch 13 [280/1217] - Loss: 0.2026
2026-05-02 07:52:19,628 - INFO - Epoch 13 [290/1217] - Loss: 0.2011
2026-05-02 07:52:22,886 - INFO - Epoch 13 [300/1217] - Loss: 0.2013
2026-05-02 07:52:26,140 - INFO - Epoch 13 [310/1217] - Loss: 0.2013
2026-05-02 07:52:29,363 - INFO - Epoch 13 [320/1217] - Loss: 0.2008
2026-05-02 07:52:32,562 - INFO - Epoch 13 [330/1217] - Loss: 0.2029
2026-05-02 07:52:35,824 - INFO - Epoch 13 [340/1217] - Loss: 0.2036
2026-05-02 07:52:39,129 - INFO - Epoch 13 [350/1217] - Loss: 0.2022
2026-05-02 07:52:42,420 - INFO - Epoch 13 [360/1217] - Loss: 0.2008
2026-05-02 07:52:45,697 - INFO - Epoch 13 [370/1217] - Loss: 0.2004
2026-05-02 07:52:49,006 - INFO - Epoch 13 [380/1217] - Loss: 0.1996
2026-05-02 07:52:52,300 - INFO - Epoch 13 [390/1217] - Loss: 0.1986
2026-05-02 07:52:55,603 - INFO - Epoch 13 [400/1217] - Loss: 0.2008
2026-05-02 07:52:58,880 - INFO - Epoch 13 [410/1217] - Loss: 0.1999
2026-05-02 07:53:02,132 - INFO - Epoch 13 [420/1217] - Loss: 0.2026
2026-05-02 07:53:05,383 - INFO - Epoch 13 [430/1217] - Loss: 0.2032
2026-05-02 07:53:08,665 - INFO - Epoch 13 [440/1217] - Loss: 0.2026
2026-05-02 07:53:11,956 - INFO - Epoch 13 [450/1217] - Loss: 0.2031
2026-05-02 07:53:15,282 - INFO - Epoch 13 [460/1217] - Loss: 0.2021
2026-05-02 07:53:18,610 - INFO - Epoch 13 [470/1217] - Loss: 0.2004
2026-05-02 07:53:21,889 - INFO - Epoch 13 [480/1217] - Loss: 0.1992
2026-05-02 07:53:25,243 - INFO - Epoch 13 [490/1217] - Loss: 0.1987
2026-05-02 07:53:28,222 - INFO - Epoch 13 [500/1217] - Loss: 0.1973
2026-05-02 07:53:31,315 - INFO - Epoch 13 [510/1217] - Loss: 0.1984
2026-05-02 07:53:34,507 - INFO - Epoch 13 [520/1217] - Loss: 0.1978
2026-05-02 07:53:37,743 - INFO - Epoch 13 [530/1217] - Loss: 0.1967
2026-05-02 07:53:41,050 - INFO - Epoch 13 [540/1217] - Loss: 0.1968
2026-05-02 07:53:44,025 - INFO - Epoch 13 [550/1217] - Loss: 0.1961
2026-05-02 07:53:47,301 - INFO - Epoch 13 [560/1217] - Loss: 0.1959
2026-05-02 07:53:50,567 - INFO - Epoch 13 [570/1217] - Loss: 0.1947
2026-05-02 07:53:53,818 - INFO - Epoch 13 [580/1217] - Loss: 0.1956
2026-05-02 07:53:57,064 - INFO - Epoch 13 [590/1217] - Loss: 0.1942
2026-05-02 07:54:00,334 - INFO - Epoch 13 [600/1217] - Loss: 0.1937
2026-05-02 07:54:03,682 - INFO - Epoch 13 [610/1217] - Loss: 0.1963
2026-05-02 07:54:06,877 - INFO - Epoch 13 [620/1217] - Loss: 0.1964
2026-05-02 07:54:10,233 - INFO - Epoch 13 [630/1217] - Loss: 0.1976
2026-05-02 07:54:13,548 - INFO - Epoch 13 [640/1217] - Loss: 0.1971
2026-05-02 07:54:16,730 - INFO - Epoch 13 [650/1217] - Loss: 0.1969
2026-05-02 07:54:19,911 - INFO - Epoch 13 [660/1217] - Loss: 0.1969
2026-05-02 07:54:23,082 - INFO - Epoch 13 [670/1217] - Loss: 0.1976
2026-05-02 07:54:26,358 - INFO - Epoch 13 [680/1217] - Loss: 0.1971
2026-05-02 07:54:29,688 - INFO - Epoch 13 [690/1217] - Loss: 0.1974
2026-05-02 07:54:32,993 - INFO - Epoch 13 [700/1217] - Loss: 0.1969
2026-05-02 07:54:36,279 - INFO - Epoch 13 [710/1217] - Loss: 0.1964
2026-05-02 07:54:39,594 - INFO - Epoch 13 [720/1217] - Loss: 0.1959
2026-05-02 07:54:42,805 - INFO - Epoch 13 [730/1217] - Loss: 0.1957
2026-05-02 07:54:46,038 - INFO - Epoch 13 [740/1217] - Loss: 0.1958
2026-05-02 07:54:49,097 - INFO - Epoch 13 [750/1217] - Loss: 0.1954
2026-05-02 07:54:52,308 - INFO - Epoch 13 [760/1217] - Loss: 0.1963
2026-05-02 07:54:55,655 - INFO - Epoch 13 [770/1217] - Loss: 0.1954
2026-05-02 07:54:58,954 - INFO - Epoch 13 [780/1217] - Loss: 0.1948
2026-05-02 07:55:02,214 - INFO - Epoch 13 [790/1217] - Loss: 0.1938
2026-05-02 07:55:05,363 - INFO - Epoch 13 [800/1217] - Loss: 0.1933
2026-05-02 07:55:08,600 - INFO - Epoch 13 [810/1217] - Loss: 0.1922
2026-05-02 07:55:11,900 - INFO - Epoch 13 [820/1217] - Loss: 0.1920
2026-05-02 07:55:15,203 - INFO - Epoch 13 [830/1217] - Loss: 0.1917
2026-05-02 07:55:18,409 - INFO - Epoch 13 [840/1217] - Loss: 0.1908
2026-05-02 07:55:21,716 - INFO - Epoch 13 [850/1217] - Loss: 0.1904
2026-05-02 07:55:24,996 - INFO - Epoch 13 [860/1217] - Loss: 0.1901
2026-05-02 07:55:28,262 - INFO - Epoch 13 [870/1217] - Loss: 0.1898
2026-05-02 07:55:31,588 - INFO - Epoch 13 [880/1217] - Loss: 0.1906
2026-05-02 07:55:34,875 - INFO - Epoch 13 [890/1217] - Loss: 0.1910
2026-05-02 07:55:37,958 - INFO - Epoch 13 [900/1217] - Loss: 0.1909
2026-05-02 07:55:41,307 - INFO - Epoch 13 [910/1217] - Loss: 0.1914
2026-05-02 07:55:44,563 - INFO - Epoch 13 [920/1217] - Loss: 0.1915
2026-05-02 07:55:47,860 - INFO - Epoch 13 [930/1217] - Loss: 0.1923
2026-05-02 07:55:51,117 - INFO - Epoch 13 [940/1217] - Loss: 0.1916
2026-05-02 07:55:54,320 - INFO - Epoch 13 [950/1217] - Loss: 0.1919
2026-05-02 07:55:57,569 - INFO - Epoch 13 [960/1217] - Loss: 0.1913
2026-05-02 07:56:00,836 - INFO - Epoch 13 [970/1217] - Loss: 0.1912
2026-05-02 07:56:04,155 - INFO - Epoch 13 [980/1217] - Loss: 0.1906
2026-05-02 07:56:07,441 - INFO - Epoch 13 [990/1217] - Loss: 0.1913
2026-05-02 07:56:10,714 - INFO - Epoch 13 [1000/1217] - Loss: 0.1916
2026-05-02 07:56:14,083 - INFO - Epoch 13 [1010/1217] - Loss: 0.1913
2026-05-02 07:56:17,291 - INFO - Epoch 13 [1020/1217] - Loss: 0.1910
2026-05-02 07:56:20,448 - INFO - Epoch 13 [1030/1217] - Loss: 0.1911
2026-05-02 07:56:23,609 - INFO - Epoch 13 [1040/1217] - Loss: 0.1915
2026-05-02 07:56:26,735 - INFO - Epoch 13 [1050/1217] - Loss: 0.1910
2026-05-02 07:56:29,929 - INFO - Epoch 13 [1060/1217] - Loss: 0.1910
2026-05-02 07:56:33,184 - INFO - Epoch 13 [1070/1217] - Loss: 0.1915
2026-05-02 07:56:36,459 - INFO - Epoch 13 [1080/1217] - Loss: 0.1916
2026-05-02 07:56:39,752 - INFO - Epoch 13 [1090/1217] - Loss: 0.1918
2026-05-02 07:56:43,060 - INFO - Epoch 13 [1100/1217] - Loss: 0.1916
2026-05-02 07:56:46,293 - INFO - Epoch 13 [1110/1217] - Loss: 0.1911
2026-05-02 07:56:49,649 - INFO - Epoch 13 [1120/1217] - Loss: 0.1913
2026-05-02 07:56:52,911 - INFO - Epoch 13 [1130/1217] - Loss: 0.1914
2026-05-02 07:56:56,157 - INFO - Epoch 13 [1140/1217] - Loss: 0.1912
2026-05-02 07:56:59,391 - INFO - Epoch 13 [1150/1217] - Loss: 0.1916
2026-05-02 07:57:02,681 - INFO - Epoch 13 [1160/1217] - Loss: 0.1925
2026-05-02 07:57:06,024 - INFO - Epoch 13 [1170/1217] - Loss: 0.1919
2026-05-02 07:57:09,314 - INFO - Epoch 13 [1180/1217] - Loss: 0.1919
2026-05-02 07:57:12,537 - INFO - Epoch 13 [1190/1217] - Loss: 0.1922
2026-05-02 07:57:15,816 - INFO - Epoch 13 [1200/1217] - Loss: 0.1916
2026-05-02 07:57:19,094 - INFO - Epoch 13 [1210/1217] - Loss: 0.1915
2026-05-02 07:58:26,608 - INFO - VAL Epoch 13 | Loss: 0.6950 | IoU: 0.8953 | Prec: 0.8677 | F1: 0.8642 | Acc: 0.7563 | MAPE_L: 6.25%
2026-05-02 07:58:27,459 - INFO - Epoch 14 [0/1217] - Loss: 0.2117
2026-05-02 07:58:30,685 - INFO - Epoch 14 [10/1217] - Loss: 0.1340
2026-05-02 07:58:33,895 - INFO - Epoch 14 [20/1217] - Loss: 0.1388
2026-05-02 07:58:37,131 - INFO - Epoch 14 [30/1217] - Loss: 0.1521
2026-05-02 07:58:40,389 - INFO - Epoch 14 [40/1217] - Loss: 0.1554
2026-05-02 07:58:43,658 - INFO - Epoch 14 [50/1217] - Loss: 0.1539
2026-05-02 07:58:46,876 - INFO - Epoch 14 [60/1217] - Loss: 0.1662
2026-05-02 07:58:50,100 - INFO - Epoch 14 [70/1217] - Loss: 0.1568
2026-05-02 07:58:53,315 - INFO - Epoch 14 [80/1217] - Loss: 0.1597
2026-05-02 07:58:56,466 - INFO - Epoch 14 [90/1217] - Loss: 0.1631
2026-05-02 07:58:59,676 - INFO - Epoch 14 [100/1217] - Loss: 0.1628
2026-05-02 07:59:02,918 - INFO - Epoch 14 [110/1217] - Loss: 0.1621
2026-05-02 07:59:05,923 - INFO - Epoch 14 [120/1217] - Loss: 0.1624
2026-05-02 07:59:09,178 - INFO - Epoch 14 [130/1217] - Loss: 0.1613
2026-05-02 07:59:12,493 - INFO - Epoch 14 [140/1217] - Loss: 0.1639
2026-05-02 07:59:15,795 - INFO - Epoch 14 [150/1217] - Loss: 0.1629
2026-05-02 07:59:19,089 - INFO - Epoch 14 [160/1217] - Loss: 0.1587
2026-05-02 07:59:22,221 - INFO - Epoch 14 [170/1217] - Loss: 0.1618
2026-05-02 07:59:25,367 - INFO - Epoch 14 [180/1217] - Loss: 0.1632
2026-05-02 07:59:28,524 - INFO - Epoch 14 [190/1217] - Loss: 0.1602
2026-05-02 07:59:31,708 - INFO - Epoch 14 [200/1217] - Loss: 0.1615
2026-05-02 07:59:34,855 - INFO - Epoch 14 [210/1217] - Loss: 0.1581
2026-05-02 07:59:37,994 - INFO - Epoch 14 [220/1217] - Loss: 0.1574
2026-05-02 07:59:41,332 - INFO - Epoch 14 [230/1217] - Loss: 0.1618
2026-05-02 07:59:44,680 - INFO - Epoch 14 [240/1217] - Loss: 0.1656
2026-05-02 07:59:47,972 - INFO - Epoch 14 [250/1217] - Loss: 0.1638
2026-05-02 07:59:51,019 - INFO - Epoch 14 [260/1217] - Loss: 0.1679
2026-05-02 07:59:54,306 - INFO - Epoch 14 [270/1217] - Loss: 0.1660
2026-05-02 07:59:57,569 - INFO - Epoch 14 [280/1217] - Loss: 0.1676
2026-05-02 08:00:00,822 - INFO - Epoch 14 [290/1217] - Loss: 0.1693
2026-05-02 08:00:04,079 - INFO - Epoch 14 [300/1217] - Loss: 0.1678
2026-05-02 08:00:07,317 - INFO - Epoch 14 [310/1217] - Loss: 0.1654
2026-05-02 08:00:10,613 - INFO - Epoch 14 [320/1217] - Loss: 0.1663
2026-05-02 08:00:13,874 - INFO - Epoch 14 [330/1217] - Loss: 0.1678
2026-05-02 08:00:17,125 - INFO - Epoch 14 [340/1217] - Loss: 0.1688
2026-05-02 08:00:20,390 - INFO - Epoch 14 [350/1217] - Loss: 0.1678
2026-05-02 08:00:23,687 - INFO - Epoch 14 [360/1217] - Loss: 0.1667
2026-05-02 08:00:26,892 - INFO - Epoch 14 [370/1217] - Loss: 0.1692
2026-05-02 08:00:30,066 - INFO - Epoch 14 [380/1217] - Loss: 0.1727
2026-05-02 08:00:33,330 - INFO - Epoch 14 [390/1217] - Loss: 0.1773
2026-05-02 08:00:36,580 - INFO - Epoch 14 [400/1217] - Loss: 0.1759
2026-05-02 08:00:39,844 - INFO - Epoch 14 [410/1217] - Loss: 0.1782
2026-05-02 08:00:43,097 - INFO - Epoch 14 [420/1217] - Loss: 0.1778
2026-05-02 08:00:46,290 - INFO - Epoch 14 [430/1217] - Loss: 0.1785
2026-05-02 08:00:49,577 - INFO - Epoch 14 [440/1217] - Loss: 0.1784
2026-05-02 08:00:52,896 - INFO - Epoch 14 [450/1217] - Loss: 0.1816
2026-05-02 08:00:56,135 - INFO - Epoch 14 [460/1217] - Loss: 0.1832
2026-05-02 08:00:59,316 - INFO - Epoch 14 [470/1217] - Loss: 0.1837
2026-05-02 08:01:02,623 - INFO - Epoch 14 [480/1217] - Loss: 0.1841
2026-05-02 08:01:05,904 - INFO - Epoch 14 [490/1217] - Loss: 0.1832
2026-05-02 08:01:09,077 - INFO - Epoch 14 [500/1217] - Loss: 0.1830
2026-05-02 08:01:12,341 - INFO - Epoch 14 [510/1217] - Loss: 0.1828
2026-05-02 08:01:15,587 - INFO - Epoch 14 [520/1217] - Loss: 0.1846
2026-05-02 08:01:18,785 - INFO - Epoch 14 [530/1217] - Loss: 0.1850
2026-05-02 08:01:22,056 - INFO - Epoch 14 [540/1217] - Loss: 0.1850
2026-05-02 08:01:25,238 - INFO - Epoch 14 [550/1217] - Loss: 0.1853
2026-05-02 08:01:28,431 - INFO - Epoch 14 [560/1217] - Loss: 0.1853
2026-05-02 08:01:31,759 - INFO - Epoch 14 [570/1217] - Loss: 0.1853
2026-05-02 08:01:35,044 - INFO - Epoch 14 [580/1217] - Loss: 0.1850
2026-05-02 08:01:38,298 - INFO - Epoch 14 [590/1217] - Loss: 0.1840
2026-05-02 08:01:41,583 - INFO - Epoch 14 [600/1217] - Loss: 0.1842
2026-05-02 08:01:44,814 - INFO - Epoch 14 [610/1217] - Loss: 0.1848
2026-05-02 08:01:47,920 - INFO - Epoch 14 [620/1217] - Loss: 0.1855
2026-05-02 08:01:51,152 - INFO - Epoch 14 [630/1217] - Loss: 0.1850
2026-05-02 08:01:54,421 - INFO - Epoch 14 [640/1217] - Loss: 0.1861
2026-05-02 08:01:57,625 - INFO - Epoch 14 [650/1217] - Loss: 0.1849
2026-05-02 08:02:00,877 - INFO - Epoch 14 [660/1217] - Loss: 0.1842
2026-05-02 08:02:04,043 - INFO - Epoch 14 [670/1217] - Loss: 0.1858
2026-05-02 08:02:07,155 - INFO - Epoch 14 [680/1217] - Loss: 0.1862
2026-05-02 08:02:10,437 - INFO - Epoch 14 [690/1217] - Loss: 0.1855
2026-05-02 08:02:13,584 - INFO - Epoch 14 [700/1217] - Loss: 0.1854
2026-05-02 08:02:16,868 - INFO - Epoch 14 [710/1217] - Loss: 0.1857
2026-05-02 08:02:20,174 - INFO - Epoch 14 [720/1217] - Loss: 0.1865
2026-05-02 08:02:23,413 - INFO - Epoch 14 [730/1217] - Loss: 0.1875
2026-05-02 08:02:26,775 - INFO - Epoch 14 [740/1217] - Loss: 0.1888
2026-05-02 08:02:30,114 - INFO - Epoch 14 [750/1217] - Loss: 0.1884
2026-05-02 08:02:33,353 - INFO - Epoch 14 [760/1217] - Loss: 0.1876
2026-05-02 08:02:36,540 - INFO - Epoch 14 [770/1217] - Loss: 0.1878
2026-05-02 08:02:39,796 - INFO - Epoch 14 [780/1217] - Loss: 0.1883
2026-05-02 08:02:43,119 - INFO - Epoch 14 [790/1217] - Loss: 0.1905
2026-05-02 08:02:46,368 - INFO - Epoch 14 [800/1217] - Loss: 0.1895
2026-05-02 08:02:49,387 - INFO - Epoch 14 [810/1217] - Loss: 0.1893
2026-05-02 08:02:52,547 - INFO - Epoch 14 [820/1217] - Loss: 0.1897
2026-05-02 08:02:55,841 - INFO - Epoch 14 [830/1217] - Loss: 0.1900
2026-05-02 08:02:59,084 - INFO - Epoch 14 [840/1217] - Loss: 0.1894
2026-05-02 08:03:02,362 - INFO - Epoch 14 [850/1217] - Loss: 0.1900
2026-05-02 08:03:05,540 - INFO - Epoch 14 [860/1217] - Loss: 0.1893
2026-05-02 08:03:08,908 - INFO - Epoch 14 [870/1217] - Loss: 0.1888
2026-05-02 08:03:12,150 - INFO - Epoch 14 [880/1217] - Loss: 0.1882
2026-05-02 08:03:15,213 - INFO - Epoch 14 [890/1217] - Loss: 0.1878
2026-05-02 08:03:18,327 - INFO - Epoch 14 [900/1217] - Loss: 0.1874
2026-05-02 08:03:21,590 - INFO - Epoch 14 [910/1217] - Loss: 0.1874
2026-05-02 08:03:24,838 - INFO - Epoch 14 [920/1217] - Loss: 0.1877
2026-05-02 08:03:28,017 - INFO - Epoch 14 [930/1217] - Loss: 0.1875
2026-05-02 08:03:31,277 - INFO - Epoch 14 [940/1217] - Loss: 0.1871
2026-05-02 08:03:34,529 - INFO - Epoch 14 [950/1217] - Loss: 0.1875
2026-05-02 08:03:37,762 - INFO - Epoch 14 [960/1217] - Loss: 0.1870
2026-05-02 08:03:40,963 - INFO - Epoch 14 [970/1217] - Loss: 0.1872
2026-05-02 08:03:44,070 - INFO - Epoch 14 [980/1217] - Loss: 0.1867
2026-05-02 08:03:47,326 - INFO - Epoch 14 [990/1217] - Loss: 0.1871
2026-05-02 08:03:50,496 - INFO - Epoch 14 [1000/1217] - Loss: 0.1876
2026-05-02 08:03:53,784 - INFO - Epoch 14 [1010/1217] - Loss: 0.1878
2026-05-02 08:03:57,067 - INFO - Epoch 14 [1020/1217] - Loss: 0.1873
2026-05-02 08:04:00,338 - INFO - Epoch 14 [1030/1217] - Loss: 0.1869
2026-05-02 08:04:03,389 - INFO - Epoch 14 [1040/1217] - Loss: 0.1867
2026-05-02 08:04:06,555 - INFO - Epoch 14 [1050/1217] - Loss: 0.1864
2026-05-02 08:04:09,811 - INFO - Epoch 14 [1060/1217] - Loss: 0.1862
2026-05-02 08:04:13,079 - INFO - Epoch 14 [1070/1217] - Loss: 0.1870
2026-05-02 08:04:16,413 - INFO - Epoch 14 [1080/1217] - Loss: 0.1871
2026-05-02 08:04:19,581 - INFO - Epoch 14 [1090/1217] - Loss: 0.1866
2026-05-02 08:04:22,829 - INFO - Epoch 14 [1100/1217] - Loss: 0.1862
2026-05-02 08:04:26,137 - INFO - Epoch 14 [1110/1217] - Loss: 0.1860
2026-05-02 08:04:29,395 - INFO - Epoch 14 [1120/1217] - Loss: 0.1858
2026-05-02 08:04:32,694 - INFO - Epoch 14 [1130/1217] - Loss: 0.1858
2026-05-02 08:04:35,921 - INFO - Epoch 14 [1140/1217] - Loss: 0.1856
2026-05-02 08:04:39,236 - INFO - Epoch 14 [1150/1217] - Loss: 0.1853
2026-05-02 08:04:42,492 - INFO - Epoch 14 [1160/1217] - Loss: 0.1853
2026-05-02 08:04:45,770 - INFO - Epoch 14 [1170/1217] - Loss: 0.1853
2026-05-02 08:04:49,055 - INFO - Epoch 14 [1180/1217] - Loss: 0.1847
2026-05-02 08:04:52,273 - INFO - Epoch 14 [1190/1217] - Loss: 0.1849
2026-05-02 08:04:55,572 - INFO - Epoch 14 [1200/1217] - Loss: 0.1846
2026-05-02 08:04:58,898 - INFO - Epoch 14 [1210/1217] - Loss: 0.1845
2026-05-02 08:06:06,018 - INFO - VAL Epoch 14 | Loss: 0.6818 | IoU: 0.8958 | Prec: 0.8507 | F1: 0.8590 | Acc: 0.7303 | MAPE_L: 5.55%
2026-05-02 08:06:06,820 - INFO - Epoch 15 [0/1217] - Loss: 0.2215
2026-05-02 08:06:10,133 - INFO - Epoch 15 [10/1217] - Loss: 0.2127
2026-05-02 08:06:13,339 - INFO - Epoch 15 [20/1217] - Loss: 0.1739
2026-05-02 08:06:16,585 - INFO - Epoch 15 [30/1217] - Loss: 0.1666
2026-05-02 08:06:19,864 - INFO - Epoch 15 [40/1217] - Loss: 0.1610
2026-05-02 08:06:23,067 - INFO - Epoch 15 [50/1217] - Loss: 0.1665
2026-05-02 08:06:26,339 - INFO - Epoch 15 [60/1217] - Loss: 0.1670
2026-05-02 08:06:29,542 - INFO - Epoch 15 [70/1217] - Loss: 0.1927
2026-05-02 08:06:32,805 - INFO - Epoch 15 [80/1217] - Loss: 0.1917
2026-05-02 08:06:36,117 - INFO - Epoch 15 [90/1217] - Loss: 0.1918
2026-05-02 08:06:39,398 - INFO - Epoch 15 [100/1217] - Loss: 0.1931
2026-05-02 08:06:42,550 - INFO - Epoch 15 [110/1217] - Loss: 0.1857
2026-05-02 08:06:45,721 - INFO - Epoch 15 [120/1217] - Loss: 0.1840
2026-05-02 08:06:48,896 - INFO - Epoch 15 [130/1217] - Loss: 0.1846
2026-05-02 08:06:52,162 - INFO - Epoch 15 [140/1217] - Loss: 0.1851
2026-05-02 08:06:55,450 - INFO - Epoch 15 [150/1217] - Loss: 0.1815
2026-05-02 08:06:58,769 - INFO - Epoch 15 [160/1217] - Loss: 0.1822
2026-05-02 08:07:02,035 - INFO - Epoch 15 [170/1217] - Loss: 0.1814
2026-05-02 08:07:05,332 - INFO - Epoch 15 [180/1217] - Loss: 0.1776
2026-05-02 08:07:08,534 - INFO - Epoch 15 [190/1217] - Loss: 0.1757
2026-05-02 08:07:11,765 - INFO - Epoch 15 [200/1217] - Loss: 0.1721
2026-05-02 08:07:14,899 - INFO - Epoch 15 [210/1217] - Loss: 0.1698
2026-05-02 08:07:18,205 - INFO - Epoch 15 [220/1217] - Loss: 0.1692
2026-05-02 08:07:21,424 - INFO - Epoch 15 [230/1217] - Loss: 0.1674
2026-05-02 08:07:24,729 - INFO - Epoch 15 [240/1217] - Loss: 0.1709
2026-05-02 08:07:27,994 - INFO - Epoch 15 [250/1217] - Loss: 0.1726
2026-05-02 08:07:31,156 - INFO - Epoch 15 [260/1217] - Loss: 0.1708
2026-05-02 08:07:34,376 - INFO - Epoch 15 [270/1217] - Loss: 0.1704
2026-05-02 08:07:37,626 - INFO - Epoch 15 [280/1217] - Loss: 0.1695
2026-05-02 08:07:40,862 - INFO - Epoch 15 [290/1217] - Loss: 0.1702
2026-05-02 08:07:44,114 - INFO - Epoch 15 [300/1217] - Loss: 0.1683
2026-05-02 08:07:47,218 - INFO - Epoch 15 [310/1217] - Loss: 0.1667
2026-05-02 08:07:50,264 - INFO - Epoch 15 [320/1217] - Loss: 0.1660
2026-05-02 08:07:53,530 - INFO - Epoch 15 [330/1217] - Loss: 0.1654
2026-05-02 08:07:56,880 - INFO - Epoch 15 [340/1217] - Loss: 0.1671
2026-05-02 08:08:00,028 - INFO - Epoch 15 [350/1217] - Loss: 0.1666
2026-05-02 08:08:03,332 - INFO - Epoch 15 [360/1217] - Loss: 0.1652
2026-05-02 08:08:06,572 - INFO - Epoch 15 [370/1217] - Loss: 0.1679
2026-05-02 08:08:09,837 - INFO - Epoch 15 [380/1217] - Loss: 0.1709
2026-05-02 08:08:13,132 - INFO - Epoch 15 [390/1217] - Loss: 0.1705
2026-05-02 08:08:16,252 - INFO - Epoch 15 [400/1217] - Loss: 0.1721
2026-05-02 08:08:19,482 - INFO - Epoch 15 [410/1217] - Loss: 0.1714
2026-05-02 08:08:22,744 - INFO - Epoch 15 [420/1217] - Loss: 0.1714
2026-05-02 08:08:26,047 - INFO - Epoch 15 [430/1217] - Loss: 0.1718
2026-05-02 08:08:29,161 - INFO - Epoch 15 [440/1217] - Loss: 0.1737
2026-05-02 08:08:32,360 - INFO - Epoch 15 [450/1217] - Loss: 0.1722
2026-05-02 08:08:35,240 - INFO - Epoch 15 [460/1217] - Loss: 0.1729
2026-05-02 08:08:38,390 - INFO - Epoch 15 [470/1217] - Loss: 0.1746
2026-05-02 08:08:41,354 - INFO - Epoch 15 [480/1217] - Loss: 0.1761
2026-05-02 08:08:44,663 - INFO - Epoch 15 [490/1217] - Loss: 0.1766
2026-05-02 08:08:47,990 - INFO - Epoch 15 [500/1217] - Loss: 0.1760
2026-05-02 08:08:51,282 - INFO - Epoch 15 [510/1217] - Loss: 0.1762
2026-05-02 08:08:54,394 - INFO - Epoch 15 [520/1217] - Loss: 0.1749
2026-05-02 08:08:57,518 - INFO - Epoch 15 [530/1217] - Loss: 0.1753
2026-05-02 08:09:00,827 - INFO - Epoch 15 [540/1217] - Loss: 0.1748
2026-05-02 08:09:03,947 - INFO - Epoch 15 [550/1217] - Loss: 0.1740
2026-05-02 08:09:07,243 - INFO - Epoch 15 [560/1217] - Loss: 0.1739
2026-05-02 08:09:10,349 - INFO - Epoch 15 [570/1217] - Loss: 0.1738
2026-05-02 08:09:13,657 - INFO - Epoch 15 [580/1217] - Loss: 0.1740
2026-05-02 08:09:16,775 - INFO - Epoch 15 [590/1217] - Loss: 0.1748
2026-05-02 08:09:20,035 - INFO - Epoch 15 [600/1217] - Loss: 0.1741
2026-05-02 08:09:23,336 - INFO - Epoch 15 [610/1217] - Loss: 0.1750
2026-05-02 08:09:26,476 - INFO - Epoch 15 [620/1217] - Loss: 0.1767
2026-05-02 08:09:29,707 - INFO - Epoch 15 [630/1217] - Loss: 0.1762
2026-05-02 08:09:32,863 - INFO - Epoch 15 [640/1217] - Loss: 0.1757
2026-05-02 08:09:35,985 - INFO - Epoch 15 [650/1217] - Loss: 0.1743
2026-05-02 08:09:39,220 - INFO - Epoch 15 [660/1217] - Loss: 0.1766
2026-05-02 08:09:42,494 - INFO - Epoch 15 [670/1217] - Loss: 0.1762
2026-05-02 08:09:45,699 - INFO - Epoch 15 [680/1217] - Loss: 0.1776
2026-05-02 08:09:48,980 - INFO - Epoch 15 [690/1217] - Loss: 0.1767
2026-05-02 08:09:52,204 - INFO - Epoch 15 [700/1217] - Loss: 0.1770
2026-05-02 08:09:55,444 - INFO - Epoch 15 [710/1217] - Loss: 0.1765
2026-05-02 08:09:58,723 - INFO - Epoch 15 [720/1217] - Loss: 0.1776
2026-05-02 08:10:01,982 - INFO - Epoch 15 [730/1217] - Loss: 0.1769
2026-05-02 08:10:05,292 - INFO - Epoch 15 [740/1217] - Loss: 0.1770
2026-05-02 08:10:08,613 - INFO - Epoch 15 [750/1217] - Loss: 0.1775
2026-05-02 08:10:11,883 - INFO - Epoch 15 [760/1217] - Loss: 0.1770
2026-05-02 08:10:15,087 - INFO - Epoch 15 [770/1217] - Loss: 0.1784
2026-05-02 08:10:18,268 - INFO - Epoch 15 [780/1217] - Loss: 0.1778
2026-05-02 08:10:21,516 - INFO - Epoch 15 [790/1217] - Loss: 0.1788
2026-05-02 08:10:24,732 - INFO - Epoch 15 [800/1217] - Loss: 0.1786
2026-05-02 08:10:28,093 - INFO - Epoch 15 [810/1217] - Loss: 0.1795
2026-05-02 08:10:31,278 - INFO - Epoch 15 [820/1217] - Loss: 0.1792
2026-05-02 08:10:34,303 - INFO - Epoch 15 [830/1217] - Loss: 0.1785
2026-05-02 08:10:37,326 - INFO - Epoch 15 [840/1217] - Loss: 0.1790
2026-05-02 08:10:40,460 - INFO - Epoch 15 [850/1217] - Loss: 0.1788
2026-05-02 08:10:43,632 - INFO - Epoch 15 [860/1217] - Loss: 0.1806
2026-05-02 08:10:46,902 - INFO - Epoch 15 [870/1217] - Loss: 0.1803
2026-05-02 08:10:50,036 - INFO - Epoch 15 [880/1217] - Loss: 0.1804
2026-05-02 08:10:53,357 - INFO - Epoch 15 [890/1217] - Loss: 0.1824
2026-05-02 08:10:56,589 - INFO - Epoch 15 [900/1217] - Loss: 0.1831
2026-05-02 08:10:59,858 - INFO - Epoch 15 [910/1217] - Loss: 0.1834
2026-05-02 08:11:03,163 - INFO - Epoch 15 [920/1217] - Loss: 0.1845
2026-05-02 08:11:06,450 - INFO - Epoch 15 [930/1217] - Loss: 0.1845
2026-05-02 08:11:09,596 - INFO - Epoch 15 [940/1217] - Loss: 0.1853
2026-05-02 08:11:12,918 - INFO - Epoch 15 [950/1217] - Loss: 0.1859
2026-05-02 08:11:16,067 - INFO - Epoch 15 [960/1217] - Loss: 0.1858
2026-05-02 08:11:19,305 - INFO - Epoch 15 [970/1217] - Loss: 0.1868
2026-05-02 08:11:22,435 - INFO - Epoch 15 [980/1217] - Loss: 0.1873
2026-05-02 08:11:25,675 - INFO - Epoch 15 [990/1217] - Loss: 0.1869
2026-05-02 08:11:28,908 - INFO - Epoch 15 [1000/1217] - Loss: 0.1873
2026-05-02 08:11:32,163 - INFO - Epoch 15 [1010/1217] - Loss: 0.1874
2026-05-02 08:11:35,353 - INFO - Epoch 15 [1020/1217] - Loss: 0.1879
2026-05-02 08:11:38,654 - INFO - Epoch 15 [1030/1217] - Loss: 0.1891
2026-05-02 08:11:41,958 - INFO - Epoch 15 [1040/1217] - Loss: 0.1901
2026-05-02 08:11:45,197 - INFO - Epoch 15 [1050/1217] - Loss: 0.1900
2026-05-02 08:11:48,289 - INFO - Epoch 15 [1060/1217] - Loss: 0.1913
2026-05-02 08:11:51,411 - INFO - Epoch 15 [1070/1217] - Loss: 0.1917
2026-05-02 08:11:54,540 - INFO - Epoch 15 [1080/1217] - Loss: 0.1915
2026-05-02 08:11:57,757 - INFO - Epoch 15 [1090/1217] - Loss: 0.1910
2026-05-02 08:12:01,094 - INFO - Epoch 15 [1100/1217] - Loss: 0.1906
2026-05-02 08:12:04,418 - INFO - Epoch 15 [1110/1217] - Loss: 0.1909
2026-05-02 08:12:07,702 - INFO - Epoch 15 [1120/1217] - Loss: 0.1905
2026-05-02 08:12:10,882 - INFO - Epoch 15 [1130/1217] - Loss: 0.1903
2026-05-02 08:12:14,165 - INFO - Epoch 15 [1140/1217] - Loss: 0.1896
2026-05-02 08:12:17,401 - INFO - Epoch 15 [1150/1217] - Loss: 0.1899
2026-05-02 08:12:20,734 - INFO - Epoch 15 [1160/1217] - Loss: 0.1901
2026-05-02 08:12:23,785 - INFO - Epoch 15 [1170/1217] - Loss: 0.1907
2026-05-02 08:12:27,074 - INFO - Epoch 15 [1180/1217] - Loss: 0.1906
2026-05-02 08:12:30,381 - INFO - Epoch 15 [1190/1217] - Loss: 0.1912
2026-05-02 08:12:33,585 - INFO - Epoch 15 [1200/1217] - Loss: 0.1913
2026-05-02 08:12:36,778 - INFO - Epoch 15 [1210/1217] - Loss: 0.1914
2026-05-02 08:13:50,103 - INFO - VAL Epoch 15 | Loss: 0.6640 | IoU: 0.8933 | Prec: 0.8243 | F1: 0.8545 | Acc: 0.7162 | MAPE_L: 5.93%
2026-05-02 08:13:50,911 - INFO - Epoch 16 [0/1217] - Loss: 0.1028
2026-05-02 08:13:58,323 - INFO - Epoch 16 [10/1217] - Loss: 0.1994
2026-05-02 08:14:01,596 - INFO - Epoch 16 [20/1217] - Loss: 0.1738
2026-05-02 08:14:04,848 - INFO - Epoch 16 [30/1217] - Loss: 0.1789
2026-05-02 08:14:08,156 - INFO - Epoch 16 [40/1217] - Loss: 0.1824
2026-05-02 08:14:11,470 - INFO - Epoch 16 [50/1217] - Loss: 0.1727
2026-05-02 08:14:14,719 - INFO - Epoch 16 [60/1217] - Loss: 0.1704
2026-05-02 08:14:17,895 - INFO - Epoch 16 [70/1217] - Loss: 0.1773
2026-05-02 08:14:21,191 - INFO - Epoch 16 [80/1217] - Loss: 0.1736
2026-05-02 08:14:24,443 - INFO - Epoch 16 [90/1217] - Loss: 0.1695
2026-05-02 08:14:27,710 - INFO - Epoch 16 [100/1217] - Loss: 0.1683
2026-05-02 08:14:30,966 - INFO - Epoch 16 [110/1217] - Loss: 0.1698
2026-05-02 08:14:34,034 - INFO - Epoch 16 [120/1217] - Loss: 0.1703
2026-05-02 08:14:37,281 - INFO - Epoch 16 [130/1217] - Loss: 0.1735
2026-05-02 08:14:40,458 - INFO - Epoch 16 [140/1217] - Loss: 0.1812
2026-05-02 08:14:43,640 - INFO - Epoch 16 [150/1217] - Loss: 0.1776
2026-05-02 08:14:46,934 - INFO - Epoch 16 [160/1217] - Loss: 0.1773
2026-05-02 08:14:50,263 - INFO - Epoch 16 [170/1217] - Loss: 0.1769
2026-05-02 08:14:53,547 - INFO - Epoch 16 [180/1217] - Loss: 0.1765
2026-05-02 08:14:56,811 - INFO - Epoch 16 [190/1217] - Loss: 0.1758
2026-05-02 08:15:00,173 - INFO - Epoch 16 [200/1217] - Loss: 0.1731
2026-05-02 08:15:03,542 - INFO - Epoch 16 [210/1217] - Loss: 0.1755
2026-05-02 08:15:06,853 - INFO - Epoch 16 [220/1217] - Loss: 0.1724
2026-05-02 08:15:10,092 - INFO - Epoch 16 [230/1217] - Loss: 0.1713
2026-05-02 08:15:13,336 - INFO - Epoch 16 [240/1217] - Loss: 0.1703
2026-05-02 08:15:16,532 - INFO - Epoch 16 [250/1217] - Loss: 0.1691
2026-05-02 08:15:19,762 - INFO - Epoch 16 [260/1217] - Loss: 0.1709
2026-05-02 08:15:23,053 - INFO - Epoch 16 [270/1217] - Loss: 0.1750
2026-05-02 08:15:26,339 - INFO - Epoch 16 [280/1217] - Loss: 0.1791
2026-05-02 08:15:29,623 - INFO - Epoch 16 [290/1217] - Loss: 0.1819
2026-05-02 08:15:32,878 - INFO - Epoch 16 [300/1217] - Loss: 0.1819
2026-05-02 08:15:36,217 - INFO - Epoch 16 [310/1217] - Loss: 0.1831
2026-05-02 08:15:39,459 - INFO - Epoch 16 [320/1217] - Loss: 0.1836
2026-05-02 08:15:42,767 - INFO - Epoch 16 [330/1217] - Loss: 0.1832
2026-05-02 08:15:46,077 - INFO - Epoch 16 [340/1217] - Loss: 0.1838
2026-05-02 08:15:49,328 - INFO - Epoch 16 [350/1217] - Loss: 0.1841
2026-05-02 08:15:52,596 - INFO - Epoch 16 [360/1217] - Loss: 0.1819
2026-05-02 08:15:55,897 - INFO - Epoch 16 [370/1217] - Loss: 0.1816
2026-05-02 08:15:59,162 - INFO - Epoch 16 [380/1217] - Loss: 0.1821
2026-05-02 08:16:02,445 - INFO - Epoch 16 [390/1217] - Loss: 0.1809
2026-05-02 08:16:05,745 - INFO - Epoch 16 [400/1217] - Loss: 0.1808
2026-05-02 08:16:09,019 - INFO - Epoch 16 [410/1217] - Loss: 0.1796
2026-05-02 08:16:12,125 - INFO - Epoch 16 [420/1217] - Loss: 0.1786
2026-05-02 08:16:15,421 - INFO - Epoch 16 [430/1217] - Loss: 0.1773
2026-05-02 08:16:18,731 - INFO - Epoch 16 [440/1217] - Loss: 0.1773
2026-05-02 08:16:21,963 - INFO - Epoch 16 [450/1217] - Loss: 0.1780
2026-05-02 08:16:25,019 - INFO - Epoch 16 [460/1217] - Loss: 0.1767
2026-05-02 08:16:28,362 - INFO - Epoch 16 [470/1217] - Loss: 0.1751
2026-05-02 08:16:31,642 - INFO - Epoch 16 [480/1217] - Loss: 0.1750
2026-05-02 08:16:34,931 - INFO - Epoch 16 [490/1217] - Loss: 0.1765
2026-05-02 08:16:38,146 - INFO - Epoch 16 [500/1217] - Loss: 0.1756
2026-05-02 08:16:41,381 - INFO - Epoch 16 [510/1217] - Loss: 0.1763
2026-05-02 08:16:44,716 - INFO - Epoch 16 [520/1217] - Loss: 0.1757
2026-05-02 08:16:47,951 - INFO - Epoch 16 [530/1217] - Loss: 0.1754
2026-05-02 08:16:51,142 - INFO - Epoch 16 [540/1217] - Loss: 0.1751
2026-05-02 08:16:54,459 - INFO - Epoch 16 [550/1217] - Loss: 0.1748
2026-05-02 08:16:57,742 - INFO - Epoch 16 [560/1217] - Loss: 0.1757
2026-05-02 08:17:00,952 - INFO - Epoch 16 [570/1217] - Loss: 0.1780
2026-05-02 08:17:04,330 - INFO - Epoch 16 [580/1217] - Loss: 0.1779
2026-05-02 08:17:07,552 - INFO - Epoch 16 [590/1217] - Loss: 0.1774
2026-05-02 08:17:10,832 - INFO - Epoch 16 [600/1217] - Loss: 0.1771
2026-05-02 08:17:13,927 - INFO - Epoch 16 [610/1217] - Loss: 0.1788
2026-05-02 08:17:17,225 - INFO - Epoch 16 [620/1217] - Loss: 0.1777
2026-05-02 08:17:20,457 - INFO - Epoch 16 [630/1217] - Loss: 0.1772
2026-05-02 08:17:23,758 - INFO - Epoch 16 [640/1217] - Loss: 0.1770
2026-05-02 08:17:27,058 - INFO - Epoch 16 [650/1217] - Loss: 0.1760
2026-05-02 08:17:30,354 - INFO - Epoch 16 [660/1217] - Loss: 0.1765
2026-05-02 08:17:33,642 - INFO - Epoch 16 [670/1217] - Loss: 0.1759
2026-05-02 08:17:36,886 - INFO - Epoch 16 [680/1217] - Loss: 0.1765
2026-05-02 08:17:40,095 - INFO - Epoch 16 [690/1217] - Loss: 0.1768
2026-05-02 08:17:43,352 - INFO - Epoch 16 [700/1217] - Loss: 0.1765
2026-05-02 08:17:46,646 - INFO - Epoch 16 [710/1217] - Loss: 0.1755
2026-05-02 08:17:49,924 - INFO - Epoch 16 [720/1217] - Loss: 0.1761
2026-05-02 08:17:53,163 - INFO - Epoch 16 [730/1217] - Loss: 0.1764
2026-05-02 08:17:56,394 - INFO - Epoch 16 [740/1217] - Loss: 0.1767
2026-05-02 08:17:59,645 - INFO - Epoch 16 [750/1217] - Loss: 0.1756
2026-05-02 08:18:02,844 - INFO - Epoch 16 [760/1217] - Loss: 0.1751
2026-05-02 08:18:06,177 - INFO - Epoch 16 [770/1217] - Loss: 0.1748
2026-05-02 08:18:09,527 - INFO - Epoch 16 [780/1217] - Loss: 0.1753
2026-05-02 08:18:12,829 - INFO - Epoch 16 [790/1217] - Loss: 0.1757
2026-05-02 08:18:15,949 - INFO - Epoch 16 [800/1217] - Loss: 0.1755
2026-05-02 08:18:19,236 - INFO - Epoch 16 [810/1217] - Loss: 0.1754
2026-05-02 08:18:22,604 - INFO - Epoch 16 [820/1217] - Loss: 0.1761
2026-05-02 08:18:25,773 - INFO - Epoch 16 [830/1217] - Loss: 0.1752
2026-05-02 08:18:28,972 - INFO - Epoch 16 [840/1217] - Loss: 0.1746
2026-05-02 08:18:32,270 - INFO - Epoch 16 [850/1217] - Loss: 0.1745
2026-05-02 08:18:35,493 - INFO - Epoch 16 [860/1217] - Loss: 0.1737
2026-05-02 08:18:38,849 - INFO - Epoch 16 [870/1217] - Loss: 0.1735
2026-05-02 08:18:42,136 - INFO - Epoch 16 [880/1217] - Loss: 0.1730
2026-05-02 08:18:45,392 - INFO - Epoch 16 [890/1217] - Loss: 0.1732
2026-05-02 08:18:48,644 - INFO - Epoch 16 [900/1217] - Loss: 0.1728
2026-05-02 08:18:51,866 - INFO - Epoch 16 [910/1217] - Loss: 0.1725
2026-05-02 08:18:55,211 - INFO - Epoch 16 [920/1217] - Loss: 0.1729
2026-05-02 08:18:58,520 - INFO - Epoch 16 [930/1217] - Loss: 0.1727
2026-05-02 08:19:01,820 - INFO - Epoch 16 [940/1217] - Loss: 0.1726
2026-05-02 08:19:04,973 - INFO - Epoch 16 [950/1217] - Loss: 0.1722
2026-05-02 08:19:08,267 - INFO - Epoch 16 [960/1217] - Loss: 0.1731
2026-05-02 08:19:11,542 - INFO - Epoch 16 [970/1217] - Loss: 0.1746
2026-05-02 08:19:14,831 - INFO - Epoch 16 [980/1217] - Loss: 0.1745
2026-05-02 08:19:18,045 - INFO - Epoch 16 [990/1217] - Loss: 0.1745
2026-05-02 08:19:21,362 - INFO - Epoch 16 [1000/1217] - Loss: 0.1747
2026-05-02 08:19:24,634 - INFO - Epoch 16 [1010/1217] - Loss: 0.1752
2026-05-02 08:19:27,740 - INFO - Epoch 16 [1020/1217] - Loss: 0.1758
2026-05-02 08:19:30,983 - INFO - Epoch 16 [1030/1217] - Loss: 0.1763
2026-05-02 08:19:34,328 - INFO - Epoch 16 [1040/1217] - Loss: 0.1764
2026-05-02 08:19:37,618 - INFO - Epoch 16 [1050/1217] - Loss: 0.1771
2026-05-02 08:19:40,903 - INFO - Epoch 16 [1060/1217] - Loss: 0.1765
2026-05-02 08:19:44,119 - INFO - Epoch 16 [1070/1217] - Loss: 0.1772
2026-05-02 08:19:47,333 - INFO - Epoch 16 [1080/1217] - Loss: 0.1776
2026-05-02 08:19:50,634 - INFO - Epoch 16 [1090/1217] - Loss: 0.1776
2026-05-02 08:19:53,916 - INFO - Epoch 16 [1100/1217] - Loss: 0.1777
2026-05-02 08:19:57,198 - INFO - Epoch 16 [1110/1217] - Loss: 0.1778
2026-05-02 08:20:00,459 - INFO - Epoch 16 [1120/1217] - Loss: 0.1777
2026-05-02 08:20:03,632 - INFO - Epoch 16 [1130/1217] - Loss: 0.1786
2026-05-02 08:20:06,781 - INFO - Epoch 16 [1140/1217] - Loss: 0.1779
2026-05-02 08:20:10,035 - INFO - Epoch 16 [1150/1217] - Loss: 0.1780
2026-05-02 08:20:13,327 - INFO - Epoch 16 [1160/1217] - Loss: 0.1778
2026-05-02 08:20:16,686 - INFO - Epoch 16 [1170/1217] - Loss: 0.1774
2026-05-02 08:20:20,010 - INFO - Epoch 16 [1180/1217] - Loss: 0.1772
2026-05-02 08:20:23,262 - INFO - Epoch 16 [1190/1217] - Loss: 0.1770
2026-05-02 08:20:26,553 - INFO - Epoch 16 [1200/1217] - Loss: 0.1767
2026-05-02 08:20:29,914 - INFO - Epoch 16 [1210/1217] - Loss: 0.1769
2026-05-02 08:21:37,083 - INFO - VAL Epoch 16 | Loss: 0.6494 | IoU: 0.8924 | Prec: 0.8665 | F1: 0.8710 | Acc: 0.7091 | MAPE_L: 5.52%
2026-05-02 08:21:38,116 - INFO - Epoch 17 [0/1217] - Loss: 0.1085
2026-05-02 08:21:41,407 - INFO - Epoch 17 [10/1217] - Loss: 0.1842
2026-05-02 08:21:44,685 - INFO - Epoch 17 [20/1217] - Loss: 0.2123
2026-05-02 08:21:47,876 - INFO - Epoch 17 [30/1217] - Loss: 0.2063
2026-05-02 08:21:51,185 - INFO - Epoch 17 [40/1217] - Loss: 0.1946
2026-05-02 08:21:54,524 - INFO - Epoch 17 [50/1217] - Loss: 0.1817
2026-05-02 08:21:57,749 - INFO - Epoch 17 [60/1217] - Loss: 0.1842
2026-05-02 08:22:00,995 - INFO - Epoch 17 [70/1217] - Loss: 0.1825
2026-05-02 08:22:04,396 - INFO - Epoch 17 [80/1217] - Loss: 0.1867
2026-05-02 08:22:07,667 - INFO - Epoch 17 [90/1217] - Loss: 0.1857
2026-05-02 08:22:10,961 - INFO - Epoch 17 [100/1217] - Loss: 0.2033
2026-05-02 08:22:14,278 - INFO - Epoch 17 [110/1217] - Loss: 0.1993
2026-05-02 08:22:17,564 - INFO - Epoch 17 [120/1217] - Loss: 0.1918
2026-05-02 08:22:20,749 - INFO - Epoch 17 [130/1217] - Loss: 0.1877
2026-05-02 08:22:23,954 - INFO - Epoch 17 [140/1217] - Loss: 0.1841
2026-05-02 08:22:27,244 - INFO - Epoch 17 [150/1217] - Loss: 0.1927
2026-05-02 08:22:30,537 - INFO - Epoch 17 [160/1217] - Loss: 0.1890
2026-05-02 08:22:33,886 - INFO - Epoch 17 [170/1217] - Loss: 0.1920
2026-05-02 08:22:37,074 - INFO - Epoch 17 [180/1217] - Loss: 0.1897
2026-05-02 08:22:40,399 - INFO - Epoch 17 [190/1217] - Loss: 0.1867
2026-05-02 08:22:43,704 - INFO - Epoch 17 [200/1217] - Loss: 0.1859
2026-05-02 08:22:46,964 - INFO - Epoch 17 [210/1217] - Loss: 0.1875
2026-05-02 08:22:50,268 - INFO - Epoch 17 [220/1217] - Loss: 0.1865
2026-05-02 08:22:53,490 - INFO - Epoch 17 [230/1217] - Loss: 0.1856
2026-05-02 08:22:56,738 - INFO - Epoch 17 [240/1217] - Loss: 0.1838
2026-05-02 08:22:59,981 - INFO - Epoch 17 [250/1217] - Loss: 0.1830
2026-05-02 08:23:03,324 - INFO - Epoch 17 [260/1217] - Loss: 0.1820
2026-05-02 08:23:06,535 - INFO - Epoch 17 [270/1217] - Loss: 0.1803
2026-05-02 08:23:09,795 - INFO - Epoch 17 [280/1217] - Loss: 0.1801
2026-05-02 08:23:13,009 - INFO - Epoch 17 [290/1217] - Loss: 0.1780
2026-05-02 08:23:16,277 - INFO - Epoch 17 [300/1217] - Loss: 0.1761
2026-05-02 08:23:19,520 - INFO - Epoch 17 [310/1217] - Loss: 0.1757
2026-05-02 08:23:22,867 - INFO - Epoch 17 [320/1217] - Loss: 0.1832
2026-05-02 08:23:26,031 - INFO - Epoch 17 [330/1217] - Loss: 0.1825
2026-05-02 08:23:29,231 - INFO - Epoch 17 [340/1217] - Loss: 0.1811
2026-05-02 08:23:32,585 - INFO - Epoch 17 [350/1217] - Loss: 0.1807
2026-05-02 08:23:35,850 - INFO - Epoch 17 [360/1217] - Loss: 0.1817
2026-05-02 08:23:39,167 - INFO - Epoch 17 [370/1217] - Loss: 0.1797
2026-05-02 08:23:42,370 - INFO - Epoch 17 [380/1217] - Loss: 0.1797
2026-05-02 08:23:45,588 - INFO - Epoch 17 [390/1217] - Loss: 0.1811
2026-05-02 08:23:48,825 - INFO - Epoch 17 [400/1217] - Loss: 0.1804
2026-05-02 08:23:52,055 - INFO - Epoch 17 [410/1217] - Loss: 0.1790
2026-05-02 08:23:55,334 - INFO - Epoch 17 [420/1217] - Loss: 0.1782
2026-05-02 08:23:58,609 - INFO - Epoch 17 [430/1217] - Loss: 0.1776
2026-05-02 08:24:01,788 - INFO - Epoch 17 [440/1217] - Loss: 0.1800
2026-05-02 08:24:05,076 - INFO - Epoch 17 [450/1217] - Loss: 0.1809
2026-05-02 08:24:08,402 - INFO - Epoch 17 [460/1217] - Loss: 0.1807
2026-05-02 08:24:11,645 - INFO - Epoch 17 [470/1217] - Loss: 0.1798
2026-05-02 08:24:14,960 - INFO - Epoch 17 [480/1217] - Loss: 0.1809
2026-05-02 08:24:18,258 - INFO - Epoch 17 [490/1217] - Loss: 0.1797
2026-05-02 08:24:21,403 - INFO - Epoch 17 [500/1217] - Loss: 0.1791
2026-05-02 08:24:24,726 - INFO - Epoch 17 [510/1217] - Loss: 0.1783
2026-05-02 08:24:27,982 - INFO - Epoch 17 [520/1217] - Loss: 0.1773
2026-05-02 08:24:31,133 - INFO - Epoch 17 [530/1217] - Loss: 0.1771
2026-05-02 08:24:34,435 - INFO - Epoch 17 [540/1217] - Loss: 0.1776
2026-05-02 08:24:37,712 - INFO - Epoch 17 [550/1217] - Loss: 0.1769
2026-05-02 08:24:41,016 - INFO - Epoch 17 [560/1217] - Loss: 0.1766
2026-05-02 08:24:44,343 - INFO - Epoch 17 [570/1217] - Loss: 0.1762
2026-05-02 08:24:47,703 - INFO - Epoch 17 [580/1217] - Loss: 0.1761
2026-05-02 08:24:51,001 - INFO - Epoch 17 [590/1217] - Loss: 0.1756
2026-05-02 08:24:54,193 - INFO - Epoch 17 [600/1217] - Loss: 0.1753
2026-05-02 08:24:57,468 - INFO - Epoch 17 [610/1217] - Loss: 0.1749
2026-05-02 08:25:00,643 - INFO - Epoch 17 [620/1217] - Loss: 0.1760
2026-05-02 08:25:03,881 - INFO - Epoch 17 [630/1217] - Loss: 0.1771
2026-05-02 08:25:07,177 - INFO - Epoch 17 [640/1217] - Loss: 0.1760
2026-05-02 08:25:10,408 - INFO - Epoch 17 [650/1217] - Loss: 0.1750
2026-05-02 08:25:13,662 - INFO - Epoch 17 [660/1217] - Loss: 0.1755
2026-05-02 08:25:16,938 - INFO - Epoch 17 [670/1217] - Loss: 0.1756
2026-05-02 08:25:20,188 - INFO - Epoch 17 [680/1217] - Loss: 0.1744
2026-05-02 08:25:23,413 - INFO - Epoch 17 [690/1217] - Loss: 0.1740
2026-05-02 08:25:26,656 - INFO - Epoch 17 [700/1217] - Loss: 0.1730
2026-05-02 08:25:29,929 - INFO - Epoch 17 [710/1217] - Loss: 0.1731
2026-05-02 08:25:33,210 - INFO - Epoch 17 [720/1217] - Loss: 0.1721
2026-05-02 08:25:36,467 - INFO - Epoch 17 [730/1217] - Loss: 0.1717
2026-05-02 08:25:39,720 - INFO - Epoch 17 [740/1217] - Loss: 0.1721
2026-05-02 08:25:43,027 - INFO - Epoch 17 [750/1217] - Loss: 0.1723
2026-05-02 08:25:46,175 - INFO - Epoch 17 [760/1217] - Loss: 0.1730
2026-05-02 08:25:49,497 - INFO - Epoch 17 [770/1217] - Loss: 0.1720
2026-05-02 08:25:52,861 - INFO - Epoch 17 [780/1217] - Loss: 0.1726
2026-05-02 08:25:56,174 - INFO - Epoch 17 [790/1217] - Loss: 0.1722
2026-05-02 08:25:59,443 - INFO - Epoch 17 [800/1217] - Loss: 0.1719
2026-05-02 08:26:02,712 - INFO - Epoch 17 [810/1217] - Loss: 0.1713
2026-05-02 08:26:06,065 - INFO - Epoch 17 [820/1217] - Loss: 0.1711
2026-05-02 08:26:09,399 - INFO - Epoch 17 [830/1217] - Loss: 0.1711
2026-05-02 08:26:12,647 - INFO - Epoch 17 [840/1217] - Loss: 0.1705
2026-05-02 08:26:15,927 - INFO - Epoch 17 [850/1217] - Loss: 0.1701
2026-05-02 08:26:19,157 - INFO - Epoch 17 [860/1217] - Loss: 0.1694
2026-05-02 08:26:22,400 - INFO - Epoch 17 [870/1217] - Loss: 0.1695
2026-05-02 08:26:25,667 - INFO - Epoch 17 [880/1217] - Loss: 0.1701
2026-05-02 08:26:28,867 - INFO - Epoch 17 [890/1217] - Loss: 0.1698
2026-05-02 08:26:32,156 - INFO - Epoch 17 [900/1217] - Loss: 0.1701
2026-05-02 08:26:35,338 - INFO - Epoch 17 [910/1217] - Loss: 0.1696
2026-05-02 08:26:38,631 - INFO - Epoch 17 [920/1217] - Loss: 0.1708
2026-05-02 08:26:41,884 - INFO - Epoch 17 [930/1217] - Loss: 0.1704
2026-05-02 08:26:45,134 - INFO - Epoch 17 [940/1217] - Loss: 0.1707
2026-05-02 08:26:48,417 - INFO - Epoch 17 [950/1217] - Loss: 0.1716
2026-05-02 08:26:51,734 - INFO - Epoch 17 [960/1217] - Loss: 0.1711
2026-05-02 08:26:54,974 - INFO - Epoch 17 [970/1217] - Loss: 0.1724
2026-05-02 08:26:58,188 - INFO - Epoch 17 [980/1217] - Loss: 0.1720
2026-05-02 08:27:01,336 - INFO - Epoch 17 [990/1217] - Loss: 0.1722
2026-05-02 08:27:04,651 - INFO - Epoch 17 [1000/1217] - Loss: 0.1726
2026-05-02 08:27:07,686 - INFO - Epoch 17 [1010/1217] - Loss: 0.1724
2026-05-02 08:27:11,019 - INFO - Epoch 17 [1020/1217] - Loss: 0.1721
2026-05-02 08:27:14,340 - INFO - Epoch 17 [1030/1217] - Loss: 0.1717
2026-05-02 08:27:17,562 - INFO - Epoch 17 [1040/1217] - Loss: 0.1738
2026-05-02 08:27:20,816 - INFO - Epoch 17 [1050/1217] - Loss: 0.1734
2026-05-02 08:27:24,119 - INFO - Epoch 17 [1060/1217] - Loss: 0.1738
2026-05-02 08:27:27,288 - INFO - Epoch 17 [1070/1217] - Loss: 0.1743
2026-05-02 08:27:30,406 - INFO - Epoch 17 [1080/1217] - Loss: 0.1742
2026-05-02 08:27:33,658 - INFO - Epoch 17 [1090/1217] - Loss: 0.1742
2026-05-02 08:27:36,866 - INFO - Epoch 17 [1100/1217] - Loss: 0.1742
2026-05-02 08:27:39,971 - INFO - Epoch 17 [1110/1217] - Loss: 0.1740
2026-05-02 08:27:43,200 - INFO - Epoch 17 [1120/1217] - Loss: 0.1746
2026-05-02 08:27:46,453 - INFO - Epoch 17 [1130/1217] - Loss: 0.1746
2026-05-02 08:27:49,743 - INFO - Epoch 17 [1140/1217] - Loss: 0.1749
2026-05-02 08:27:53,073 - INFO - Epoch 17 [1150/1217] - Loss: 0.1750
2026-05-02 08:27:56,312 - INFO - Epoch 17 [1160/1217] - Loss: 0.1753
2026-05-02 08:27:59,575 - INFO - Epoch 17 [1170/1217] - Loss: 0.1747
2026-05-02 08:28:02,788 - INFO - Epoch 17 [1180/1217] - Loss: 0.1744
2026-05-02 08:28:06,052 - INFO - Epoch 17 [1190/1217] - Loss: 0.1746
2026-05-02 08:28:09,371 - INFO - Epoch 17 [1200/1217] - Loss: 0.1745
2026-05-02 08:28:12,642 - INFO - Epoch 17 [1210/1217] - Loss: 0.1742
2026-05-02 08:29:19,943 - INFO - VAL Epoch 17 | Loss: 0.6858 | IoU: 0.8986 | Prec: 0.8633 | F1: 0.8664 | Acc: 0.7186 | MAPE_L: 5.51%
2026-05-02 08:29:21,071 - INFO - Epoch 18 [0/1217] - Loss: 0.1249
2026-05-02 08:29:24,354 - INFO - Epoch 18 [10/1217] - Loss: 0.2666
2026-05-02 08:29:27,633 - INFO - Epoch 18 [20/1217] - Loss: 0.2134
2026-05-02 08:29:30,935 - INFO - Epoch 18 [30/1217] - Loss: 0.1865
2026-05-02 08:29:34,213 - INFO - Epoch 18 [40/1217] - Loss: 0.1845
2026-05-02 08:29:37,507 - INFO - Epoch 18 [50/1217] - Loss: 0.1885
2026-05-02 08:29:40,759 - INFO - Epoch 18 [60/1217] - Loss: 0.1829
2026-05-02 08:29:44,023 - INFO - Epoch 18 [70/1217] - Loss: 0.1781
2026-05-02 08:29:47,322 - INFO - Epoch 18 [80/1217] - Loss: 0.1709
2026-05-02 08:29:50,620 - INFO - Epoch 18 [90/1217] - Loss: 0.1691
2026-05-02 08:29:53,903 - INFO - Epoch 18 [100/1217] - Loss: 0.1663
2026-05-02 08:29:57,185 - INFO - Epoch 18 [110/1217] - Loss: 0.1623
2026-05-02 08:30:00,369 - INFO - Epoch 18 [120/1217] - Loss: 0.1621
2026-05-02 08:30:03,659 - INFO - Epoch 18 [130/1217] - Loss: 0.1602
2026-05-02 08:30:06,969 - INFO - Epoch 18 [140/1217] - Loss: 0.1588
2026-05-02 08:30:10,284 - INFO - Epoch 18 [150/1217] - Loss: 0.1777
2026-05-02 08:30:13,599 - INFO - Epoch 18 [160/1217] - Loss: 0.1778
2026-05-02 08:30:16,929 - INFO - Epoch 18 [170/1217] - Loss: 0.1781
2026-05-02 08:30:20,217 - INFO - Epoch 18 [180/1217] - Loss: 0.1767
2026-05-02 08:30:23,365 - INFO - Epoch 18 [190/1217] - Loss: 0.1730
2026-05-02 08:30:26,742 - INFO - Epoch 18 [200/1217] - Loss: 0.1752
2026-05-02 08:30:30,060 - INFO - Epoch 18 [210/1217] - Loss: 0.1774
2026-05-02 08:30:33,299 - INFO - Epoch 18 [220/1217] - Loss: 0.1786
2026-05-02 08:30:36,592 - INFO - Epoch 18 [230/1217] - Loss: 0.1764
2026-05-02 08:30:39,921 - INFO - Epoch 18 [240/1217] - Loss: 0.1764
2026-05-02 08:30:43,209 - INFO - Epoch 18 [250/1217] - Loss: 0.1775
2026-05-02 08:30:46,587 - INFO - Epoch 18 [260/1217] - Loss: 0.1780
2026-05-02 08:30:49,799 - INFO - Epoch 18 [270/1217] - Loss: 0.1766
2026-05-02 08:30:53,070 - INFO - Epoch 18 [280/1217] - Loss: 0.1751
2026-05-02 08:30:56,351 - INFO - Epoch 18 [290/1217] - Loss: 0.1752
2026-05-02 08:30:59,682 - INFO - Epoch 18 [300/1217] - Loss: 0.1751
2026-05-02 08:31:02,856 - INFO - Epoch 18 [310/1217] - Loss: 0.1730
2026-05-02 08:31:05,910 - INFO - Epoch 18 [320/1217] - Loss: 0.1714
2026-05-02 08:31:09,095 - INFO - Epoch 18 [330/1217] - Loss: 0.1707
2026-05-02 08:31:12,292 - INFO - Epoch 18 [340/1217] - Loss: 0.1701
2026-05-02 08:31:15,543 - INFO - Epoch 18 [350/1217] - Loss: 0.1706
2026-05-02 08:31:18,690 - INFO - Epoch 18 [360/1217] - Loss: 0.1696
2026-05-02 08:31:21,851 - INFO - Epoch 18 [370/1217] - Loss: 0.1697
2026-05-02 08:31:25,144 - INFO - Epoch 18 [380/1217] - Loss: 0.1709
2026-05-02 08:31:28,421 - INFO - Epoch 18 [390/1217] - Loss: 0.1712
2026-05-02 08:31:31,677 - INFO - Epoch 18 [400/1217] - Loss: 0.1699
2026-05-02 08:31:34,934 - INFO - Epoch 18 [410/1217] - Loss: 0.1719
2026-05-02 08:31:38,204 - INFO - Epoch 18 [420/1217] - Loss: 0.1722
2026-05-02 08:31:41,378 - INFO - Epoch 18 [430/1217] - Loss: 0.1742
2026-05-02 08:31:44,648 - INFO - Epoch 18 [440/1217] - Loss: 0.1727
2026-05-02 08:31:47,871 - INFO - Epoch 18 [450/1217] - Loss: 0.1730
2026-05-02 08:31:51,042 - INFO - Epoch 18 [460/1217] - Loss: 0.1725
2026-05-02 08:31:54,388 - INFO - Epoch 18 [470/1217] - Loss: 0.1723
2026-05-02 08:31:57,728 - INFO - Epoch 18 [480/1217] - Loss: 0.1721
2026-05-02 08:32:01,011 - INFO - Epoch 18 [490/1217] - Loss: 0.1716
2026-05-02 08:32:04,296 - INFO - Epoch 18 [500/1217] - Loss: 0.1739
2026-05-02 08:32:07,586 - INFO - Epoch 18 [510/1217] - Loss: 0.1725
2026-05-02 08:32:10,747 - INFO - Epoch 18 [520/1217] - Loss: 0.1711
2026-05-02 08:32:13,905 - INFO - Epoch 18 [530/1217] - Loss: 0.1705
2026-05-02 08:32:17,100 - INFO - Epoch 18 [540/1217] - Loss: 0.1707
2026-05-02 08:32:20,181 - INFO - Epoch 18 [550/1217] - Loss: 0.1709
2026-05-02 08:32:23,313 - INFO - Epoch 18 [560/1217] - Loss: 0.1703
2026-05-02 08:32:26,591 - INFO - Epoch 18 [570/1217] - Loss: 0.1700
2026-05-02 08:32:29,854 - INFO - Epoch 18 [580/1217] - Loss: 0.1702
2026-05-02 08:32:33,177 - INFO - Epoch 18 [590/1217] - Loss: 0.1696
2026-05-02 08:32:36,233 - INFO - Epoch 18 [600/1217] - Loss: 0.1695
2026-05-02 08:32:39,522 - INFO - Epoch 18 [610/1217] - Loss: 0.1692
2026-05-02 08:32:42,847 - INFO - Epoch 18 [620/1217] - Loss: 0.1693
2026-05-02 08:32:46,160 - INFO - Epoch 18 [630/1217] - Loss: 0.1686
2026-05-02 08:32:49,457 - INFO - Epoch 18 [640/1217] - Loss: 0.1684
2026-05-02 08:32:52,733 - INFO - Epoch 18 [650/1217] - Loss: 0.1688
2026-05-02 08:32:56,056 - INFO - Epoch 18 [660/1217] - Loss: 0.1697
2026-05-02 08:32:59,307 - INFO - Epoch 18 [670/1217] - Loss: 0.1694
2026-05-02 08:33:02,578 - INFO - Epoch 18 [680/1217] - Loss: 0.1687
2026-05-02 08:33:05,695 - INFO - Epoch 18 [690/1217] - Loss: 0.1688
2026-05-02 08:33:09,011 - INFO - Epoch 18 [700/1217] - Loss: 0.1685
2026-05-02 08:33:12,249 - INFO - Epoch 18 [710/1217] - Loss: 0.1687
2026-05-02 08:33:15,445 - INFO - Epoch 18 [720/1217] - Loss: 0.1685
2026-05-02 08:33:18,749 - INFO - Epoch 18 [730/1217] - Loss: 0.1691
2026-05-02 08:33:22,073 - INFO - Epoch 18 [740/1217] - Loss: 0.1688
2026-05-02 08:33:25,436 - INFO - Epoch 18 [750/1217] - Loss: 0.1686
2026-05-02 08:33:28,707 - INFO - Epoch 18 [760/1217] - Loss: 0.1680
2026-05-02 08:33:31,914 - INFO - Epoch 18 [770/1217] - Loss: 0.1679
2026-05-02 08:33:35,148 - INFO - Epoch 18 [780/1217] - Loss: 0.1673
2026-05-02 08:33:38,282 - INFO - Epoch 18 [790/1217] - Loss: 0.1672
2026-05-02 08:33:41,511 - INFO - Epoch 18 [800/1217] - Loss: 0.1664
2026-05-02 08:33:44,742 - INFO - Epoch 18 [810/1217] - Loss: 0.1665
2026-05-02 08:33:47,977 - INFO - Epoch 18 [820/1217] - Loss: 0.1660
2026-05-02 08:33:51,256 - INFO - Epoch 18 [830/1217] - Loss: 0.1656
2026-05-02 08:33:54,517 - INFO - Epoch 18 [840/1217] - Loss: 0.1659
2026-05-02 08:33:57,827 - INFO - Epoch 18 [850/1217] - Loss: 0.1653
2026-05-02 08:34:01,160 - INFO - Epoch 18 [860/1217] - Loss: 0.1649
2026-05-02 08:34:04,170 - INFO - Epoch 18 [870/1217] - Loss: 0.1647
2026-05-02 08:34:07,340 - INFO - Epoch 18 [880/1217] - Loss: 0.1638
2026-05-02 08:34:10,493 - INFO - Epoch 18 [890/1217] - Loss: 0.1638
2026-05-02 08:34:13,766 - INFO - Epoch 18 [900/1217] - Loss: 0.1637
2026-05-02 08:34:16,895 - INFO - Epoch 18 [910/1217] - Loss: 0.1633
2026-05-02 08:34:20,181 - INFO - Epoch 18 [920/1217] - Loss: 0.1631
2026-05-02 08:34:23,362 - INFO - Epoch 18 [930/1217] - Loss: 0.1645
2026-05-02 08:34:26,628 - INFO - Epoch 18 [940/1217] - Loss: 0.1655
2026-05-02 08:34:29,884 - INFO - Epoch 18 [950/1217] - Loss: 0.1657
2026-05-02 08:34:33,184 - INFO - Epoch 18 [960/1217] - Loss: 0.1661
2026-05-02 08:34:36,349 - INFO - Epoch 18 [970/1217] - Loss: 0.1656
2026-05-02 08:34:39,442 - INFO - Epoch 18 [980/1217] - Loss: 0.1653
2026-05-02 08:34:42,700 - INFO - Epoch 18 [990/1217] - Loss: 0.1658
2026-05-02 08:34:45,980 - INFO - Epoch 18 [1000/1217] - Loss: 0.1664
2026-05-02 08:34:49,228 - INFO - Epoch 18 [1010/1217] - Loss: 0.1667
2026-05-02 08:34:52,520 - INFO - Epoch 18 [1020/1217] - Loss: 0.1668
2026-05-02 08:34:55,835 - INFO - Epoch 18 [1030/1217] - Loss: 0.1669
2026-05-02 08:34:58,993 - INFO - Epoch 18 [1040/1217] - Loss: 0.1678
2026-05-02 08:35:02,306 - INFO - Epoch 18 [1050/1217] - Loss: 0.1677
2026-05-02 08:35:05,641 - INFO - Epoch 18 [1060/1217] - Loss: 0.1687
2026-05-02 08:35:08,848 - INFO - Epoch 18 [1070/1217] - Loss: 0.1685
2026-05-02 08:35:12,068 - INFO - Epoch 18 [1080/1217] - Loss: 0.1702
2026-05-02 08:35:15,362 - INFO - Epoch 18 [1090/1217] - Loss: 0.1707
2026-05-02 08:35:18,621 - INFO - Epoch 18 [1100/1217] - Loss: 0.1706
2026-05-02 08:35:21,782 - INFO - Epoch 18 [1110/1217] - Loss: 0.1712
2026-05-02 08:35:25,124 - INFO - Epoch 18 [1120/1217] - Loss: 0.1714
2026-05-02 08:35:28,475 - INFO - Epoch 18 [1130/1217] - Loss: 0.1714
2026-05-02 08:35:31,824 - INFO - Epoch 18 [1140/1217] - Loss: 0.1711
2026-05-02 08:35:34,946 - INFO - Epoch 18 [1150/1217] - Loss: 0.1709
2026-05-02 08:35:38,196 - INFO - Epoch 18 [1160/1217] - Loss: 0.1706
2026-05-02 08:35:41,435 - INFO - Epoch 18 [1170/1217] - Loss: 0.1707
2026-05-02 08:35:44,694 - INFO - Epoch 18 [1180/1217] - Loss: 0.1709
2026-05-02 08:35:47,966 - INFO - Epoch 18 [1190/1217] - Loss: 0.1706
2026-05-02 08:35:51,237 - INFO - Epoch 18 [1200/1217] - Loss: 0.1707
2026-05-02 08:35:54,433 - INFO - Epoch 18 [1210/1217] - Loss: 0.1707
2026-05-02 08:37:06,791 - INFO - VAL Epoch 18 | Loss: 0.7106 | IoU: 0.8916 | Prec: 0.8798 | F1: 0.8730 | Acc: 0.7138 | MAPE_L: 5.38%
2026-05-02 08:37:07,659 - INFO - Epoch 19 [0/1217] - Loss: 0.4383
2026-05-02 08:37:15,169 - INFO - Epoch 19 [10/1217] - Loss: 0.1920
2026-05-02 08:37:18,538 - INFO - Epoch 19 [20/1217] - Loss: 0.2450
2026-05-02 08:37:21,691 - INFO - Epoch 19 [30/1217] - Loss: 0.2331
2026-05-02 08:37:24,884 - INFO - Epoch 19 [40/1217] - Loss: 0.2278
2026-05-02 08:37:28,138 - INFO - Epoch 19 [50/1217] - Loss: 0.2260
2026-05-02 08:37:31,429 - INFO - Epoch 19 [60/1217] - Loss: 0.2138
2026-05-02 08:37:34,626 - INFO - Epoch 19 [70/1217] - Loss: 0.2127
2026-05-02 08:37:37,849 - INFO - Epoch 19 [80/1217] - Loss: 0.2150
2026-05-02 08:37:41,073 - INFO - Epoch 19 [90/1217] - Loss: 0.2087
2026-05-02 08:37:44,359 - INFO - Epoch 19 [100/1217] - Loss: 0.2164
2026-05-02 08:37:47,646 - INFO - Epoch 19 [110/1217] - Loss: 0.2234
2026-05-02 08:37:50,960 - INFO - Epoch 19 [120/1217] - Loss: 0.2331
2026-05-02 08:37:54,269 - INFO - Epoch 19 [130/1217] - Loss: 0.2320
2026-05-02 08:37:57,379 - INFO - Epoch 19 [140/1217] - Loss: 0.2256
2026-05-02 08:38:00,638 - INFO - Epoch 19 [150/1217] - Loss: 0.2248
2026-05-02 08:38:03,851 - INFO - Epoch 19 [160/1217] - Loss: 0.2220
2026-05-02 08:38:07,132 - INFO - Epoch 19 [170/1217] - Loss: 0.2172
2026-05-02 08:38:10,397 - INFO - Epoch 19 [180/1217] - Loss: 0.2121
2026-05-02 08:38:13,582 - INFO - Epoch 19 [190/1217] - Loss: 0.2123
2026-05-02 08:38:16,751 - INFO - Epoch 19 [200/1217] - Loss: 0.2070
2026-05-02 08:38:20,001 - INFO - Epoch 19 [210/1217] - Loss: 0.2084
2026-05-02 08:38:23,265 - INFO - Epoch 19 [220/1217] - Loss: 0.2053
2026-05-02 08:38:26,513 - INFO - Epoch 19 [230/1217] - Loss: 0.2051
2026-05-02 08:38:29,703 - INFO - Epoch 19 [240/1217] - Loss: 0.2056
2026-05-02 08:38:32,891 - INFO - Epoch 19 [250/1217] - Loss: 0.2036
2026-05-02 08:38:36,195 - INFO - Epoch 19 [260/1217] - Loss: 0.2013
2026-05-02 08:38:39,204 - INFO - Epoch 19 [270/1217] - Loss: 0.1985
2026-05-02 08:38:42,384 - INFO - Epoch 19 [280/1217] - Loss: 0.1976
2026-05-02 08:38:45,651 - INFO - Epoch 19 [290/1217] - Loss: 0.1950
2026-05-02 08:38:48,901 - INFO - Epoch 19 [300/1217] - Loss: 0.1936
2026-05-02 08:38:52,094 - INFO - Epoch 19 [310/1217] - Loss: 0.1922
2026-05-02 08:38:55,212 - INFO - Epoch 19 [320/1217] - Loss: 0.1925
2026-05-02 08:38:58,464 - INFO - Epoch 19 [330/1217] - Loss: 0.1928
2026-05-02 08:39:01,728 - INFO - Epoch 19 [340/1217] - Loss: 0.1917
2026-05-02 08:39:04,947 - INFO - Epoch 19 [350/1217] - Loss: 0.1923
2026-05-02 08:39:08,223 - INFO - Epoch 19 [360/1217] - Loss: 0.1934
2026-05-02 08:39:11,513 - INFO - Epoch 19 [370/1217] - Loss: 0.1922
2026-05-02 08:39:14,800 - INFO - Epoch 19 [380/1217] - Loss: 0.1917
2026-05-02 08:39:18,047 - INFO - Epoch 19 [390/1217] - Loss: 0.1918
2026-05-02 08:39:21,208 - INFO - Epoch 19 [400/1217] - Loss: 0.1914
2026-05-02 08:39:24,518 - INFO - Epoch 19 [410/1217] - Loss: 0.1923
2026-05-02 08:39:27,704 - INFO - Epoch 19 [420/1217] - Loss: 0.1923
2026-05-02 08:39:30,888 - INFO - Epoch 19 [430/1217] - Loss: 0.1928
2026-05-02 08:39:34,093 - INFO - Epoch 19 [440/1217] - Loss: 0.1920
2026-05-02 08:39:37,359 - INFO - Epoch 19 [450/1217] - Loss: 0.1934
2026-05-02 08:39:40,596 - INFO - Epoch 19 [460/1217] - Loss: 0.1928
2026-05-02 08:39:43,799 - INFO - Epoch 19 [470/1217] - Loss: 0.1925
2026-05-02 08:39:47,036 - INFO - Epoch 19 [480/1217] - Loss: 0.1912
2026-05-02 08:39:50,334 - INFO - Epoch 19 [490/1217] - Loss: 0.1908
2026-05-02 08:39:53,620 - INFO - Epoch 19 [500/1217] - Loss: 0.1895
2026-05-02 08:39:56,788 - INFO - Epoch 19 [510/1217] - Loss: 0.1889
2026-05-02 08:40:00,038 - INFO - Epoch 19 [520/1217] - Loss: 0.1883
2026-05-02 08:40:03,141 - INFO - Epoch 19 [530/1217] - Loss: 0.1870
2026-05-02 08:40:06,422 - INFO - Epoch 19 [540/1217] - Loss: 0.1865
2026-05-02 08:40:09,739 - INFO - Epoch 19 [550/1217] - Loss: 0.1850
2026-05-02 08:40:12,997 - INFO - Epoch 19 [560/1217] - Loss: 0.1844
2026-05-02 08:40:16,245 - INFO - Epoch 19 [570/1217] - Loss: 0.1835
2026-05-02 08:40:19,541 - INFO - Epoch 19 [580/1217] - Loss: 0.1844
2026-05-02 08:40:22,817 - INFO - Epoch 19 [590/1217] - Loss: 0.1844
2026-05-02 08:40:26,130 - INFO - Epoch 19 [600/1217] - Loss: 0.1856
2026-05-02 08:40:29,198 - INFO - Epoch 19 [610/1217] - Loss: 0.1847
2026-05-02 08:40:32,470 - INFO - Epoch 19 [620/1217] - Loss: 0.1841
2026-05-02 08:40:35,612 - INFO - Epoch 19 [630/1217] - Loss: 0.1842
2026-05-02 08:40:38,905 - INFO - Epoch 19 [640/1217] - Loss: 0.1834
2026-05-02 08:40:42,211 - INFO - Epoch 19 [650/1217] - Loss: 0.1827
2026-05-02 08:40:45,421 - INFO - Epoch 19 [660/1217] - Loss: 0.1831
2026-05-02 08:40:48,609 - INFO - Epoch 19 [670/1217] - Loss: 0.1827
2026-05-02 08:40:51,869 - INFO - Epoch 19 [680/1217] - Loss: 0.1818
2026-05-02 08:40:55,093 - INFO - Epoch 19 [690/1217] - Loss: 0.1811
2026-05-02 08:40:58,259 - INFO - Epoch 19 [700/1217] - Loss: 0.1805
2026-05-02 08:41:01,582 - INFO - Epoch 19 [710/1217] - Loss: 0.1803
2026-05-02 08:41:04,564 - INFO - Epoch 19 [720/1217] - Loss: 0.1807
2026-05-02 08:41:07,786 - INFO - Epoch 19 [730/1217] - Loss: 0.1818
2026-05-02 08:41:11,027 - INFO - Epoch 19 [740/1217] - Loss: 0.1809
2026-05-02 08:41:14,183 - INFO - Epoch 19 [750/1217] - Loss: 0.1801
2026-05-02 08:41:17,466 - INFO - Epoch 19 [760/1217] - Loss: 0.1794
2026-05-02 08:41:20,716 - INFO - Epoch 19 [770/1217] - Loss: 0.1789
2026-05-02 08:41:23,944 - INFO - Epoch 19 [780/1217] - Loss: 0.1782
2026-05-02 08:41:27,186 - INFO - Epoch 19 [790/1217] - Loss: 0.1804
2026-05-02 08:41:30,410 - INFO - Epoch 19 [800/1217] - Loss: 0.1824
2026-05-02 08:41:33,673 - INFO - Epoch 19 [810/1217] - Loss: 0.1818
2026-05-02 08:41:36,834 - INFO - Epoch 19 [820/1217] - Loss: 0.1814
2026-05-02 08:41:40,101 - INFO - Epoch 19 [830/1217] - Loss: 0.1809
2026-05-02 08:41:43,351 - INFO - Epoch 19 [840/1217] - Loss: 0.1805
2026-05-02 08:41:46,505 - INFO - Epoch 19 [850/1217] - Loss: 0.1800
2026-05-02 08:41:49,756 - INFO - Epoch 19 [860/1217] - Loss: 0.1796
2026-05-02 08:41:52,933 - INFO - Epoch 19 [870/1217] - Loss: 0.1808
2026-05-02 08:41:56,183 - INFO - Epoch 19 [880/1217] - Loss: 0.1802
2026-05-02 08:41:59,364 - INFO - Epoch 19 [890/1217] - Loss: 0.1802
2026-05-02 08:42:02,476 - INFO - Epoch 19 [900/1217] - Loss: 0.1798
2026-05-02 08:42:05,550 - INFO - Epoch 19 [910/1217] - Loss: 0.1792
2026-05-02 08:42:08,779 - INFO - Epoch 19 [920/1217] - Loss: 0.1790
2026-05-02 08:42:12,069 - INFO - Epoch 19 [930/1217] - Loss: 0.1791
2026-05-02 08:42:15,289 - INFO - Epoch 19 [940/1217] - Loss: 0.1800
2026-05-02 08:42:18,530 - INFO - Epoch 19 [950/1217] - Loss: 0.1795
2026-05-02 08:42:21,793 - INFO - Epoch 19 [960/1217] - Loss: 0.1787
2026-05-02 08:42:25,055 - INFO - Epoch 19 [970/1217] - Loss: 0.1784
2026-05-02 08:42:28,332 - INFO - Epoch 19 [980/1217] - Loss: 0.1783
2026-05-02 08:42:31,555 - INFO - Epoch 19 [990/1217] - Loss: 0.1778
2026-05-02 08:42:34,766 - INFO - Epoch 19 [1000/1217] - Loss: 0.1773
2026-05-02 08:42:37,820 - INFO - Epoch 19 [1010/1217] - Loss: 0.1765
2026-05-02 08:42:40,991 - INFO - Epoch 19 [1020/1217] - Loss: 0.1764
2026-05-02 08:42:44,244 - INFO - Epoch 19 [1030/1217] - Loss: 0.1761
2026-05-02 08:42:47,511 - INFO - Epoch 19 [1040/1217] - Loss: 0.1760
2026-05-02 08:42:50,724 - INFO - Epoch 19 [1050/1217] - Loss: 0.1764
2026-05-02 08:42:53,926 - INFO - Epoch 19 [1060/1217] - Loss: 0.1767
2026-05-02 08:42:57,214 - INFO - Epoch 19 [1070/1217] - Loss: 0.1764
2026-05-02 08:43:00,472 - INFO - Epoch 19 [1080/1217] - Loss: 0.1763
2026-05-02 08:43:03,757 - INFO - Epoch 19 [1090/1217] - Loss: 0.1763
2026-05-02 08:43:07,087 - INFO - Epoch 19 [1100/1217] - Loss: 0.1760
2026-05-02 08:43:10,346 - INFO - Epoch 19 [1110/1217] - Loss: 0.1761
2026-05-02 08:43:13,539 - INFO - Epoch 19 [1120/1217] - Loss: 0.1762
2026-05-02 08:43:16,752 - INFO - Epoch 19 [1130/1217] - Loss: 0.1765
2026-05-02 08:43:20,008 - INFO - Epoch 19 [1140/1217] - Loss: 0.1762
2026-05-02 08:43:23,238 - INFO - Epoch 19 [1150/1217] - Loss: 0.1764
2026-05-02 08:43:26,475 - INFO - Epoch 19 [1160/1217] - Loss: 0.1768
2026-05-02 08:43:29,779 - INFO - Epoch 19 [1170/1217] - Loss: 0.1782
2026-05-02 08:43:33,061 - INFO - Epoch 19 [1180/1217] - Loss: 0.1778
2026-05-02 08:43:36,287 - INFO - Epoch 19 [1190/1217] - Loss: 0.1774
2026-05-02 08:43:39,562 - INFO - Epoch 19 [1200/1217] - Loss: 0.1770
2026-05-02 08:43:42,863 - INFO - Epoch 19 [1210/1217] - Loss: 0.1772
2026-05-02 08:44:55,189 - INFO - VAL Epoch 19 | Loss: 0.7317 | IoU: 0.8894 | Prec: 0.8524 | F1: 0.8680 | Acc: 0.7303 | MAPE_L: 5.54%
2026-05-02 08:44:55,189 - INFO -     [!] Early stopping triggered.
2026-05-02 08:44:55,678 - INFO - TRAINING COMPLETE!
